provincia,carretera,pk_inicio,pk_fin,imd_total,imd_pesado,porcentaje_pesados,tramo
Alicante/Alacant,AP-7,621.1,637.8,27876.0,2770.0,9.94,AP-7 (PK 621.1 a 637.8)
Alicante/Alacant,AP-7,608.0,621.1,31171.0,2693.0,8.64,AP-7 (PK 608.0 a 621.1)
Castellón,AP-7,406.4,425.5,36027.0,11062.0,30.7,AP-7 (PK 406.4 a 425.5)
Castellón,AP-7,391.4,406.4,34464.0,10964.0,31.81,AP-7 (PK 391.4 a 406.4)
Castellón,AP-7,365.6,391.4,34592.0,12024.0,34.76,AP-7 (PK 365.6 a 391.4)
Castellón,AP-7,346.2,365.6,28573.0,10661.0,37.31,AP-7 (PK 346.2 a 365.6)
Castellón,AP-7,344.98,346.2,30283.0,10288.0,33.97,AP-7 (PK 344.98 a 346.2)
Tarragona,AP-7,321.6,344.98,30283.0,10288.0,33.97,AP-7 (PK 321.6 a 344.98)
Tarragona,AP-7,318.8,321.6,32209.0,10653.0,33.07,AP-7 (PK 318.8 a 321.6)
Tarragona,AP-7,308.4,318.8,38359.0,11139.0,29.04,AP-7 (PK 308.4 a 318.8)
Tarragona,AP-7,297.1,308.4,38987.0,11194.0,28.71,AP-7 (PK 297.1 a 308.4)
Tarragona,AP-7,280.6,297.1,38918.0,11117.0,28.57,AP-7 (PK 280.6 a 297.1)
Tarragona,AP-7,264.7,280.6,33607.0,9703.0,28.87,AP-7 (PK 264.7 a 280.6)
Huesca,AP-2,113.9,120.5,22672.0,9037.0,39.86,AP-2 (PK 113.9 a 120.5)
Lleida,AP-2,120.5,126.9,22672.0,9037.0,39.86,AP-2 (PK 120.5 a 126.9)
Lleida,AP-2,160.4,172.4,21836.0,6892.0,31.56,AP-2 (PK 160.4 a 172.4)
Lleida,AP-2,126.9,140.0,20276.0,7375.0,36.37,AP-2 (PK 126.9 a 140.0)
Lleida,AP-2,140.0,160.4,20322.0,6711.0,33.02,AP-2 (PK 140.0 a 160.4)
Tarragona,AP-7,256.6,264.7,36428.0,9988.0,27.42,AP-7 (PK 256.6 a 264.7)
Tarragona,AP-7,251.4,256.6,46657.0,11037.0,23.66,AP-7 (PK 251.4 a 256.6)
Tarragona,AP-7,246.7,251.4,57599.0,12570.0,21.82,AP-7 (PK 246.7 a 251.4)
Tarragona,AP-2,181.1,192.7,21517.0,6880.0,31.97,AP-2 (PK 181.1 a 192.7)
Lleida,AP-2,172.4,181.1,21517.0,6880.0,31.97,AP-2 (PK 172.4 a 181.1)
Tarragona,AP-2,192.7,206.2,15722.0,4973.0,31.63,AP-2 (PK 192.7 a 206.2)
Tarragona,AP-7,231.7,246.7,66489.0,14042.0,21.12,AP-7 (PK 231.7 a 246.7)
Tarragona,AP-2,214.8,228.5,20118.0,6137.0,30.51,AP-2 (PK 214.8 a 228.5)
Tarragona,AP-7,219.4,231.7,72146.0,14816.0,20.54,AP-7 (PK 219.4 a 231.7)
Tarragona,AP-2,228.5,234.06,23666.0,6592.0,27.85,AP-2 (PK 228.5 a 234.06)
Tarragona,AP-7,212.2,219.4,61727.0,12940.0,20.96,AP-7 (PK 212.2 a 219.4)
Tarragona,AP-7,207.27,212.2,75880.0,18419.0,24.27,AP-7 (PK 207.27 a 212.2)
Tarragona,AP-2,206.2,214.8,16207.0,5098.0,31.46,AP-2 (PK 206.2 a 214.8)
Barcelona,AP-7,199.0,207.27,71503.0,17866.0,24.99,AP-7 (PK 199.0 a 207.27)
Barcelona,AP-7,195.0,199.0,68637.0,18326.0,26.7,AP-7 (PK 195.0 a 199.0)
Barcelona,AP-7,193.1,194118,82684.0,17909.0,21.66,AP-7 (PK 193.1 a 194.118)
Barcelona,AP-7,194118,195.0,68637.0,18326.0,26.7,AP-7 (PK 194.118 a 195.0)
Barcelona,AP-7,183.3,193.1,96944.0,20263.0,20.9,AP-7 (PK 183.3 a 193.1)
Barcelona,AP-7,176.1,183.3,102140.0,20985.0,20.55,AP-7 (PK 176.1 a 183.3)
Barcelona,AP-7,170.8,176.1,107732.0,21506.0,19.96,AP-7 (PK 170.8 a 176.1)
Barcelona,AP-7,161.6,170.8,104918.0,20087.0,19.15,AP-7 (PK 161.6 a 170.8)
Barcelona,AP-7,158.4,161.6,160656.0,29854.0,18.58,AP-7 (PK 158.4 a 161.6)
Barcelona,AP-7,154.1,158.4,100778.0,24849.0,24.66,AP-7 (PK 154.1 a 158.4)
Barcelona,AP-7,149.7,154.1,118423.0,26454.0,22.34,AP-7 (PK 149.7 a 154.1)
Barcelona,AP-7,147.4,149.7,92492.0,24248.0,26.22,AP-7 (PK 147.4 a 149.7)
Barcelona,AP-7,146.0,147.4,154194.0,28691.0,18.61,AP-7 (PK 146.0 a 147.4)
Barcelona,AP-7,143.4,146.0,152643.0,28572.0,18.72,AP-7 (PK 143.4 a 146.0)
Barcelona,AP-7,141.1,143.4,146844.0,28209.0,19.21,AP-7 (PK 141.1 a 143.4)
Barcelona,AP-7,138.5,139.3,132777.0,24343.0,18.33,AP-7 (PK 138.5 a 139.3)
Barcelona,AP-7,139.3,141.1,134468.0,25200.0,18.74,AP-7 (PK 139.3 a 141.1)
Barcelona,AP-7,136.2,138.5,96684.0,20592.0,21.3,AP-7 (PK 136.2 a 138.5)
Barcelona,AP-7,135.9,136.2,96684.0,20592.0,21.3,AP-7 (PK 135.9 a 136.2)
Barcelona,AP-7,126.0,132.6,111470.0,20373.0,18.28,AP-7 (PK 126.0 a 132.6)
Barcelona,AP-7,132.6,135.9,126006.0,20632.0,16.37,AP-7 (PK 132.6 a 135.9)
Barcelona,AP-7,124.4,126.0,104787.0,18124.0,17.3,AP-7 (PK 124.4 a 126.0)
Barcelona,AP-7,111.3,124.4,84702.0,16635.0,19.64,AP-7 (PK 111.3 a 124.4)
Barcelona,AP-7,95.1,111.3,71330.0,16630.0,23.31,AP-7 (PK 95.1 a 111.3)
Barcelona,AP-7,92.6,95.1,69790.0,15843.0,22.7,AP-7 (PK 92.6 a 95.1)
Girona,AP-7,84.4,92.6,69790.0,15843.0,22.7,AP-7 (PK 84.4 a 92.6)
Girona,AP-7,71.2,84.4,49864.0,13585.0,27.24,AP-7 (PK 71.2 a 84.4)
Girona,AP-7,66.5,71.2,51819.0,13631.0,26.31,AP-7 (PK 66.5 a 71.2)
Girona,AP-7,64.1,66.5,82047.0,17843.0,21.75,AP-7 (PK 64.1 a 66.5)
Girona,AP-7,59.3,64.1,90098.0,17823.0,19.78,AP-7 (PK 59.3 a 64.1)
Girona,AP-7,54.4,59.3,80519.0,17372.0,21.58,AP-7 (PK 54.4 a 59.3)
Girona,AP-7,40.2,48.0,51682.0,14706.0,28.45,AP-7 (PK 40.2 a 48.0)
Girona,AP-7,48.0,54.4,55635.0,15449.0,27.77,AP-7 (PK 48.0 a 54.4)
Girona,AP-7,28.5,40.2,47646.0,14924.0,31.32,AP-7 (PK 28.5 a 40.2)
Girona,AP-7,20.2,28.5,34238.0,13123.0,38.33,AP-7 (PK 20.2 a 28.5)
Girona,AP-7,6.5,20.2,41123.0,13180.0,32.05,AP-7 (PK 6.5 a 20.2)
Girona,AP-7,0.0,3.3,43240.0,13019.0,30.11,AP-7 (PK 0.0 a 3.3)
Girona,AP-7,3.3,6.5,36550.0,11928.0,32.63,AP-7 (PK 3.3 a 6.5)
Palencia,A-62,48.08,48.5,16567.0,5604.0,33.83,A-62 (PK 48.08 a 48.5)
Huesca,N-260,432.3,432.6,1882.0,92.0,4.89,N-260 (PK 432.3 a 432.6)
Córdoba,N-432,297.8,306.5,4703.0,313.0,6.66,N-432 (PK 297.8 a 306.5)
Pontevedra,N-554,2.3,2.4,8886.0,439.0,4.94,N-554 (PK 2.3 a 2.4)
Segovia,N-601,135.4,135.61,2715.0,1090.0,40.15,N-601 (PK 135.4 a 135.61)
Palencia,N-622,73.7,73.84,411.0,76.0,18.49,N-622 (PK 73.7 a 73.84)
Toledo,A-4,52.0,52.2,44839.0,10329.0,23.04,A-4 (PK 52.0 a 52.2)
León,A-6,276.4,277.0,7908.0,1796.0,22.71,A-6 (PK 276.4 a 277.0)
Zaragoza,N-122,63.0,63.1,6692.0,1513.0,22.61,N-122 (PK 63.0 a 63.1)
Albacete,N-301,303117,303.3,4097.0,203.0,4.95,N-301 (PK 303.117 a 303.3)
Valencia,N-322,425.6,425.7,1134.0,191.0,16.84,N-322 (PK 425.6 a 425.7)
Toledo,N-401A,49997,50296,2724.0,306.0,11.23,N-401A (PK 49.997 a 50.296)
Cuenca,N-420,346.5,346.6,776.0,87.0,11.21,N-420 (PK 346.5 a 346.6)
Jaén,N-432A,358.8,359.0,1612.0,52.0,3.23,N-432A (PK 358.8 a 359.0)
Cáceres,N-521,77.1,80.7,1587.0,194.0,12.22,N-521 (PK 77.1 a 80.7)
Pontevedra,N-525,275.9,276.0,2046.0,162.0,7.92,N-525 (PK 275.9 a 276.0)
León,N-536,15.0,15.1,1500.0,52.0,3.47,N-536 (PK 15.0 a 15.1)
Pontevedra,N-541,54.7,54.8,2008.0,206.0,10.26,N-541 (PK 54.7 a 54.8)
A Coruña,N-550,68.62,69.0,22103.0,746.0,3.38,N-550 (PK 68.62 a 69.0)
León,N-6,335.7,336.6,390.0,33.0,8.46,N-6 (PK 335.7 a 336.6)
Lugo,N-6,516.3,516.5,2514.0,332.0,13.21,N-6 (PK 516.3 a 516.5)
Palencia,N-611,59.7,59.9,705.0,137.0,19.43,N-611 (PK 59.7 a 59.9)
León,N-621,8.76,9.0,1524.0,52.0,3.41,N-621 (PK 8.76 a 9.0)
Salamanca,N-630,423.49,423.6,461.0,47.0,10.2,N-630 (PK 423.49 a 423.6)
Asturias,N-634,373.2,373.3,7699.0,377.0,4.9,N-634 (PK 373.2 a 373.3)
Pontevedra,N-640,186.8,187.0,4133.0,252.0,6.1,N-640 (PK 186.8 a 187.0)
Ávila,A-6,123.6,124.24,18350.0,2872.0,15.65,A-6 (PK 123.6 a 124.24)
Lleida,LL-12,0.0,0.2,17198.0,3564.0,20.72,LL-12 (PK 0.0 a 0.2)
Ávila,N-110,346.4,347.0,2316.0,176.0,7.6,N-110 (PK 346.4 a 347.0)
Teruel,N-211,178.1,178.3,1943.0,205.0,10.55,N-211 (PK 178.1 a 178.3)
La Rioja,N-232,384.0,384.1,5708.0,617.0,10.81,N-232 (PK 384.0 a 384.1)
Soria,N-234,320.6,321.4,1500.0,340.0,22.67,N-234 (PK 320.6 a 321.4)
Burgos,N-234,443.1,443.2,3810.0,545.0,14.3,N-234 (PK 443.1 a 443.2)
Jaén,N-323,37.98,38.0,10377.0,188.0,1.81,N-323 (PK 37.98 a 38.0)
Córdoba,N-432,346.0,346.2,4263.0,788.0,18.48,N-432 (PK 346.0 a 346.2)
Badajoz,N-432A,21.7,21.9,1710.0,178.0,10.41,N-432A (PK 21.7 a 21.9)
Zamora,N-525,76.4,76.7,1322.0,129.0,9.76,N-525 (PK 76.4 a 76.7)
Pontevedra,N-525,271.69,272.1,2046.0,162.0,7.92,N-525 (PK 271.69 a 272.1)
Lugo,N-540,13.2,13.4,4795.0,622.0,12.97,N-540 (PK 13.2 a 13.4)
Pontevedra,N-640,148.6,148.8,4115.0,578.0,14.05,N-640 (PK 148.6 a 148.8)
Pontevedra,PO-11,0.0,0.1,24227.0,1485.0,6.13,PO-11 (PK 0.0 a 0.1)
Ourense,A-56,48525,48.85,1397.0,193.0,13.82,A-56 (PK 48.525 a 48.85)
Ourense,A-56,48.85,49105,1397.0,193.0,13.82,A-56 (PK 48.85 a 49.105)
Huelva,H-30,0.0,0.3,14604.0,891.0,6.1,H-30 (PK 0.0 a 0.3)
Burgos,N-1,253.5,254.0,2738.0,724.0,26.44,N-1 (PK 253.5 a 254.0)
La Rioja,N-120,45883,46.35,3969.0,1513.0,38.12,N-120 (PK 45.883 a 46.35)
Girona,N-2,747.7,747.8,5730.0,328.0,5.72,N-2 (PK 747.7 a 747.8)
Huesca,N-240,204.5,205.0,12186.0,1438.0,11.8,N-240 (PK 204.5 a 205.0)
Huesca,N-260,432.6,433.6,1882.0,92.0,4.89,N-260 (PK 432.6 a 433.6)
Albacete,N-322A,406.1,406.3,1569.0,52.0,3.31,N-322A (PK 406.1 a 406.3)
Tarragona,N-340A,1203479,1203845,136.0,11.0,8.09,N-340A (PK 1203.479 a 1203.845)
Córdoba,N-4,424.3,424.6,3195.0,307.0,9.61,N-4 (PK 424.3 a 424.6)
Toledo,N-400,24.2,24.32,8098.0,912.0,11.26,N-400 (PK 24.2 a 24.32)
Ávila,N-403,82.9,83.2,5593.0,270.0,4.83,N-403 (PK 82.9 a 83.2)
Badajoz,N-430,92.0,92.2,8392.0,1360.0,16.21,N-430 (PK 92.0 a 92.2)
Córdoba,N-432,315.2,315.4,3783.0,505.0,13.35,N-432 (PK 315.2 a 315.4)
Ourense,N-525,260.6,260.9,2550.0,203.0,7.96,N-525 (PK 260.6 a 260.9)
Lugo,N-540,21.1,21.5,4742.0,682.0,14.38,N-540 (PK 21.1 a 21.5)
Pontevedra,N-550A,98.2,98.4,5544.0,494.0,8.91,N-550A (PK 98.2 a 98.4)
A Coruña,N-6,576.6,576.8,15162.0,1754.0,11.57,N-6 (PK 576.6 a 576.8)
A Coruña,N-6,579.4,579.6,15162.0,1754.0,11.57,N-6 (PK 579.4 a 579.6)
A Coruña,N-6,579.6,580.0,15162.0,1754.0,11.57,N-6 (PK 579.6 a 580.0)
Valladolid,N-601,233.2,233.7,5823.0,677.0,11.63,N-601 (PK 233.2 a 233.7)
León,N-601,292.0,292.2,2478.0,426.0,17.19,N-601 (PK 292.0 a 292.2)
León,N-601,310.5,310.8,4172.0,214.0,5.13,N-601 (PK 310.5 a 310.8)
León,N-601,315.5,315.8,3887.0,175.0,4.5,N-601 (PK 315.5 a 315.8)
Palencia,N-622,89.0,89.23,683.0,127.0,18.59,N-622 (PK 89.0 a 89.23)
Palencia,N-627,68.1,68.7,298.0,46.0,15.44,N-627 (PK 68.1 a 68.7)
Palencia,N-627,72.1,72.3,298.0,46.0,15.44,N-627 (PK 72.1 a 72.3)
León,N-630,87.11,87.6,2457.0,172.0,7.0,N-630 (PK 87.11 a 87.6)
Asturias,N-634,484.6,484.7,369.0,116.0,31.44,N-634 (PK 484.6 a 484.7)
Lugo,N-634,560.2,560.8,6234.0,290.0,4.65,N-634 (PK 560.2 a 560.8)
A Coruña,N-6A,583.06,583.1,5128.0,559.0,10.9,N-6A (PK 583.06 a 583.1)
León,A-60,103.38,104.4,7023.0,1440.0,20.5,A-60 (PK 103.38 a 104.4)
Asturias,A-64,26.3,26.8,31569.0,1532.0,4.85,A-64 (PK 26.3 a 26.8)
A Coruña,AC-11,2.1,2.6,115483.0,5237.0,4.53,AC-11 (PK 2.1 a 2.6)
Badajoz,BA-20,7.0,7.69,25501.0,1149.0,4.51,BA-20 (PK 7.0 a 7.69)
León,LE-11,1.35,1.9,15852.0,727.0,4.59,LE-11 (PK 1.35 a 1.9)
Burgos,N-1,329.4,330.3,632.0,203.0,32.12,N-1 (PK 329.4 a 330.3)
Ávila,N-110,324.5,324.6,1832.0,139.0,7.59,N-110 (PK 324.5 a 324.6)
Zamora,N-122,493.7,494.2,3846.0,1076.0,27.98,N-122 (PK 493.7 a 494.2)
Guadalajara,N-211,66.5,66.9,2168.0,474.0,21.86,N-211 (PK 66.5 a 66.9)
Teruel,N-211,107.8,108.45,2538.0,505.0,19.9,N-211 (PK 107.8 a 108.45)
Teruel,N-232,140.3,141.0,5668.0,599.0,10.57,N-232 (PK 140.3 a 141.0)
La Rioja,N-232,330875,331.9,10309.0,1509.0,14.64,N-232 (PK 330.875 a 331.9)
Ciudad Real,N-310,53.2,53.3,2826.0,336.0,11.89,N-310 (PK 53.2 a 53.3)
Zaragoza,N-330,420.2,420.4,333.0,125.0,37.54,N-330 (PK 420.2 a 420.4)
Huesca,N-330,537.9,538.6,368.0,48.0,13.04,N-330 (PK 537.9 a 538.6)
Tarragona,N-340,1058.41,1058.45,6476.0,382.0,5.9,N-340 (PK 1058.41 a 1058.45)
Córdoba,N-432,340.8,341.0,5505.0,930.0,16.89,N-432 (PK 340.8 a 341.0)
León,N-6,317.0,317.3,1843.0,188.0,10.2,N-6 (PK 317.0 a 317.3)
León,N-601,279.1,279.3,2710.0,487.0,17.97,N-601 (PK 279.1 a 279.3)
Palencia,N-611,68.9,69.2,705.0,137.0,19.43,N-611 (PK 68.9 a 69.2)
Burgos,N-620A,21.5,21.6,1773.0,274.0,15.45,N-620A (PK 21.5 a 21.6)
León,N-621,75.3,75.5,1336.0,89.0,6.66,N-621 (PK 75.3 a 75.5)
Burgos,N-627,68.0,68.1,298.0,61.0,20.47,N-627 (PK 68.0 a 68.1)
Cáceres,N-630A,472.1,472395,8071.0,119.0,1.47,N-630A (PK 472.1 a 472.395)
Lugo,N-634,611.9,612.2,2669.0,171.0,6.41,N-634 (PK 611.9 a 612.2)
Lugo,N-640,13.3,13.4,2537.0,451.0,17.78,N-640 (PK 13.3 a 13.4)
Pontevedra,PO-10,1.0,1667,32557.0,2096.0,6.44,PO-10 (PK 1.0 a 1.667)
Málaga,A-7,1047.0,1047.25,80152.0,6423.0,8.01,A-7 (PK 1047.0 a 1047.25)
Toledo,A-42,48.3,48.9,44427.0,4384.0,9.87,A-42 (PK 48.3 a 48.9)
Pontevedra,A-55,7.3,7.9,64322.0,4315.0,6.71,A-55 (PK 7.3 a 7.9)
Ávila,A-6,122.9,123.6,18350.0,2872.0,15.65,A-6 (PK 122.9 a 123.6)
Burgos,A-73,62.05,63.0,3309.0,799.0,24.15,A-73 (PK 62.05 a 63.0)
Murcia,CT-32,2.63,3.1,27346.0,5358.0,19.59,CT-32 (PK 2.63 a 3.1)
Segovia,N-110,150.4,150.6,2423.0,263.0,10.85,N-110 (PK 150.4 a 150.6)
Teruel,N-211,226.7,226.9,2217.0,269.0,12.13,N-211 (PK 226.7 a 226.9)
Burgos,N-232,486.6,487.0,977.0,154.0,15.76,N-232 (PK 486.6 a 487.0)
Zaragoza,N-234,290.3,290.6,1463.0,241.0,16.47,N-234 (PK 290.3 a 290.6)
Huesca,N-240,316.7,316.79,2556.0,301.0,11.78,N-240 (PK 316.7 a 316.79)
Girona,N-260,61.1,61.45,7592.0,627.0,8.26,N-260 (PK 61.1 a 61.45)
Zaragoza,N-2A,326.18,326.35,19038.0,1151.0,6.05,N-2A (PK 326.18 a 326.35)
Cuenca,N-310,145.0,145.6,1842.0,206.0,11.18,N-310 (PK 145.0 a 145.6)
Toledo,N-400,88.0,88.3,1678.0,188.0,11.2,N-400 (PK 88.0 a 88.3)
Ávila,N-403,82825,82.9,5593.0,270.0,4.83,N-403 (PK 82.825 a 82.9)
Ciudad Real,N-430,285.0,285.7,2972.0,633.0,21.3,N-430 (PK 285.0 a 285.7)
Cáceres,N-5,195.7,196.0,2642.0,211.0,7.99,N-5 (PK 195.7 a 196.0)
Ourense,N-540,68.87,69.2,2682.0,217.0,8.09,N-540 (PK 68.87 a 69.2)
A Coruña,N-550,17.3,17.5,13891.0,667.0,4.8,N-550 (PK 17.3 a 17.5)
Pontevedra,N-551,1.82,2.0,4014.0,40.0,1.0,N-551 (PK 1.82 a 2.0)
Cantabria,N-611A,131.65,131.95,25.0,1.0,4.0,N-611A (PK 131.65 a 131.95)
Cáceres,N-630,454.0,454.4,480.0,50.0,10.42,N-630 (PK 454.0 a 454.4)
Badajoz,N-630,702.5,702.7,1527.0,103.0,6.75,N-630 (PK 702.5 a 702.7)
Sevilla,N-630,805.2,805.73,3620.0,312.0,8.62,N-630 (PK 805.2 a 805.73)
Lugo,N-634,567.4,567.9,6234.0,290.0,4.65,N-634 (PK 567.4 a 567.9)
Lugo,N-634,613.2,613.6,2669.0,171.0,6.41,N-634 (PK 613.2 a 613.6)
Asturias,N-640,11.8,11.9,4752.0,471.0,9.91,N-640 (PK 11.8 a 11.9)
Lugo,N-642,0.0,0.2,3020.0,146.0,4.83,N-642 (PK 0.0 a 0.2)
Castellón,A-7,292.6,292.89,29785.0,4554.0,15.29,A-7 (PK 292.6 a 292.89)
Jaén,A-4,257.2,257.6,31844.0,7394.0,23.22,A-4 (PK 257.2 a 257.6)
Cáceres,A-5,183.6,184.7,17045.0,3215.0,18.86,A-5 (PK 183.6 a 184.7)
Madrid,A-5R,2.1,2.3,131389.0,5794.0,4.41,A-5R (PK 2.1 a 2.3)
León,A-6,277.0,277.8,7819.0,1834.0,23.46,A-6 (PK 277.0 a 277.8)
Asturias,A-63,0.34,0.5,23464.0,1206.0,5.14,A-63 (PK 0.34 a 0.5)
Burgos,N-1,202.7,202.8,4736.0,1037.0,21.9,N-1 (PK 202.7 a 202.8)
La Rioja,N-120,24.76,24.9,1456.0,113.0,7.76,N-120 (PK 24.76 a 24.9)
León,N-120,313.2,314.0,16337.0,2397.0,14.67,N-120 (PK 313.2 a 314.0)
León,N-120,334.0,334.6,9857.0,1446.0,14.67,N-120 (PK 334.0 a 334.6)
Zaragoza,N-2,391.1,391.2,1907.0,903.0,47.35,N-2 (PK 391.1 a 391.2)
La Rioja,N-232,360.6,361.1,9116.0,1077.0,11.81,N-232 (PK 360.6 a 361.1)
La Rioja,N-232,395.1,395.3,10536.0,1021.0,9.69,N-232 (PK 395.1 a 395.3)
La Rioja,N-232,459.0,460.5,3889.0,752.0,19.34,N-232 (PK 459.0 a 460.5)
Burgos,N-232,561.3,561.4,1058.0,78.0,7.37,N-232 (PK 561.3 a 561.4)
Girona,N-260,50.65,51.32,7592.0,628.0,8.27,N-260 (PK 50.65 a 51.32)
Jaén,N-322,152.6,153.2,10601.0,589.0,5.56,N-322 (PK 152.6 a 153.2)
Albacete,N-322,381.4,381.7,3202.0,558.0,17.43,N-322 (PK 381.4 a 381.7)
Granada,N-323A,169.13,169.28,194.0,34.0,17.53,N-323A (PK 169.13 a 169.28)
Valencia,N-330,99056,99.8,2600.0,202.0,7.77,N-330 (PK 99.056 a 99.8)
Valencia,N-330,124.6,124.7,1875.0,113.0,6.03,N-330 (PK 124.6 a 124.7)
Zaragoza,N-330,428.5,428.8,333.0,125.0,37.54,N-330 (PK 428.5 a 428.8)
Huesca,N-330,617.0,617.2,7587.0,658.0,8.67,N-330 (PK 617.0 a 617.2)
Cuenca,N-400,94.7,95.06,1678.0,188.0,11.2,N-400 (PK 94.7 a 95.06)
Ávila,N-403,149.8,150.2,4445.0,333.0,7.49,N-403 (PK 149.8 a 150.2)
Cuenca,N-420,473.2,473.7,1120.0,191.0,17.05,N-420 (PK 473.2 a 473.7)
Badajoz,N-502,243.1,243.5,1777.0,246.0,13.84,N-502 (PK 243.1 a 243.5)
Ciudad Real,N-502A,280.2,280.5,571.0,50.0,8.76,N-502A (PK 280.2 a 280.5)
Zamora,N-525,67.5,68.7,771.0,74.0,9.6,N-525 (PK 67.5 a 68.7)
Ourense,N-525,120.0,120.2,1787.0,173.0,9.68,N-525 (PK 120.0 a 120.2)
Ourense,N-525,249.0,249.2,7794.0,487.0,6.25,N-525 (PK 249.0 a 249.2)
Pontevedra,N-550A,98.7,99.0,5544.0,494.0,8.91,N-550A (PK 98.7 a 99.0)
León,N-6,344.9,345.6,390.0,33.0,8.46,N-6 (PK 344.9 a 345.6)
A Coruña,N-6,576.2,576.6,15162.0,1754.0,11.57,N-6 (PK 576.2 a 576.6)
A Coruña,N-6,579.0,579.4,15162.0,1754.0,11.57,N-6 (PK 579.0 a 579.4)
Cantabria,N-611A,129025,129425,409.0,14.0,3.42,N-611A (PK 129.025 a 129.425)
Burgos,N-622,47.85,48.5,1332.0,246.0,18.47,N-622 (PK 47.85 a 48.5)
Lugo,N-634,615.1,615.4,2669.0,171.0,6.41,N-634 (PK 615.1 a 615.4)
Pontevedra,N-640,196.0,197.0,4133.0,252.0,6.1,N-640 (PK 196.0 a 197.0)
Palencia,P-11,0.0,0.4,17526.0,948.0,5.41,P-11 (PK 0.0 a 0.4)
Zaragoza,Z-40,13.56,14.4,29098.0,2957.0,10.16,Z-40 (PK 13.56 a 14.4)
La Rioja,A-12,78167,78.9,30729.0,3624.0,11.79,A-12 (PK 78.167 a 78.9)
Madrid,A-2,20.1,21.3,183173.0,20702.0,11.3,A-2 (PK 20.1 a 21.3)
León,A-60,104.4,106.8,7023.0,1440.0,20.5,A-60 (PK 104.4 a 106.8)
Salamanca,A-62,355.0,355346,5553.0,2756.0,49.63,A-62 (PK 355.0 a 355.346)
Segovia,N-1,115.56,116.1,2632.0,207.0,7.86,N-1 (PK 115.56 a 116.1)
Burgos,N-1,202.2,202.7,4736.0,1037.0,21.9,N-1 (PK 202.2 a 202.7)
Burgos,N-1,243.08,243.48,300.0,54.0,18.0,N-1 (PK 243.08 a 243.48)
Ávila,N-110,336.2,336.4,2316.0,176.0,7.6,N-110 (PK 336.2 a 336.4)
Segovia,N-110A,96.6,97.0,1270.0,180.0,14.17,N-110A (PK 96.6 a 97.0)
Soria,N-111,186.6,186.7,92.0,8.0,8.7,N-111 (PK 186.6 a 186.7)
La Rioja,N-120,39.38,39.9,67.0,25.0,37.31,N-120 (PK 39.38 a 39.9)
Girona,N-2,759.49,759.7,14914.0,2030.0,13.61,N-2 (PK 759.49 a 759.7)
Teruel,N-211,193.6,193.8,1407.0,321.0,22.81,N-211 (PK 193.6 a 193.8)
Zaragoza,N-234,255.8,256.41,3663.0,401.0,10.95,N-234 (PK 255.8 a 256.41)
Girona,N-260,50.5,50.65,7592.0,628.0,8.27,N-260 (PK 50.5 a 50.65)
Girona,N-2A,722.0,722.2,4824.0,340.0,7.05,N-2A (PK 722.0 a 722.2)
Tarragona,N-420,878.8,879.52,41380.0,2081.0,5.03,N-420 (PK 878.8 a 879.52)
Cáceres,N-521,47387,47.8,6844.0,352.0,5.14,N-521 (PK 47.387 a 47.8)
A Coruña,N-550,17.2,17.3,13891.0,667.0,4.8,N-550 (PK 17.2 a 17.3)
Segovia,N-6,93.89,95.3,10594.0,1400.0,13.22,N-6 (PK 93.89 a 95.3)
León,N-6,291.6,291.7,885.0,65.0,7.34,N-6 (PK 291.6 a 291.7)
León,N-6,418.5,418.8,600.0,63.0,10.5,N-6 (PK 418.5 a 418.8)
León,N-6,418.8,418.9,600.0,63.0,10.5,N-6 (PK 418.8 a 418.9)
Burgos,N-627,63.0,63.8,298.0,61.0,20.47,N-627 (PK 63.0 a 63.8)
Cáceres,N-630,487.8,488.1,4496.0,424.0,9.43,N-630 (PK 487.8 a 488.1)
Asturias,N-634,418.6,418.7,2287.0,192.0,8.4,N-634 (PK 418.6 a 418.7)
Lugo,N-634,611.5,611.9,2669.0,171.0,6.41,N-634 (PK 611.5 a 611.9)
A Coruña,N-634,682.2,682.7,5374.0,1337.0,24.88,N-634 (PK 682.2 a 682.7)
Pontevedra,N-640,195.0,195.5,4133.0,252.0,6.1,N-640 (PK 195.0 a 195.5)
A Coruña,N-651,20.8,21.1,14710.0,626.0,4.26,N-651 (PK 20.8 a 21.1)
Pontevedra,PO-12,0.0,0.82,13135.0,1743.0,13.27,PO-12 (PK 0.0 a 0.82)
Sevilla,SE-30,22.2,22.45,76038.0,3306.0,4.35,SE-30 (PK 22.2 a 22.45)
Valladolid,VA-30,12.2,13.4,24845.0,3072.0,12.36,VA-30 (PK 12.2 a 13.4)
León,A-66R,152.34,152.96,280.0,46.0,16.43,A-66R (PK 152.34 a 152.96)
Burgos,A-11,112.4,112.9,4866.0,1653.0,33.97,A-11 (PK 112.4 a 112.9)
Ávila,A-6,110.5,111.3,18411.0,3910.0,21.24,A-6 (PK 110.5 a 111.3)
Valladolid,A-6,195.6,196.3,18882.0,3669.0,19.43,A-6 (PK 195.6 a 196.3)
Burgos,A-62,29.4,31.5,17067.0,5107.0,29.92,A-62 (PK 29.4 a 31.5)
Palencia,A-62,66.4,67.4,17799.0,5491.0,30.85,A-62 (PK 66.4 a 67.4)
Badajoz,A-66,656.9,658.8,20954.0,4685.0,22.36,A-66 (PK 656.9 a 658.8)
Burgos,A-73R,0.0,455,4808.0,1554.0,32.32,A-73R (PK 0.0 a 0.455)
Badajoz,BA-20,0.0,0.1,19398.0,763.0,3.93,BA-20 (PK 0.0 a 0.1)
Badajoz,BA-20,5.5,6.0,22439.0,1193.0,5.32,BA-20 (PK 5.5 a 6.0)
Ávila,N-110,328.4,328.9,1930.0,102.0,5.28,N-110 (PK 328.4 a 328.9)
La Rioja,N-113,64402,64.7,4653.0,2021.0,43.43,N-113 (PK 64.402 a 64.7)
León,N-120,239.7,240.4,192.0,19.0,9.9,N-120 (PK 239.7 a 240.4)
Ourense,N-120,569.3,569.67,9884.0,413.0,4.18,N-120 (PK 569.3 a 569.67)
La Rioja,N-120A,47.16,47929,3969.0,307.0,7.73,N-120A (PK 47.16 a 47.929)
Segovia,N-1A,98.7,99.3,1056.0,38.0,3.6,N-1A (PK 98.7 a 99.3)
Guadalajara,N-211,43.0,43.2,2653.0,483.0,18.21,N-211 (PK 43.0 a 43.2)
Castellón,N-232,60.8,61.2,4542.0,666.0,14.66,N-232 (PK 60.8 a 61.2)
Teruel,N-234,72.2,72.5,241.0,20.0,8.3,N-234 (PK 72.2 a 72.5)
Cuenca,N-3,199.2,199.4,2519.0,947.0,37.59,N-3 (PK 199.2 a 199.4)
Albacete,N-301,308.8,309.3,4097.0,203.0,4.95,N-301 (PK 308.8 a 309.3)
Albacete,N-322,275.0,275.4,2296.0,295.0,12.85,N-322 (PK 275.0 a 275.4)
Albacete,N-322,289.3,289.6,2296.0,295.0,12.85,N-322 (PK 289.3 a 289.6)
Huesca,N-330,538.6,539.4,368.0,48.0,13.04,N-330 (PK 538.6 a 539.4)
Huesca,N-330A,597.44,598.1,42.0,10.0,23.81,N-330A (PK 597.44 a 598.1)
Alicante/Alacant,N-340,699.5,699.7,7406.0,1063.0,14.35,N-340 (PK 699.5 a 699.7)
Almería,N-340A,566.9,567.1,4040.0,506.0,12.52,N-340A (PK 566.9 a 567.1)
Albacete,N-344,118.3,118.6,9893.0,3436.0,34.73,N-344 (PK 118.3 a 118.6)
Sevilla,N-4,585.5,595.1,3927.0,859.0,21.87,N-4 (PK 585.5 a 595.1)
Toledo,N-401A,54662,55163,2058.0,231.0,11.22,N-401A (PK 54.662 a 55.163)
Ciudad Real,N-420,144.7,145.1,5173.0,232.0,4.48,N-420 (PK 144.7 a 145.1)
Badajoz,N-430,153.5,154.3,3715.0,602.0,16.2,N-430 (PK 153.5 a 154.3)
Badajoz,N-435A,32.8,33.4,3268.0,408.0,12.48,N-435A (PK 32.8 a 33.4)
Badajoz,N-502,215.5,216.3,768.0,106.0,13.8,N-502 (PK 215.5 a 216.3)
Zamora,N-525,68.7,69.6,771.0,74.0,9.6,N-525 (PK 68.7 a 69.6)
Ourense,N-525,271.5,271.69,2046.0,162.0,7.92,N-525 (PK 271.5 a 271.69)
Pontevedra,N-550,84.7,85.0,14398.0,1117.0,7.76,N-550 (PK 84.7 a 85.0)
Pontevedra,N-550A,98.4,98.7,5544.0,494.0,8.91,N-550A (PK 98.4 a 98.7)
Ávila,N-6,103.2,103.7,8253.0,1703.0,20.63,N-6 (PK 103.2 a 103.7)
León,N-6,405.4,405.6,2165.0,91.0,4.2,N-6 (PK 405.4 a 405.6)
Lugo,N-6,441.1,441.4,405.0,30.0,7.41,N-6 (PK 441.1 a 441.4)
Badajoz,N-630,677.0,677.5,706.0,47.0,6.66,N-630 (PK 677.0 a 677.5)
Badajoz,N-630,730.1,730.4,134.0,24.0,17.91,N-630 (PK 730.1 a 730.4)
León,N-630A,142.51,142.9,16549.0,1742.0,10.53,N-630A (PK 142.51 a 142.9)
Asturias,N-634,283.3,283.5,1148.0,89.0,7.75,N-634 (PK 283.3 a 283.5)
Pontevedra,N-640,229.2,229.5,12263.0,1511.0,12.32,N-640 (PK 229.2 a 229.5)
Zamora,ZA-12,3.0,3785,5939.0,1250.0,21.05,ZA-12 (PK 3.0 a 3.785)
Málaga,A-7,988.8,989.0,52210.0,7407.0,14.19,A-7 (PK 988.8 a 989.0)
Madrid,A-2,38.1,38.76,110017.0,15747.0,14.31,A-2 (PK 38.1 a 38.76)
Zaragoza,A-2,339.3,340.0,34181.0,10403.0,30.44,A-2 (PK 339.3 a 340.0)
Teruel,A-23,62.48,62.7,14141.0,3755.0,26.55,A-23 (PK 62.48 a 62.7)
Huesca,A-23,423.5,424108,9850.0,589.0,5.98,A-23 (PK 423.5 a 424.108)
Cádiz,A-4,627.87,628.5,7514.0,963.0,12.82,A-4 (PK 627.87 a 628.5)
Córdoba,A-4R,0.0,1475,4636.0,949.0,20.47,A-4R (PK 0.0 a 1.475)
Badajoz,BA-20,3.7,4.3,18472.0,783.0,4.24,BA-20 (PK 3.7 a 4.3)
Córdoba,CO-32,0.0,0.8,16104.0,900.0,5.59,CO-32 (PK 0.0 a 0.8)
A Coruña,FE-13,3.2,3.67,16397.0,487.0,2.97,FE-13 (PK 3.2 a 3.67)
Granada,GR-43,8.6,8.7,9151.0,1523.0,16.64,GR-43 (PK 8.6 a 8.7)
León,LE-30,8.8,9938,14562.0,1078.0,7.4,LE-30 (PK 8.8 a 9.938)
Burgos,N-1,330.3,331.22,632.0,203.0,32.12,N-1 (PK 330.3 a 331.22)
Burgos,N-120,134.0,134.6,641.0,56.0,8.74,N-120 (PK 134.0 a 134.6)
Ourense,N-120,573.1,573.65,5359.0,396.0,7.39,N-120 (PK 573.1 a 573.65)
Ourense,N-120,582.0,582.3,3702.0,364.0,9.83,N-120 (PK 582.0 a 582.3)
Zaragoza,N-122,85.9,86.1,4955.0,1385.0,27.95,N-122 (PK 85.9 a 86.1)
Soria,N-122,214.1,214.2,2134.0,123.0,5.76,N-122 (PK 214.1 a 214.2)
Segovia,N-1A,99.3,100.0,1056.0,38.0,3.6,N-1A (PK 99.3 a 100.0)
Girona,N-2,730.2,730.7,3324.0,194.0,5.84,N-2 (PK 730.2 a 730.7)
Teruel,N-232,127.4,127.6,7279.0,886.0,12.17,N-232 (PK 127.4 a 127.6)
La Rioja,N-232,460.5,461.5,3889.0,752.0,19.34,N-232 (PK 460.5 a 461.5)
Huesca,N-240,160.4,160.8,6301.0,629.0,9.98,N-240 (PK 160.4 a 160.8)
Huesca,N-240,205.0,205.35,12186.0,1438.0,11.8,N-240 (PK 205.0 a 205.35)
Toledo,N-301,99.6,99.8,3462.0,1345.0,38.85,N-301 (PK 99.6 a 99.8)
Jaén,N-322,244.8,246.4,1523.0,200.0,13.13,N-322 (PK 244.8 a 246.4)
Granada,N-323A,88.1,88.5,1336.0,131.0,9.81,N-323A (PK 88.1 a 88.5)
Cuenca,N-400,145.5,145.6,76.0,3.0,3.95,N-400 (PK 145.5 a 145.6)
Ciudad Real,N-430C,305.8,306.0,5226.0,987.0,18.89,N-430C (PK 305.8 a 306.0)
Badajoz,N-432,127.0,127.5,3715.0,581.0,15.64,N-432 (PK 127.0 a 127.5)
Badajoz,N-432,130.2,130.7,3715.0,581.0,15.64,N-432 (PK 130.2 a 130.7)
Badajoz,N-432A,1.0,1.71,1484.0,71.0,4.78,N-432A (PK 1.0 a 1.71)
Ourense,N-525,130.6,131.1,1787.0,173.0,9.68,N-525 (PK 130.6 a 131.1)
Ourense,N-525,198.6,199.6,7751.0,422.0,5.44,N-525 (PK 198.6 a 199.6)
Pontevedra,N-525,303.3,303.5,9982.0,984.0,9.86,N-525 (PK 303.3 a 303.5)
León,N-536,20.5,21.0,4280.0,908.0,21.21,N-536 (PK 20.5 a 21.0)
Pontevedra,N-541,56.3,56.6,2008.0,206.0,10.26,N-541 (PK 56.3 a 56.6)
Pontevedra,N-550,128.3,128.8,20769.0,1289.0,6.21,N-550 (PK 128.3 a 128.8)
Pontevedra,N-550,147.0,147.4,9737.0,1129.0,11.59,N-550 (PK 147.0 a 147.4)
Pontevedra,N-551,1.68,1.82,4014.0,40.0,1.0,N-551 (PK 1.68 a 1.82)
León,N-6,316.3,317.0,1843.0,188.0,10.2,N-6 (PK 316.3 a 317.0)
Lugo,N-6,494.1,494.4,1535.0,209.0,13.62,N-6 (PK 494.1 a 494.4)
León,N-601,274.98,276.1,2710.0,487.0,17.97,N-601 (PK 274.98 a 276.1)
León,N-601,318.3,318.6,3887.0,175.0,4.5,N-601 (PK 318.3 a 318.6)
Segovia,N-603,78.0,78.7,5484.0,376.0,6.86,N-603 (PK 78.0 a 78.7)
Palencia,N-611,57.3,57.7,1199.0,209.0,17.43,N-611 (PK 57.3 a 57.7)
Burgos,N-627,66.9,68.0,298.0,61.0,20.47,N-627 (PK 66.9 a 68.0)
Palencia,N-627,70.7,72.1,298.0,46.0,15.44,N-627 (PK 70.7 a 72.1)
Badajoz,N-630,702.1,702.5,1527.0,103.0,6.75,N-630 (PK 702.1 a 702.5)
Asturias,N-632,123.8,124.0,3556.0,167.0,4.7,N-632 (PK 123.8 a 124.0)
Asturias,N-634,354.5,355.1,6141.0,341.0,5.55,N-634 (PK 354.5 a 355.1)
Asturias,N-634,355.1,355.9,6141.0,341.0,5.55,N-634 (PK 355.1 a 355.9)
Lugo,N-634,566.7,567.4,6234.0,290.0,4.65,N-634 (PK 566.7 a 567.4)
Lugo,N-634,612.2,613.2,2669.0,171.0,6.41,N-634 (PK 612.2 a 613.2)
Sevilla,SE-30,15.5,16.6,117088.0,8556.0,7.31,SE-30 (PK 15.5 a 16.6)
Murcia,A-7,578.0,578.4,49383.0,5968.0,12.09,A-7 (PK 578.0 a 578.4)
Almería,A-7,824.7,826.6,30225.0,3502.0,11.59,A-7 (PK 824.7 a 826.6)
Soria,A-11,64.8,71.6,3720.0,1637.0,44.01,A-11 (PK 64.8 a 71.6)
Lugo,A-6,539.7,540.46,19786.0,3495.0,17.66,A-6 (PK 539.7 a 540.46)
A Coruña,AC-11,3.4,4.17,67469.0,1507.0,2.23,AC-11 (PK 3.4 a 4.17)
A Coruña,AC-14,0.0,1.0,16311.0,477.0,2.92,AC-14 (PK 0.0 a 1.0)
Ávila,AV-20,6.0,6.5,6196.0,538.0,8.68,AV-20 (PK 6.0 a 6.5)
A Coruña,FE-12,0.0,0.8,20779.0,1278.0,6.15,FE-12 (PK 0.0 a 0.8)
Huelva,H-31,83.9,84664,40070.0,2512.0,6.27,H-31 (PK 83.9 a 84.664)
Segovia,N-110,158.9,159.1,2228.0,161.0,7.23,N-110 (PK 158.9 a 159.1)
La Rioja,N-120,21.6,22.05,1456.0,113.0,7.76,N-120 (PK 21.6 a 22.05)
León,N-120,426.0,426.9,6643.0,724.0,10.9,N-120 (PK 426.0 a 426.9)
Burgos,N-122,282.4,283.2,5275.0,1762.0,33.4,N-122 (PK 282.4 a 283.2)
Zamora,N-122,517.8,517.9,4031.0,1191.0,29.55,N-122 (PK 517.8 a 517.9)
Burgos,N-1A,297324,297924,125.0,15.0,12.0,N-1A (PK 297.324 a 297.924)
Soria,N-2,149.3,149.8,730.0,179.0,24.52,N-2 (PK 149.3 a 149.8)
Girona,N-2,734.0,734.6,5730.0,328.0,5.72,N-2 (PK 734.0 a 734.6)
Guadalajara,N-211,22.0,22.1,2288.0,416.0,18.18,N-211 (PK 22.0 a 22.1)
Burgos,N-232,486.2,486.6,977.0,154.0,15.76,N-232 (PK 486.2 a 486.6)
Castellón,N-232A,35.7,36.0,18.0,2.0,11.11,N-232A (PK 35.7 a 36.0)
Huesca,N-240,303.0,303.2,3007.0,270.0,8.98,N-240 (PK 303.0 a 303.2)
Girona,N-260,35.8,36.2,14309.0,416.0,2.91,N-260 (PK 35.8 a 36.2)
Ciudad Real,N-310,52.7,53.2,2826.0,336.0,11.89,N-310 (PK 52.7 a 53.2)
Madrid,N-320,301.9,302.0,7094.0,483.0,6.81,N-320 (PK 301.9 a 302.0)
Albacete,N-322,326.3,326.9,5167.0,460.0,8.9,N-322 (PK 326.3 a 326.9)
Huesca,N-330,575.1,575.75,228.0,29.0,12.72,N-330 (PK 575.1 a 575.75)
Huesca,N-330,616.7,617.0,7587.0,658.0,8.67,N-330 (PK 616.7 a 617.0)
Toledo,N-400,26.6,27.26,8098.0,912.0,11.26,N-400 (PK 26.6 a 27.26)
Ciudad Real,N-430,203.5,203.8,2300.0,489.0,21.26,N-430 (PK 203.5 a 203.8)
Badajoz,N-432,158.4,160.0,1988.0,564.0,28.37,N-432 (PK 158.4 a 160.0)
Granada,N-432,427.7,428.3,15303.0,844.0,5.52,N-432 (PK 427.7 a 428.3)
Córdoba,N-432A,226.1,226.6,114.0,14.0,12.28,N-432A (PK 226.1 a 226.6)
Huelva,N-433,114.2,114.5,3465.0,499.0,14.4,N-433 (PK 114.2 a 114.5)
Cáceres,N-5,193596,194.8,2642.0,211.0,7.99,N-5 (PK 193.596 a 194.8)
Toledo,N-502,138.4,138.9,2959.0,219.0,7.4,N-502 (PK 138.4 a 138.9)
Córdoba,N-502,340.0,340.3,1205.0,124.0,10.29,N-502 (PK 340.0 a 340.3)
Zamora,N-525,75.9,76.4,1322.0,129.0,9.76,N-525 (PK 75.9 a 76.4)
Zamora,N-525,84.7,85.2,1767.0,172.0,9.73,N-525 (PK 84.7 a 85.2)
Ourense,N-525,252.0,252.7,2550.0,203.0,7.96,N-525 (PK 252.0 a 252.7)
Lugo,N-6,523.4,523.9,1587.0,179.0,11.28,N-6 (PK 523.4 a 523.9)
A Coruña,N-6,574.9,575.3,7489.0,482.0,6.44,N-6 (PK 574.9 a 575.3)
A Coruña,N-6,585.7,586.22,21861.0,1190.0,5.44,N-6 (PK 585.7 a 586.22)
León,N-601,317.0,318.3,3887.0,175.0,4.5,N-601 (PK 317.0 a 318.3)
Palencia,N-611,120.3,120.96,311.0,16.0,5.14,N-611 (PK 120.3 a 120.96)
Cantabria,N-611,187.1,187.9,12232.0,574.0,4.69,N-611 (PK 187.1 a 187.9)
León,N-621,65.7,66.1,2625.0,202.0,7.7,N-621 (PK 65.7 a 66.1)
Burgos,N-627,58.7,59.7,298.0,61.0,20.47,N-627 (PK 58.7 a 59.7)
Zamora,N-630,294.8,294.9,268.0,41.0,15.3,N-630 (PK 294.8 a 294.9)
Badajoz,N-630,652.89,653.2,4581.0,335.0,7.31,N-630 (PK 652.89 a 653.2)
Badajoz,N-630,665.3,666.2,4581.0,335.0,7.31,N-630 (PK 665.3 a 666.2)
Lugo,N-634,561.8,562.4,6234.0,290.0,4.65,N-634 (PK 561.8 a 562.4)
Murcia,A-7,601.4,601.8,45288.0,9536.0,21.06,A-7 (PK 601.4 a 601.8)
Huesca,A-23,326.92,327.8,16881.0,1868.0,11.07,A-23 (PK 326.92 a 327.8)
Córdoba,A-4,347.5,348.2,15692.0,4706.0,29.99,A-4 (PK 347.5 a 348.2)
Salamanca,A-50,99.0,100.14,15487.0,1585.0,10.23,A-50 (PK 99.0 a 100.14)
Valladolid,A-60,14.2,15.57,7076.0,1048.0,14.81,A-60 (PK 14.2 a 15.57)
Badajoz,A-66,654.0,656.9,20954.0,4685.0,22.36,A-66 (PK 654.0 a 656.9)
Lugo,A-8,533.8,535.0,9901.0,1454.0,14.69,A-8 (PK 533.8 a 535.0)
Badajoz,BA-20,2.8,3.7,18472.0,783.0,4.24,BA-20 (PK 2.8 a 3.7)
Granada,GR-16,0.0,0.8,1942.0,442.0,22.76,GR-16 (PK 0.0 a 0.8)
Burgos,N-1,186.3,186.9,195.0,42.0,21.54,N-1 (PK 186.3 a 186.9)
Segovia,N-110,144.0,145.0,2423.0,263.0,10.85,N-110 (PK 144.0 a 145.0)
Segovia,N-110,213.0,213.8,2480.0,295.0,11.9,N-110 (PK 213.0 a 213.8)
Pontevedra,N-120,650.9,651.2,15572.0,631.0,4.05,N-120 (PK 650.9 a 651.2)
Zaragoza,N-2,206.8,208.0,648.0,45.0,6.94,N-2 (PK 206.8 a 208.0)
Teruel,N-234,192.0,192.3,1441.0,290.0,20.12,N-234 (PK 192.0 a 192.3)
Zaragoza,N-240,316.79,317.0,189.0,17.0,8.99,N-240 (PK 316.79 a 317.0)
Cuenca,N-3,167.2,167.4,1505.0,566.0,37.61,N-3 (PK 167.2 a 167.4)
Cuenca,N-3,200.2,200.5,2519.0,947.0,37.59,N-3 (PK 200.2 a 200.5)
Albacete,N-322,382.2,383.0,3202.0,558.0,17.43,N-322 (PK 382.2 a 383.0)
Jaén,N-323,21.6,22.3,2359.0,233.0,9.88,N-323 (PK 21.6 a 22.3)
Madrid,N-400,12.38,12.8,8098.0,912.0,11.26,N-400 (PK 12.38 a 12.8)
Ciudad Real,N-430,279.1,279.8,3138.0,677.0,21.57,N-430 (PK 279.1 a 279.8)
Jaén,N-432A,394257,394.8,857.0,79.0,9.22,N-432A (PK 394.257 a 394.8)
Toledo,N-502A,114.6,115.3,8735.0,588.0,6.73,N-502A (PK 114.6 a 115.3)
Ourense,N-525,260.9,261.2,2550.0,203.0,7.96,N-525 (PK 260.9 a 261.2)
Ourense,N-525,266.8,267.1,2046.0,162.0,7.92,N-525 (PK 266.8 a 267.1)
Pontevedra,N-525,309.8,310.0,5560.0,1011.0,18.18,N-525 (PK 309.8 a 310.0)
Pontevedra,N-541,87.0,87.3,5831.0,324.0,5.56,N-541 (PK 87.0 a 87.3)
Ávila,N-6,89.82,91.0,9210.0,1217.0,13.21,N-6 (PK 89.82 a 91.0)
León,N-6,418.9,419.3,600.0,63.0,10.5,N-6 (PK 418.9 a 419.3)
León,N-621,24.2,25.2,1524.0,52.0,3.41,N-621 (PK 24.2 a 25.2)
Palencia,N-622,73.09,73.7,411.0,76.0,18.49,N-622 (PK 73.09 a 73.7)
Burgos,N-623,14925,16.8,1037.0,84.0,8.1,N-623 (PK 14.925 a 16.8)
Asturias,N-630,30.9,31.3,6267.0,389.0,6.21,N-630 (PK 30.9 a 31.3)
Badajoz,N-630,640.0,640.1,2188.0,155.0,7.08,N-630 (PK 640.0 a 640.1)
Badajoz,N-630,675.4,677.0,10028.0,708.0,7.06,N-630 (PK 675.4 a 677.0)
Asturias,N-632,8.9,9.3,1259.0,205.0,16.28,N-632 (PK 8.9 a 9.3)
Asturias,N-634,296.5,297.4,956.0,50.0,5.23,N-634 (PK 296.5 a 297.4)
A Coruña,SC-20,2.0,2.5,52532.0,4225.0,8.04,SC-20 (PK 2.0 a 2.5)
Burgos,A-1,246.5,247.3,13606.0,2761.0,20.29,A-1 (PK 246.5 a 247.3)
Madrid,A-3,32.9,33.3,40726.0,4017.0,9.86,A-3 (PK 32.9 a 33.3)
Córdoba,A-4,403.2,404.9,37950.0,6627.0,17.46,A-4 (PK 403.2 a 404.9)
Granada,A-44,121.9,122.7,21881.0,2287.0,10.45,A-44 (PK 121.9 a 122.7)
Pontevedra,A-55,26.1,26.5,44997.0,5903.0,13.12,A-55 (PK 26.1 a 26.5)
Valladolid,A-62,120.3,121.5,35857.0,6514.0,18.17,A-62 (PK 120.3 a 121.5)
Asturias,A-63,30.3,30.65,8089.0,462.0,5.71,A-63 (PK 30.3 a 30.65)
Palencia,A-65,10.0,11.38,12003.0,1563.0,13.02,A-65 (PK 10.0 a 11.38)
Badajoz,A-66,681.5,683.9,15236.0,3701.0,24.29,A-66 (PK 681.5 a 683.9)
Cádiz,CA-32,4.2,4.7,29078.0,1454.0,5.0,CA-32 (PK 4.2 a 4.7)
Burgos,N-1,159.8,160.55,2701.0,832.0,30.8,N-1 (PK 159.8 a 160.55)
Segovia,N-110,118.5,119.8,3725.0,270.0,7.25,N-110 (PK 118.5 a 119.8)
Segovia,N-110,154.3,154.5,2200.0,191.0,8.68,N-110 (PK 154.3 a 154.5)
Burgos,N-120,106.88,107.3,7135.0,1306.0,18.3,N-120 (PK 106.88 a 107.3)
Pontevedra,N-120,637.4,637.9,4221.0,201.0,4.76,N-120 (PK 637.4 a 637.9)
Guadalajara,N-211,30.3,30.9,2164.0,394.0,18.21,N-211 (PK 30.3 a 30.9)
Teruel,N-211,119685,119.9,1026.0,164.0,15.98,N-211 (PK 119.685 a 119.9)
Teruel,N-232,112.5,112.8,1927.0,268.0,13.91,N-232 (PK 112.5 a 112.8)
Burgos,N-232,467963,469.5,3678.0,710.0,19.3,N-232 (PK 467.963 a 469.5)
Huesca,N-240,311.3,311.9,2556.0,301.0,11.78,N-240 (PK 311.3 a 311.9)
Huesca,N-2A,407.97,409.3,222.0,101.0,45.5,N-2A (PK 407.97 a 409.3)
Zaragoza,N-2R,226.64,227.1,564.0,39.0,6.91,N-2R (PK 226.64 a 227.1)
Zaragoza,N-330,453.1,453.7,431.0,162.0,37.59,N-330 (PK 453.1 a 453.7)
Valencia,N-332,218.42,218.85,20192.0,1935.0,9.58,N-332 (PK 218.42 a 218.85)
Granada,N-340,371.4,372.1,885.0,39.0,4.41,N-340 (PK 371.4 a 372.1)
Teruel,N-420,606.3,607.1,2224.0,368.0,16.55,N-420 (PK 606.3 a 607.1)
Badajoz,N-430,1.2,1.54,6934.0,336.0,4.85,N-430 (PK 1.2 a 1.54)
Córdoba,N-432,351.9,352105,4263.0,788.0,18.48,N-432 (PK 351.9 a 352.105)
Córdoba,N-502,354.0,354.5,880.0,105.0,11.93,N-502 (PK 354.0 a 354.5)
Ciudad Real,N-502A,326.75,327.7,274.0,28.0,10.22,N-502A (PK 326.75 a 327.7)
Ourense,N-525,197.4,198.1,7740.0,216.0,2.79,N-525 (PK 197.4 a 198.1)
Pontevedra,N-525,309.4,309.8,5560.0,1011.0,18.18,N-525 (PK 309.4 a 309.8)
Pontevedra,N-550,129.7,130.3,19460.0,1364.0,7.01,N-550 (PK 129.7 a 130.3)
León,N-6,314.3,316.3,1843.0,188.0,10.2,N-6 (PK 314.3 a 316.3)
León,N-6,368.1,368.4,7178.0,301.0,4.19,N-6 (PK 368.1 a 368.4)
Lugo,N-6,432.5,432.8,405.0,30.0,7.41,N-6 (PK 432.5 a 432.8)
Lugo,N-6,461.3,461.7,2124.0,162.0,7.63,N-6 (PK 461.3 a 461.7)
Palencia,N-611,89.4,89.7,1003.0,109.0,10.87,N-611 (PK 89.4 a 89.7)
Palencia,N-611,107.5,108.0,2806.0,187.0,6.66,N-611 (PK 107.5 a 108.0)
León,N-621,25.2,25.5,1524.0,52.0,3.41,N-621 (PK 25.2 a 25.5)
León,N-621,74.3,75.3,1336.0,89.0,6.66,N-621 (PK 74.3 a 75.3)
Palencia,N-622,87.3,88.0,683.0,127.0,18.59,N-622 (PK 87.3 a 88.0)
León,N-625,39.7,40.8,3193.0,335.0,10.49,N-625 (PK 39.7 a 40.8)
Burgos,N-629,41.4,42.2,1262.0,91.0,7.21,N-629 (PK 41.4 a 42.2)
León,N-630,157.5,157.7,2448.0,342.0,13.97,N-630 (PK 157.5 a 157.7)
León,N-630,202.5,204.1,1721.0,344.0,19.99,N-630 (PK 202.5 a 204.1)
Badajoz,N-630,701.6,702.1,1527.0,103.0,6.75,N-630 (PK 701.6 a 702.1)
Pontevedra,N-640,213.2,214.6,5717.0,450.0,7.87,N-640 (PK 213.2 a 214.6)
Zaragoza,Z-40,32.5,33.1,45605.0,3127.0,6.86,Z-40 (PK 32.5 a 33.1)
Segovia,A-1,140.0,140.82,20531.0,3226.0,15.71,A-1 (PK 140.0 a 140.82)
Burgos,A-11R,0.0,1.49,4866.0,1653.0,33.97,A-11R (PK 0.0 a 1.49)
Cádiz,A-4R1,0.0,1.3,8846.0,1074.0,12.14,A-4R1 (PK 0.0 a 1.3)
Cáceres,A-5,247.6,249.2,10833.0,1766.0,16.3,A-5 (PK 247.6 a 249.2)
Zamora,A-6,254.5,257.4,19619.0,3953.0,20.15,A-6 (PK 254.5 a 257.4)
Valladolid,A-62,156.6,158.0,14966.0,4290.0,28.66,A-62 (PK 156.6 a 158.0)
Zaragoza,A-68,262.9,264.1,26424.0,7209.0,27.28,A-68 (PK 262.9 a 264.1)
Barcelona,B-23,0.0,0.2,101697.0,2908.0,2.86,B-23 (PK 0.0 a 0.2)
A Coruña,FE-13,1.2,1.4,26157.0,511.0,1.95,FE-13 (PK 1.2 a 1.4)
Segovia,N-110,157.9,158.9,2228.0,161.0,7.23,N-110 (PK 157.9 a 158.9)
Segovia,N-110,180.7,181.0,3505.0,168.0,4.79,N-110 (PK 180.7 a 181.0)
Segovia,N-110,211.9,213.0,2795.0,332.0,11.88,N-110 (PK 211.9 a 213.0)
Soria,N-111,182.9,183.2,92.0,8.0,8.7,N-111 (PK 182.9 a 183.2)
Palencia,N-120,174.61,175.3,521.0,57.0,10.94,N-120 (PK 174.61 a 175.3)
Palencia,N-120,212.0,212.4,207.0,24.0,11.59,N-120 (PK 212.0 a 212.4)
León,N-120,233.27,234.0,401.0,35.0,8.73,N-120 (PK 233.27 a 234.0)
Pontevedra,N-120,630.8,631.1,4221.0,201.0,4.76,N-120 (PK 630.8 a 631.1)
Lugo,N-120A,527.6,528.3,1280.0,114.0,8.91,N-120A (PK 527.6 a 528.3)
Castellón,N-225,0.0,0.3,6130.0,890.0,14.52,N-225 (PK 0.0 a 0.3)
La Rioja,N-232,417925,419.8,9938.0,605.0,6.09,N-232 (PK 417.925 a 419.8)
La Rioja,N-232,419.8,420.3,9938.0,605.0,6.09,N-232 (PK 419.8 a 420.3)
Burgos,N-234A,438.2,438.6,2501.0,357.0,14.27,N-234A (PK 438.2 a 438.6)
Huesca,N-240,303.2,303.8,3007.0,270.0,8.98,N-240 (PK 303.2 a 303.8)
Madrid,N-3,32.4,32.8,4179.0,485.0,11.61,N-3 (PK 32.4 a 32.8)
Valencia,N-322,446.0,446.6,1973.0,333.0,16.88,N-322 (PK 446.0 a 446.6)
Valencia,N-322,453.9,454.4,1973.0,333.0,16.88,N-322 (PK 453.9 a 454.4)
Huesca,N-330,583.5,583.6,228.0,29.0,12.72,N-330 (PK 583.5 a 583.6)
Huesca,N-330A,646.67,647.1,2299.0,227.0,9.87,N-330A (PK 646.67 a 647.1)
Badajoz,N-432A,21.9,22.5,1710.0,178.0,10.41,N-432A (PK 21.9 a 22.5)
Badajoz,N-432A,155.2,156.27,1143.0,101.0,8.84,N-432A (PK 155.2 a 156.27)
Badajoz,N-435,32.8,33.8,3723.0,316.0,8.49,N-435 (PK 32.8 a 33.8)
Badajoz,N-435A,32.68,32.8,3268.0,408.0,12.48,N-435A (PK 32.68 a 32.8)
Ávila,N-501,27.4,27.9,569.0,42.0,7.38,N-501 (PK 27.4 a 27.9)
Córdoba,N-502,339.6,340.0,1205.0,124.0,10.29,N-502 (PK 339.6 a 340.0)
León,N-536,18.3,19.1,1500.0,52.0,3.47,N-536 (PK 18.3 a 19.1)
Ourense,N-541,27.0,27.6,4757.0,262.0,5.51,N-541 (PK 27.0 a 27.6)
Pontevedra,N-541,63.7,64.0,3341.0,290.0,8.68,N-541 (PK 63.7 a 64.0)
A Coruña,N-550,36.5,36.9,6607.0,659.0,9.97,N-550 (PK 36.5 a 36.9)
Pontevedra,N-550,117392,118.42,17057.0,803.0,4.71,N-550 (PK 117.392 a 118.42)
León,N-6,375.2,375.4,13115.0,550.0,4.19,N-6 (PK 375.2 a 375.4)
León,N-6,405.0,405.4,2165.0,91.0,4.2,N-6 (PK 405.0 a 405.4)
León,N-601,308.4,309.0,1631.0,92.0,5.64,N-601 (PK 308.4 a 309.0)
León,N-601,315.8,317.0,3887.0,175.0,4.5,N-601 (PK 315.8 a 317.0)
León,N-621,121.65,121.7,648.0,32.0,4.94,N-621 (PK 121.65 a 121.7)
León,N-625,32.7,34.0,3193.0,335.0,10.49,N-625 (PK 32.7 a 34.0)
León,N-630,167.8,168.8,2857.0,399.0,13.97,N-630 (PK 167.8 a 168.8)
Zamora,N-630,251.3,251.4,353.0,70.0,19.83,N-630 (PK 251.3 a 251.4)
Cáceres,N-630,575.6,576.3,643.0,38.0,5.91,N-630 (PK 575.6 a 576.3)
Cantabria,N-634,162.3,162.63,2929.0,78.0,2.66,N-634 (PK 162.3 a 162.63)
Asturias,N-634,378.0,378.4,12216.0,609.0,4.99,N-634 (PK 378.0 a 378.4)
Asturias,N-634,418.4,418.6,2287.0,192.0,8.4,N-634 (PK 418.4 a 418.6)
Asturias,N-640,11.9,12.0,4752.0,471.0,9.91,N-640 (PK 11.9 a 12.0)
Lugo,N-640,92.12,92.54,13186.0,415.0,3.15,N-640 (PK 92.12 a 92.54)
Pontevedra,N-640,195.5,196.0,4133.0,252.0,6.1,N-640 (PK 195.5 a 196.0)
Pontevedra,N-640,207.9,208.5,5717.0,450.0,7.87,N-640 (PK 207.9 a 208.5)
Pontevedra,N-640,210.9,211.1,5717.0,450.0,7.87,N-640 (PK 210.9 a 211.1)
A Coruña,N-651,27.6,27.85,9404.0,301.0,3.2,N-651 (PK 27.6 a 27.85)
Girona,A-26,63.24,64.0,13746.0,1376.0,10.01,A-26 (PK 63.24 a 64.0)
Albacete,A-31,39.1,39.9,25588.0,4719.0,18.44,A-31 (PK 39.1 a 39.9)
Alicante/Alacant,A-31,235.0,235.2,38775.0,3488.0,9.0,A-31 (PK 235.0 a 235.2)
Palencia,A-62,71.9,75.6,11023.0,3059.0,27.75,A-62 (PK 71.9 a 75.6)
Palencia,A-62,85.8,86.2,15119.0,5000.0,33.07,A-62 (PK 85.8 a 86.2)
Burgos,A-73,9.0,10.42,6186.0,930.0,15.03,A-73 (PK 9.0 a 10.42)
Burgos,A-73,58.83,62.05,3309.0,799.0,24.15,A-73 (PK 58.83 a 62.05)
Asturias,A-8,381.7,382.2,19840.0,1481.0,7.46,A-8 (PK 381.7 a 382.2)
A Coruña,AC-11,2.6,3.4,80843.0,1740.0,2.15,AC-11 (PK 2.6 a 3.4)
Burgos,N-1,146.6,146.9,4459.0,976.0,21.89,N-1 (PK 146.6 a 146.9)
Burgos,N-1,318.5,319.1,8988.0,1311.0,14.59,N-1 (PK 318.5 a 319.1)
Segovia,N-110,159.1,160.2,2228.0,161.0,7.23,N-110 (PK 159.1 a 160.2)
Huesca,N-230,54.0,55.5,4073.0,588.0,14.44,N-230 (PK 54.0 a 55.5)
Huesca,N-230,55.5,56.6,4073.0,588.0,14.44,N-230 (PK 55.5 a 56.6)
Burgos,N-232,560.8,561.3,1058.0,78.0,7.37,N-232 (PK 560.8 a 561.3)
Huesca,N-240,296.0,296.7,621.0,73.0,11.76,N-240 (PK 296.0 a 296.7)
Cuenca,N-320,154.6,155.3,2544.0,230.0,9.04,N-320 (PK 154.6 a 155.3)
Madrid,N-320,323.6,325.4,3394.0,257.0,7.57,N-320 (PK 323.6 a 325.4)
Teruel,N-330,274.44,274.6,1366.0,208.0,15.23,N-330 (PK 274.44 a 274.6)
Sevilla,N-4,615.3,615.8,5991.0,768.0,12.82,N-4 (PK 615.3 a 615.8)
Segovia,N-403,176.33,177.45,816.0,79.0,9.68,N-403 (PK 176.33 a 177.45)
Toledo,N-403A,55.2,55975,651.0,73.0,11.21,N-403A (PK 55.2 a 55.975)
Badajoz,N-430,131.5,133.5,4801.0,985.0,20.52,N-430 (PK 131.5 a 133.5)
Ciudad Real,N-430,280.3,280.8,3138.0,677.0,21.57,N-430 (PK 280.3 a 280.8)
Ciudad Real,N-430A,297.9,298.1,188.0,43.0,22.87,N-430A (PK 297.9 a 298.1)
Badajoz,N-432,144.9,146.3,3052.0,865.0,28.34,N-432 (PK 144.9 a 146.3)
Cáceres,N-5,194.8,195.7,2642.0,211.0,7.99,N-5 (PK 194.8 a 195.7)
Pontevedra,N-525,278.8,279.7,566.0,53.0,9.36,N-525 (PK 278.8 a 279.7)
Pontevedra,N-525,311.5,312.3,5560.0,1011.0,18.18,N-525 (PK 311.5 a 312.3)
Ourense,N-536,41.5,42.2,2526.0,87.0,3.44,N-536 (PK 41.5 a 42.2)
A Coruña,N-547,63.3,63.6,6614.0,760.0,11.49,N-547 (PK 63.3 a 63.6)
Pontevedra,N-550,90.8,91.0,7122.0,658.0,9.24,N-550 (PK 90.8 a 91.0)
León,N-6,298.4,299.0,1287.0,92.0,7.15,N-6 (PK 298.4 a 299.0)
Lugo,N-6,470.4,470.7,2126.0,191.0,8.98,N-6 (PK 470.4 a 470.7)
Lugo,N-6,501.95,502.2,29074.0,1192.0,4.1,N-6 (PK 501.95 a 502.2)
Asturias,N-632,59.0,59.6,331.0,33.0,9.97,N-632 (PK 59.0 a 59.6)
Lugo,N-634,555.43,556.1,6234.0,290.0,4.65,N-634 (PK 555.43 a 556.1)
Lugo,N-634,565.95,566.7,6234.0,290.0,4.65,N-634 (PK 565.95 a 566.7)
Lugo,N-642,10.3,10.87,1906.0,225.0,11.8,N-642 (PK 10.3 a 10.87)
Valencia,V-30,8.9,9.7,151150.0,13684.0,9.05,V-30 (PK 8.9 a 9.7)
Burgos,A-1,251.7,252.8,8028.0,1871.0,23.31,A-1 (PK 251.7 a 252.8)
Zaragoza,A-2,203.0,203.9,16358.0,5330.0,32.58,A-2 (PK 203.0 a 203.9)
Zaragoza,A-2,226.3,230.2,17605.0,5613.0,31.88,A-2 (PK 226.3 a 230.2)
Zaragoza,A-2,310.1,311.4,38051.0,6843.0,17.98,A-2 (PK 310.1 a 311.4)
Zaragoza,A-2,311.4,312.0,38051.0,6843.0,17.98,A-2 (PK 311.4 a 312.0)
Huesca,A-22,93.6,94267,9974.0,1339.0,13.42,A-22 (PK 93.6 a 94.267)
Huesca,A-23,355.6,356.9,18090.0,1855.0,10.25,A-23 (PK 355.6 a 356.9)
Valencia,A-3,338.2,339.6,72645.0,11544.0,15.89,A-3 (PK 338.2 a 339.6)
Cuenca,A-31,0.0,0.75,13230.0,2085.0,15.76,A-31 (PK 0.0 a 0.75)
Sevilla,A-4,532.3,533.8,73531.0,2375.0,3.23,A-4 (PK 532.3 a 533.8)
Badajoz,A-5,379.6,381.0,20867.0,3525.0,16.89,A-5 (PK 379.6 a 381.0)
Pontevedra,A-55,16.7,18.4,36420.0,4042.0,11.1,A-55 (PK 16.7 a 18.4)
Burgos,A-62,15.6,17.7,17769.0,6442.0,36.25,A-62 (PK 15.6 a 17.7)
Alicante/Alacant,A-70,21.3,21.5,91019.0,5456.0,5.99,A-70 (PK 21.3 a 21.5)
A Coruña,AC-10,0.0,0.5,12577.0,714.0,5.68,AC-10 (PK 0.0 a 0.5)
La Rioja,N-113,80.8,82.34,2662.0,1156.0,43.43,N-113 (PK 80.8 a 82.34)
León,N-120,322.5,323.3,9113.0,1351.0,14.82,N-120 (PK 322.5 a 323.3)
Soria,N-122,241.5,242.8,148.0,45.0,30.41,N-122 (PK 241.5 a 242.8)
Zaragoza,N-122A,85615,86.0,5765.0,254.0,4.41,N-122A (PK 85.615 a 86.0)
Soria,N-2,151.1,151.4,730.0,179.0,24.52,N-2 (PK 151.1 a 151.4)
Castellón,N-225,42.7,43.6,8649.0,1799.0,20.8,N-225 (PK 42.7 a 43.6)
Castellón,N-232,0.0,0.38,11275.0,1898.0,16.83,N-232 (PK 0.0 a 0.38)
Castellón,N-232,20.0,20.4,5257.0,366.0,6.96,N-232 (PK 20.0 a 20.4)
Teruel,N-232,165.9,166.5,3861.0,618.0,16.01,N-232 (PK 165.9 a 166.5)
Burgos,N-232,482.2,483.3,977.0,154.0,15.76,N-232 (PK 482.2 a 483.3)
Zaragoza,N-2R,227.1,227.84,518.0,36.0,6.95,N-2R (PK 227.1 a 227.84)
Guadalajara,N-320,313.8,314.5,5402.0,411.0,7.61,N-320 (PK 313.8 a 314.5)
Jaén,N-322,153.2,153.8,10601.0,589.0,5.56,N-322 (PK 153.2 a 153.8)
Zaragoza,N-330,449.4,450.1,2208.0,832.0,37.68,N-330 (PK 449.4 a 450.1)
Zaragoza,N-330,475.6,476.0,392.0,147.0,37.5,N-330 (PK 475.6 a 476.0)
Zaragoza,N-330,482.71,483.9,5217.0,358.0,6.86,N-330 (PK 482.71 a 483.9)
Zaragoza,N-330,536.3,537.9,368.0,48.0,13.04,N-330 (PK 536.3 a 537.9)
Córdoba,N-331R,0.0,0.76,2916.0,205.0,7.03,N-331R (PK 0.0 a 0.76)
Cádiz,N-340,36.28,36.7,12976.0,740.0,5.7,N-340 (PK 36.28 a 36.7)
Cádiz,N-340,131.8,132.7,1363.0,73.0,5.36,N-340 (PK 131.8 a 132.7)
Ciudad Real,N-430,279.8,280.3,3138.0,677.0,21.57,N-430 (PK 279.8 a 280.3)
Ciudad Real,N-430,306.1,306676,19976.0,583.0,2.92,N-430 (PK 306.1 a 306.676)
Badajoz,N-432,79.48,79.8,6282.0,699.0,11.13,N-432 (PK 79.48 a 79.8)
Badajoz,N-435A,22.3,23.25,3723.0,316.0,8.49,N-435A (PK 22.3 a 23.25)
Sevilla,N-4A,506.2,506.9,2707.0,171.0,6.32,N-4A (PK 506.2 a 506.9)
Ciudad Real,N-502A,325.9,326.75,274.0,28.0,10.22,N-502A (PK 325.9 a 326.75)
Cáceres,N-521,60.9,62.5,2166.0,112.0,5.17,N-521 (PK 60.9 a 62.5)
Ourense,N-525,119.7,120.0,1787.0,173.0,9.68,N-525 (PK 119.7 a 120.0)
Ourense,N-525,207.7,208.3,2148.0,98.0,4.56,N-525 (PK 207.7 a 208.3)
Pontevedra,N-525,297.6,298.1,9982.0,984.0,9.86,N-525 (PK 297.6 a 298.1)
Pontevedra,N-550,128.8,129.7,19460.0,1364.0,7.01,N-550 (PK 128.8 a 129.7)
León,N-6,321.1,321.9,1057.0,92.0,8.7,N-6 (PK 321.1 a 321.9)
León,N-6,336.6,338.4,390.0,33.0,8.46,N-6 (PK 336.6 a 338.4)
León,N-6,347.9,348.1,390.0,33.0,8.46,N-6 (PK 347.9 a 348.1)
Lugo,N-6,461.7,462.0,2124.0,162.0,7.63,N-6 (PK 461.7 a 462.0)
Lugo,N-6,494.4,495.18,1535.0,209.0,13.62,N-6 (PK 494.4 a 495.18)
A Coruña,N-6,568.3,568.9,4302.0,469.0,10.9,N-6 (PK 568.3 a 568.9)
Valladolid,N-601,184.7,186.14,48449.0,4674.0,9.65,N-601 (PK 184.7 a 186.14)
León,N-601,297.5,298.4,2478.0,426.0,17.19,N-601 (PK 297.5 a 298.4)
Palencia,N-611,111.1,112.0,311.0,16.0,5.14,N-611 (PK 111.1 a 112.0)
León,N-621,66.1,67.1,2625.0,202.0,7.7,N-621 (PK 66.1 a 67.1)
Burgos,N-627,31.7,32.9,3526.0,842.0,23.88,N-627 (PK 31.7 a 32.9)
Burgos,N-627,65.3,66.9,298.0,61.0,20.47,N-627 (PK 65.3 a 66.9)
Asturias,N-630,30.2,30.9,6267.0,389.0,6.21,N-630 (PK 30.2 a 30.9)
Asturias,N-630,35.5,35.7,5436.0,448.0,8.24,N-630 (PK 35.5 a 35.7)
Cáceres,N-630,442.5,443.5,762.0,58.0,7.61,N-630 (PK 442.5 a 443.5)
Badajoz,N-630,729.7,730.1,500.0,92.0,18.4,N-630 (PK 729.7 a 730.1)
Sevilla,N-630,808.6,809.25,14936.0,945.0,6.33,N-630 (PK 808.6 a 809.25)
Asturias,N-632A,96.75,97.0,10110.0,417.0,4.12,N-632A (PK 96.75 a 97.0)
Asturias,N-634,384.7,385.3,4230.0,411.0,9.72,N-634 (PK 384.7 a 385.3)
Lugo,N-634,609.3,610.0,2669.0,171.0,6.41,N-634 (PK 609.3 a 610.0)
Segovia,SG-20,13.95,15.53,10104.0,1054.0,10.43,SG-20 (PK 13.95 a 15.53)
Soria,SO-20,21.2,22.0,7720.0,2102.0,27.23,SO-20 (PK 21.2 a 22.0)
Soria,A-11,36.6,45.3,4009.0,1431.0,35.69,A-11 (PK 36.6 a 45.3)
La Rioja,A-12,124.8,126.8,3984.0,1433.0,35.97,A-12 (PK 124.8 a 126.8)
Huesca,A-22,19173,21.3,11143.0,1838.0,16.49,A-22 (PK 19.173 a 21.3)
Valencia,A-33,84.28,85.3,21974.0,8260.0,37.59,A-33 (PK 84.28 a 85.3)
Córdoba,A-4,404.9,407.9,37950.0,6627.0,17.46,A-4 (PK 404.9 a 407.9)
Sevilla,A-4,497.6,499.3,22539.0,5122.0,22.73,A-4 (PK 497.6 a 499.3)
Cádiz,A-4,631.2,632.3,30070.0,2321.0,7.72,A-4 (PK 631.2 a 632.3)
Ciudad Real,A-41,196.8,196.86,8213.0,355.0,4.32,A-41 (PK 196.8 a 196.86)
Granada,A-44,119.8,121.9,21881.0,2287.0,10.45,A-44 (PK 119.8 a 121.9)
Cáceres,A-5,168105,170.4,19673.0,3199.0,16.26,A-5 (PK 168.105 a 170.4)
Pontevedra,A-55,30.2,31406,22294.0,2656.0,11.91,A-55 (PK 30.2 a 31.406)
Ávila,A-6,126.86,128.9,21822.0,4068.0,18.64,A-6 (PK 126.86 a 128.9)
Palencia,A-62,53.1,54.8,16561.0,5700.0,34.42,A-62 (PK 53.1 a 54.8)
Palencia,A-65,0.23,1.8,11459.0,1524.0,13.3,A-65 (PK 0.23 a 1.8)
Palencia,A-67,0.8,1.7,21033.0,2111.0,10.04,A-67 (PK 0.8 a 1.7)
Lugo,A-8,505.54,506.4,15309.0,1720.0,11.24,A-8 (PK 505.54 a 506.4)
A Coruña,AC-11,1.0,2.1,115483.0,5237.0,4.53,AC-11 (PK 1.0 a 2.1)
Cádiz,CA-32,4.7,5.06,29078.0,1454.0,5.0,CA-32 (PK 4.7 a 5.06)
Burgos,N-1,154.0,154.8,4459.0,976.0,21.89,N-1 (PK 154.0 a 154.8)
Zaragoza,N-2,326.9,327.9,11512.0,846.0,7.35,N-2 (PK 326.9 a 327.9)
Zaragoza,N-2,390.6,391.1,1309.0,758.0,57.91,N-2 (PK 390.6 a 391.1)
Burgos,N-232,561.4,562.0,2119.0,156.0,7.36,N-232 (PK 561.4 a 562.0)
Teruel,N-234,212.9,213.41,1441.0,290.0,20.12,N-234 (PK 212.9 a 213.41)
Valencia,N-330,162.7,164.1,2726.0,213.0,7.81,N-330 (PK 162.7 a 164.1)
Teruel,N-330,301.2,301.44,2540.0,230.0,9.06,N-330 (PK 301.2 a 301.44)
Almería,N-340A,556.74,557.6,4040.0,506.0,12.52,N-340A (PK 556.74 a 557.6)
Castellón,N-340A,969.48,970.07,38331.0,1879.0,4.9,N-340A (PK 969.48 a 970.07)
Toledo,N-400,37.1,37388,8098.0,912.0,11.26,N-400 (PK 37.1 a 37.388)
Ciudad Real,N-401,155.8,156.4,4441.0,249.0,5.61,N-401 (PK 155.8 a 156.4)
Toledo,N-401A,107525,108.6,5439.0,951.0,17.48,N-401A (PK 107.525 a 108.6)
Cuenca,N-420,461.2,462.2,1550.0,269.0,17.35,N-420 (PK 461.2 a 462.2)
Jaén,N-432,354.8,356.2,5626.0,830.0,14.75,N-432 (PK 354.8 a 356.2)
Jaén,N-432A,399183,399915,108.0,9.0,8.33,N-432A (PK 399.183 a 399.915)
Ávila,N-502,38.6,39.0,1797.0,115.0,6.4,N-502 (PK 38.6 a 39.0)
Toledo,N-502,110.5,111.1,3792.0,522.0,13.77,N-502 (PK 110.5 a 111.1)
Ourense,N-525,240.3,240.9,8050.0,821.0,10.2,N-525 (PK 240.3 a 240.9)
Lugo,N-540,59.8,61.0,2682.0,217.0,8.09,N-540 (PK 59.8 a 61.0)
Pontevedra,N-550,105.5,106.2,8295.0,663.0,7.99,N-550 (PK 105.5 a 106.2)
León,N-6,294.0,295.2,1287.0,92.0,7.15,N-6 (PK 294.0 a 295.2)
Segovia,N-601,111.55,112.7,1835.0,736.0,40.11,N-601 (PK 111.55 a 112.7)
León,N-601,298.4,300.6,2478.0,426.0,17.19,N-601 (PK 298.4 a 300.6)
León,N-601,304.1,305.0,1631.0,92.0,5.64,N-601 (PK 304.1 a 305.0)
Palencia,N-611,101.4,102.4,2806.0,187.0,6.66,N-611 (PK 101.4 a 102.4)
Burgos,N-627,63.8,65.3,298.0,61.0,20.47,N-627 (PK 63.8 a 65.3)
León,N-630,98.3,99.1,2457.0,172.0,7.0,N-630 (PK 98.3 a 99.1)
Asturias,N-632A,97.0,97.25,10110.0,417.0,4.12,N-632A (PK 97.0 a 97.25)
Lugo,N-634,560.8,561.8,6234.0,290.0,4.65,N-634 (PK 560.8 a 561.8)
Lugo,N-634,586.1,586.7,2483.0,173.0,6.97,N-634 (PK 586.1 a 586.7)
Pontevedra,N-640,184.5,186.0,4133.0,252.0,6.1,N-640 (PK 184.5 a 186.0)
A Coruña,N-651,0.6,1.0,3353.0,103.0,3.07,N-651 (PK 0.6 a 1.0)
Soria,A-2,169.5,173.3,13602.0,5633.0,41.41,A-2 (PK 169.5 a 173.3)
Cáceres,A-66,425.0,426.8,11039.0,2921.0,26.46,A-66 (PK 425.0 a 426.8)
Badajoz,A-66,647.5,650.0,19279.0,4133.0,21.44,A-66 (PK 647.5 a 650.0)
Zaragoza,A-68,262.1,262.9,45081.0,9363.0,20.77,A-68 (PK 262.1 a 262.9)
Badajoz,BA-20,4.3,5.5,22439.0,1193.0,5.32,BA-20 (PK 4.3 a 5.5)
Badajoz,BA-20,6.0,7.0,25501.0,1149.0,4.51,BA-20 (PK 6.0 a 7.0)
A Coruña,FE-15,3.0,3.44,6790.0,380.0,5.6,FE-15 (PK 3.0 a 3.44)
León,LE-20,144.4,145.8,18003.0,1151.0,6.39,LE-20 (PK 144.4 a 145.8)
Burgos,N-1,312.2,314.7,3165.0,745.0,23.54,N-1 (PK 312.2 a 314.7)
Ávila,N-110,288.0,288.8,3911.0,206.0,5.27,N-110 (PK 288.0 a 288.8)
Ávila,N-110,344.5,346.4,2316.0,176.0,7.6,N-110 (PK 344.5 a 346.4)
Zaragoza,N-122,63.1,63.7,6692.0,1513.0,22.61,N-122 (PK 63.1 a 63.7)
Zaragoza,N-122,95.3,95.8,4955.0,1385.0,27.95,N-122 (PK 95.3 a 95.8)
La Rioja,N-232,446.4,446.8,6715.0,506.0,7.54,N-232 (PK 446.4 a 446.8)
Zaragoza,N-234,213.41,214.5,1580.0,172.0,10.89,N-234 (PK 213.41 a 214.5)
Albacete,N-301,193.84,195.6,2769.0,878.0,31.71,N-301 (PK 193.84 a 195.6)
Albacete,N-301,207.3,208.9,2818.0,1022.0,36.27,N-301 (PK 207.3 a 208.9)
Albacete,N-322A,405.8,406.1,1569.0,52.0,3.31,N-322A (PK 405.8 a 406.1)
Huesca,N-330,544.0,545.1,368.0,48.0,13.04,N-330 (PK 544.0 a 545.1)
Valencia,N-330A,160885,161.65,308.0,53.0,17.21,N-330A (PK 160.885 a 161.65)
Alicante/Alacant,N-340,726.9,727.2,15543.0,707.0,4.55,N-340 (PK 726.9 a 727.2)
Toledo,N-400,23.93,24.2,8098.0,912.0,11.26,N-400 (PK 23.93 a 24.2)
Badajoz,N-432,22.8,25.0,4716.0,525.0,11.13,N-432 (PK 22.8 a 25.0)
Córdoba,N-432,171.7,173.6,2709.0,423.0,15.61,N-432 (PK 171.7 a 173.6)
Córdoba,N-432,340.3,340.8,5505.0,930.0,16.89,N-432 (PK 340.3 a 340.8)
Huelva,N-433,103.4,103.7,4673.0,606.0,12.97,N-433 (PK 103.4 a 103.7)
Badajoz,N-5,406933,407555,1339.0,64.0,4.78,N-5 (PK 406.933 a 407.555)
Cáceres,N-521,0.0,0.7,3415.0,114.0,3.34,N-521 (PK 0.0 a 0.7)
Ourense,N-525,164.5,165.0,555.0,53.0,9.55,N-525 (PK 164.5 a 165.0)
Ourense,N-536,47.7,48.7,2526.0,87.0,3.44,N-536 (PK 47.7 a 48.7)
Pontevedra,N-541,59.9,60.5,3341.0,290.0,8.68,N-541 (PK 59.9 a 60.5)
Pontevedra,N-550,95.4,96.3,7122.0,658.0,9.24,N-550 (PK 95.4 a 96.3)
Cáceres,N-5A,259134,260.95,1742.0,65.0,3.73,N-5A (PK 259.134 a 260.95)
Salamanca,N-620,244.8,245.4,482.0,39.0,8.09,N-620 (PK 244.8 a 245.4)
Burgos,N-620A,32.1,33.16,774.0,62.0,8.01,N-620A (PK 32.1 a 33.16)
León,N-621,65.0,65.7,2625.0,202.0,7.7,N-621 (PK 65.0 a 65.7)
Burgos,N-622,78.9,79.85,683.0,127.0,18.59,N-622 (PK 78.9 a 79.85)
León,N-630,163.9,167.8,2857.0,399.0,13.97,N-630 (PK 163.9 a 167.8)
Badajoz,N-630,657.2,659.5,4581.0,335.0,7.31,N-630 (PK 657.2 a 659.5)
Asturias,N-634,360.3,361.3,8503.0,476.0,5.6,N-634 (PK 360.3 a 361.3)
Asturias,N-634,384.0,384.7,4230.0,411.0,9.72,N-634 (PK 384.0 a 384.7)
Lugo,N-634,613.6,615.1,2669.0,171.0,6.41,N-634 (PK 613.6 a 615.1)
A Coruña,N-634,676.7,677.9,5374.0,1337.0,24.88,N-634 (PK 676.7 a 677.9)
Pontevedra,N-640,203.1,204.6,4133.0,252.0,6.1,N-640 (PK 203.1 a 204.6)
A Coruña,N-651,17.3,17.9,12730.0,396.0,3.11,N-651 (PK 17.3 a 17.9)
A Coruña,N-651,27.0,27.6,9404.0,301.0,3.2,N-651 (PK 27.0 a 27.6)
Almería,A-7,823.5,824.7,30225.0,3502.0,11.59,A-7 (PK 823.5 a 824.7)
Cádiz,A-7,1091.2,1091.6,27212.0,2812.0,10.33,A-7 (PK 1091.2 a 1091.6)
Soria,A-15,0.0,1.4,6179.0,1924.0,31.14,A-15 (PK 0.0 a 1.4)
Huesca,A-21,96335,101.0,4103.0,243.0,5.92,A-21 (PK 96.335 a 101.0)
Huesca,A-23,384.0,387.35,9537.0,839.0,8.8,A-23 (PK 384.0 a 387.35)
Huesca,A-23,387.35,389.2,9537.0,839.0,8.8,A-23 (PK 387.35 a 389.2)
Albacete,A-31,165.54,167.3,14283.0,1830.0,12.81,A-31 (PK 165.54 a 167.3)
Jaén,A-44,0.0,2.4,23208.0,4132.0,17.8,A-44 (PK 0.0 a 2.4)
Granada,A-44,142.2,143.3,36297.0,2399.0,6.61,A-44 (PK 142.2 a 143.3)
Málaga,A-45,98.0,98.6,15915.0,2132.0,13.4,A-45 (PK 98.0 a 98.6)
Cádiz,A-48,35.8,36.36,13884.0,853.0,6.14,A-48 (PK 35.8 a 36.36)
Cáceres,A-5,193.5,196.1,15453.0,2865.0,18.54,A-5 (PK 193.5 a 196.1)
Cáceres,A-5,274.8,277.2,12981.0,2225.0,17.14,A-5 (PK 274.8 a 277.2)
Badajoz,A-5,406932,407821,11918.0,3339.0,28.02,A-5 (PK 406.932 a 407.821)
Badajoz,A-5,405.4,406932,11266.0,3018.0,26.79,A-5 (PK 405.4 a 406.932)
León,A-6,398.9,400.3,11222.0,4027.0,35.88,A-6 (PK 398.9 a 400.3)
Huelva,A-66,739.92,741.0,19051.0,3786.0,19.87,A-66 (PK 739.92 a 741.0)
Palencia,A-67,116.2,117.15,12457.0,1866.0,14.98,A-67 (PK 116.2 a 117.15)
Alicante/Alacant,A-70,34.25,34.7,63391.0,4888.0,7.71,A-70 (PK 34.25 a 34.7)
A Coruña,AC-12,4.4,5.0,44551.0,1435.0,3.22,AC-12 (PK 4.4 a 5.0)
Burgos,BU-11,3.6,4.08,22525.0,737.0,3.27,BU-11 (PK 3.6 a 4.08)
A Coruña,FE-11,0.7,1.0,5217.0,72.0,1.38,FE-11 (PK 0.7 a 1.0)
León,LE-11,7.4,9.0,11656.0,886.0,7.6,LE-11 (PK 7.4 a 9.0)
León,LE-20,142.9,143.5,18003.0,1151.0,6.39,LE-20 (PK 142.9 a 143.5)
Burgos,N-1,200.7,201.6,4736.0,1037.0,21.9,N-1 (PK 200.7 a 201.6)
Burgos,N-1,333.6,334.62,632.0,203.0,32.12,N-1 (PK 333.6 a 334.62)
Segovia,N-110,227.3,227.8,8042.0,1217.0,15.13,N-110 (PK 227.3 a 227.8)
Ávila,N-110,271.3,273.0,3786.0,287.0,7.58,N-110 (PK 271.3 a 273.0)
León,N-120,338.2,340.2,6617.0,971.0,14.67,N-120 (PK 338.2 a 340.2)
Ourense,N-120,594.6,594.9,7207.0,474.0,6.58,N-120 (PK 594.6 a 594.9)
Ourense,N-120,601.8,602.75,1069.0,70.0,6.55,N-120 (PK 601.8 a 602.75)
Segovia,N-1A,101.2,102.6,2758.0,199.0,7.22,N-1A (PK 101.2 a 102.6)
Guadalajara,N-211,66.9,68.0,2168.0,474.0,21.86,N-211 (PK 66.9 a 68.0)
Valencia,N-220,1.7,2.05,40528.0,2532.0,6.25,N-220 (PK 1.7 a 2.05)
Burgos,N-232,492.1,492.7,977.0,154.0,15.76,N-232 (PK 492.1 a 492.7)
Teruel,N-234,63.64,63.8,241.0,20.0,8.3,N-234 (PK 63.64 a 63.8)
Burgos,N-234,478.7,479.6,6658.0,1089.0,16.36,N-234 (PK 478.7 a 479.6)
Huesca,N-260,423.5,424.1,1882.0,92.0,4.89,N-260 (PK 423.5 a 424.1)
Huesca,N-2A,409.3,409.8,222.0,101.0,45.5,N-2A (PK 409.3 a 409.8)
Huesca,N-2A,409.8,411.21,222.0,101.0,45.5,N-2A (PK 409.8 a 411.21)
Cuenca,N-301,190.9,193.84,3102.0,1123.0,36.2,N-301 (PK 190.9 a 193.84)
Albacete,N-301,285.1,285.9,214.0,15.0,7.01,N-301 (PK 285.1 a 285.9)
Cuenca,N-320,147.9,148.2,2544.0,230.0,9.04,N-320 (PK 147.9 a 148.2)
Albacete,N-322,381.7,382.2,3202.0,558.0,17.43,N-322 (PK 381.7 a 382.2)
Jaén,N-323,57.9,58.3,309.0,30.0,9.71,N-323 (PK 57.9 a 58.3)
Jaén,N-323,62.7,62.9,309.0,30.0,9.71,N-323 (PK 62.7 a 62.9)
Granada,N-323,187.6,188.4,7866.0,503.0,6.39,N-323 (PK 187.6 a 188.4)
Zaragoza,N-330,420.4,424.2,333.0,125.0,37.54,N-330 (PK 420.4 a 424.2)
Córdoba,N-331,61.8,62.2,1637.0,115.0,7.03,N-331 (PK 61.8 a 62.2)
Córdoba,N-331,62.2,62.7,1637.0,115.0,7.03,N-331 (PK 62.2 a 62.7)
Alicante/Alacant,N-332,196.5,197.6,14129.0,1066.0,7.54,N-332 (PK 196.5 a 197.6)
Madrid,N-400,24.32,25.5,8098.0,912.0,11.26,N-400 (PK 24.32 a 25.5)
Toledo,N-400,80.9,81.6,284.0,32.0,11.27,N-400 (PK 80.9 a 81.6)
Ávila,N-403,93.9,94.7,6701.0,324.0,4.84,N-403 (PK 93.9 a 94.7)
Ávila,N-403,134.1,134.4,4731.0,354.0,7.48,N-403 (PK 134.1 a 134.4)
Badajoz,N-432,130.7,131.5,3715.0,581.0,15.64,N-432 (PK 130.7 a 131.5)
Jaén,N-432A,364775,365793,344.0,34.0,9.88,N-432A (PK 364.775 a 365.793)
Jaén,N-432A,394.8,395382,857.0,79.0,9.22,N-432A (PK 394.8 a 395.382)
Segovia,N-6,64.7,66.7,6698.0,1382.0,20.63,N-6 (PK 64.7 a 66.7)
León,N-6,312.4,314.3,1843.0,188.0,10.2,N-6 (PK 312.4 a 314.3)
León,N-6,326.1,327.2,1057.0,92.0,8.7,N-6 (PK 326.1 a 327.2)
León,N-6,401.4,402.4,2165.0,91.0,4.2,N-6 (PK 401.4 a 402.4)
Lugo,N-6,513.7,514.5,6466.0,544.0,8.41,N-6 (PK 513.7 a 514.5)
Lugo,N-6,514.5,515.4,6466.0,544.0,8.41,N-6 (PK 514.5 a 515.4)
A Coruña,N-6,562.9,564.2,1145.0,125.0,10.92,N-6 (PK 562.9 a 564.2)
Segovia,N-601,132.7,135.4,2715.0,1090.0,40.15,N-601 (PK 132.7 a 135.4)
León,N-601,320.9,322.1,3887.0,175.0,4.5,N-601 (PK 320.9 a 322.1)
Cáceres,N-630,461.6,461.9,480.0,50.0,10.42,N-630 (PK 461.6 a 461.9)
Badajoz,N-630,625.2,626.4,4651.0,332.0,7.14,N-630 (PK 625.2 a 626.4)
Badajoz,N-630,698.72,701.6,1527.0,103.0,6.75,N-630 (PK 698.72 a 701.6)
Asturias,N-634,527.3,528.6,3121.0,152.0,4.87,N-634 (PK 527.3 a 528.6)
Pontevedra,N-640,182915,184.5,4133.0,252.0,6.1,N-640 (PK 182.915 a 184.5)
Valencia,V-31,9.4,10.4,118636.0,8010.0,6.75,V-31 (PK 9.4 a 10.4)
Zaragoza,Z-40,33.1,34.17,45605.0,3127.0,6.86,Z-40 (PK 33.1 a 34.17)
La Rioja,A-12,117.5,119.9,7601.0,1346.0,17.71,A-12 (PK 117.5 a 119.9)
Zaragoza,A-23,316.2,317.2,20907.0,2495.0,11.93,A-23 (PK 316.2 a 317.2)
Toledo,A-42,68.9,69.6,56762.0,3086.0,5.44,A-42 (PK 68.9 a 69.6)
Cáceres,A-5,231.9,239.7,15182.0,2415.0,15.91,A-5 (PK 231.9 a 239.7)
Badajoz,A-5,402.7,405.4,11266.0,3018.0,26.79,A-5 (PK 402.7 a 405.4)
Madrid,A-5R,2.3,2.68,131389.0,5794.0,4.41,A-5R (PK 2.3 a 2.68)
Valladolid,A-62,124.6,125.8,48206.0,5087.0,10.55,A-62 (PK 124.6 a 125.8)
Badajoz,A-66,661.1,665.8,20795.0,4321.0,20.78,A-66 (PK 661.1 a 665.8)
Badajoz,A-66,683.9,686.8,15274.0,3215.0,21.05,A-66 (PK 683.9 a 686.8)
A Coruña,AC-12,7.1,7.4,29203.0,1157.0,3.96,AC-12 (PK 7.1 a 7.4)
Burgos,N-1,158.8,159.8,2701.0,832.0,30.8,N-1 (PK 158.8 a 159.8)
Burgos,N-1,199.69,200.7,4736.0,1037.0,21.9,N-1 (PK 199.69 a 200.7)
Burgos,N-1,295.0,296.9,2805.0,733.0,26.13,N-1 (PK 295.0 a 296.9)
Segovia,N-110,124.8,125.1,2615.0,236.0,9.02,N-110 (PK 124.8 a 125.1)
Segovia,N-110,205.0,206.2,2692.0,407.0,15.12,N-110 (PK 205.0 a 206.2)
Ávila,N-110,258.65,260.5,9172.0,453.0,4.94,N-110 (PK 258.65 a 260.5)
Soria,N-111,151.18,152.3,866.0,66.0,7.62,N-111 (PK 151.18 a 152.3)
Zaragoza,N-113,63795,64402,4653.0,2021.0,43.43,N-113 (PK 63.795 a 64.402)
La Rioja,N-113,78.84,80.8,4478.0,1945.0,43.43,N-113 (PK 78.84 a 80.8)
Palencia,N-120,197.0,197.7,513.0,68.0,13.26,N-120 (PK 197.0 a 197.7)
León,N-120,312.3,313.2,16337.0,2397.0,14.67,N-120 (PK 312.3 a 313.2)
Zaragoza,N-121,5.9,6.61,5765.0,254.0,4.41,N-121 (PK 5.9 a 6.61)
Madrid,N-1A,18.85,20.0,10040.0,366.0,3.65,N-1A (PK 18.85 a 20.0)
Madrid,N-1A,76.9,77.5,3464.0,126.0,3.64,N-1A (PK 76.9 a 77.5)
Guadalajara,N-211,60.0,60.3,2168.0,474.0,21.86,N-211 (PK 60.0 a 60.3)
La Rioja,N-232,456.9,457.5,5021.0,796.0,15.85,N-232 (PK 456.9 a 457.5)
Teruel,N-232A,100.05,100865,732.0,88.0,12.02,N-232A (PK 100.05 a 100.865)
Ciudad Real,N-310,53.3,54.0,2826.0,336.0,11.89,N-310 (PK 53.3 a 54.0)
Cuenca,N-320,189.3,190.4,1161.0,238.0,20.5,N-320 (PK 189.3 a 190.4)
Guadalajara,N-320A,270.3,271.0,460.0,30.0,6.52,N-320A (PK 270.3 a 271.0)
Toledo,N-400,80.2,80.9,284.0,32.0,11.27,N-400 (PK 80.2 a 80.9)
Ávila,N-403,134.4,135.12,10124.0,489.0,4.83,N-403 (PK 134.4 a 135.12)
Badajoz,N-430,110.0,113.6,6956.0,1128.0,16.22,N-430 (PK 110.0 a 113.6)
Badajoz,N-432,153.6,156.2,1988.0,564.0,28.37,N-432 (PK 153.6 a 156.2)
Córdoba,N-432A,194575,196.35,165.0,18.0,10.91,N-432A (PK 194.575 a 196.35)
Badajoz,N-5,330975,332.7,4570.0,261.0,5.71,N-5 (PK 330.975 a 332.7)
Toledo,N-502A,118.4,119.6,5070.0,377.0,7.44,N-502A (PK 118.4 a 119.6)
Cáceres,N-521,149.4,150.2,1364.0,109.0,7.99,N-521 (PK 149.4 a 150.2)
Ourense,N-525,198.1,198.6,7740.0,216.0,2.79,N-525 (PK 198.1 a 198.6)
León,N-536,30.8,31.3,1500.0,52.0,3.47,N-536 (PK 30.8 a 31.3)
Valladolid,N-601,148.2,148.3,3477.0,1102.0,31.69,N-601 (PK 148.2 a 148.3)
León,N-601,276.1,279.1,2710.0,487.0,17.97,N-601 (PK 276.1 a 279.1)
Cantabria,N-611,120.96,121.2,547.0,55.0,10.05,N-611 (PK 120.96 a 121.2)
Burgos,N-620A,21.6,22.56,1773.0,274.0,15.45,N-620A (PK 21.6 a 22.56)
Palencia,N-627,68.7,70.0,298.0,46.0,15.44,N-627 (PK 68.7 a 70.0)
Asturias,N-630,34.0,34.8,5436.0,448.0,8.24,N-630 (PK 34.0 a 34.8)
Badajoz,N-630,684.2,685.6,1990.0,133.0,6.68,N-630 (PK 684.2 a 685.6)
Asturias,N-634,442.0,442.8,2287.0,192.0,8.4,N-634 (PK 442.0 a 442.8)
Asturias,O-14,25.5,25.98,21072.0,1532.0,7.27,O-14 (PK 25.5 a 25.98)
Pontevedra,PO-10,0.0,1.0,32557.0,2096.0,6.44,PO-10 (PK 0.0 a 1.0)
Sevilla,SE-40,21.6,23.2,18732.0,3487.0,18.62,SE-40 (PK 21.6 a 23.2)
Alicante/Alacant,A-7,529.1,529.5,49639.0,6416.0,12.93,A-7 (PK 529.1 a 529.5)
Jaén,A-32,62.75,66.75,6575.0,541.0,8.23,A-32 (PK 62.75 a 66.75)
Toledo,A-40,218.7,220.7,6344.0,1794.0,28.28,A-40 (PK 218.7 a 220.7)
Cuenca,A-43,141073,143.3,13300.0,4180.0,31.43,A-43 (PK 141.073 a 143.3)
Jaén,A-44,77.0,77.88,23105.0,3741.0,16.19,A-44 (PK 77.0 a 77.88)
Cáceres,A-5,267.5,269.2,12652.0,2249.0,17.78,A-5 (PK 267.5 a 269.2)
Badajoz,A-5,341.0,343.8,25962.0,4053.0,15.61,A-5 (PK 341.0 a 343.8)
Badajoz,A-66,658.8,661.1,18047.0,4209.0,23.32,A-66 (PK 658.8 a 661.1)
Asturias,GJ-10,4.2,4515,29888.0,2474.0,8.28,GJ-10 (PK 4.2 a 4.515)
Murcia,MU-31,0.0,1.1,12893.0,1525.0,11.83,MU-31 (PK 0.0 a 1.1)
Segovia,N-1,117.5,118.2,2632.0,207.0,7.86,N-1 (PK 117.5 a 118.2)
Segovia,N-1,118.2,118.9,2632.0,207.0,7.86,N-1 (PK 118.2 a 118.9)
Ávila,N-110,262.1,262.6,9172.0,453.0,4.94,N-110 (PK 262.1 a 262.6)
León,N-120,330.5,334.0,9113.0,1351.0,14.82,N-120 (PK 330.5 a 334.0)
Pontevedra,N-120,644.6,644.9,15572.0,631.0,4.05,N-120 (PK 644.6 a 644.9)
Burgos,N-122,247.06,248.3,5710.0,1761.0,30.84,N-122 (PK 247.06 a 248.3)
Burgos,N-122,259.3,262.8,5710.0,1761.0,30.84,N-122 (PK 259.3 a 262.8)
Burgos,N-232,487.0,487.9,977.0,154.0,15.76,N-232 (PK 487.0 a 487.9)
Burgos,N-234,482.1,482.2,6658.0,1089.0,16.36,N-234 (PK 482.1 a 482.2)
Huesca,N-240A,196.5,197.3,88.0,8.0,9.09,N-240A (PK 196.5 a 197.3)
Cuenca,N-320,134.0,134.7,5774.0,524.0,9.08,N-320 (PK 134.0 a 134.7)
Albacete,N-322,422.3,423.0,1385.0,224.0,16.17,N-322 (PK 422.3 a 423.0)
Zaragoza,N-330,444.0,445.2,332.0,124.0,37.35,N-330 (PK 444.0 a 445.2)
Cádiz,N-4,642.65,645.0,53094.0,2381.0,4.48,N-4 (PK 642.65 a 645.0)
Madrid,N-400,25.5,26.6,8098.0,912.0,11.26,N-400 (PK 25.5 a 26.6)
Cuenca,N-420,382.5,384.0,1640.0,188.0,11.46,N-420 (PK 382.5 a 384.0)
Cuenca,N-420,472.0,473.2,1550.0,269.0,17.35,N-420 (PK 472.0 a 473.2)
Badajoz,N-432,156.2,158.4,1988.0,564.0,28.37,N-432 (PK 156.2 a 158.4)
Córdoba,N-432,160.0,162.0,2329.0,364.0,15.63,N-432 (PK 160.0 a 162.0)
Córdoba,N-432,198.9,200.7,5354.0,585.0,10.93,N-432 (PK 198.9 a 200.7)
Badajoz,N-5,372.8,373815,374.0,17.0,4.55,N-5 (PK 372.8 a 373.815)
Toledo,N-502,163.3,164.0,57.0,4.0,7.02,N-502 (PK 163.3 a 164.0)
Badajoz,N-502,262.5,264072,460.0,31.0,6.74,N-502 (PK 262.5 a 264.072)
Badajoz,N-523,81.2,82.4,17033.0,1537.0,9.02,N-523 (PK 81.2 a 82.4)
Zamora,N-525,76.7,77.5,1322.0,129.0,9.76,N-525 (PK 76.7 a 77.5)
León,N-536,3.8,5.1,1631.0,57.0,3.49,N-536 (PK 3.8 a 5.1)
Lugo,N-540,13.4,14.6,4795.0,622.0,12.97,N-540 (PK 13.4 a 14.6)
Lugo,N-540,19.6,21.1,4742.0,682.0,14.38,N-540 (PK 19.6 a 21.1)
Lugo,N-540,59.3,59.8,2682.0,217.0,8.09,N-540 (PK 59.3 a 59.8)
A Coruña,N-550,3.58,4.08,21769.0,557.0,2.56,N-550 (PK 3.58 a 4.08)
Pontevedra,N-550,127.5,128.3,20769.0,1289.0,6.21,N-550 (PK 127.5 a 128.3)
León,N-6,345.6,346.5,390.0,33.0,8.46,N-6 (PK 345.6 a 346.5)
León,N-6,348.1,348.5,471.0,44.0,9.34,N-6 (PK 348.1 a 348.5)
León,N-6,400.8,401.4,2165.0,91.0,4.2,N-6 (PK 400.8 a 401.4)
Lugo,N-6,432.09,432.5,405.0,30.0,7.41,N-6 (PK 432.09 a 432.5)
León,N-601,322.1,323.0,9600.0,418.0,4.35,N-601 (PK 322.1 a 323.0)
Palencia,N-610,25.5,26.5,2213.0,777.0,35.11,N-610 (PK 25.5 a 26.5)
Palencia,N-620,42.13,43.5,628.0,213.0,33.92,N-620 (PK 42.13 a 43.5)
Palencia,N-620,43.5,44.86,628.0,213.0,33.92,N-620 (PK 43.5 a 44.86)
León,N-630,200.5,202.5,1721.0,344.0,19.99,N-630 (PK 200.5 a 202.5)
Cáceres,N-630,564.1,565.3,2725.0,159.0,5.83,N-630 (PK 564.1 a 565.3)
Lugo,N-634,581.2,581.7,2483.0,173.0,6.97,N-634 (PK 581.2 a 581.7)
Lugo,N-640,30.36,30.9,1407.0,142.0,10.09,N-640 (PK 30.36 a 30.9)
Pontevedra,N-640,222.5,223.1,7288.0,802.0,11.0,N-640 (PK 222.5 a 223.1)
Murcia,A-7,662.1,662.89,17224.0,3567.0,20.71,A-7 (PK 662.1 a 662.89)
Málaga,A-7,1071.0,1071.35,32753.0,2756.0,8.41,A-7 (PK 1071.0 a 1071.35)
Jaén,A-32,66.75,72.0,6575.0,541.0,8.23,A-32 (PK 66.75 a 72.0)
Burgos,A-1,197.6,199.2,23627.0,4704.0,19.91,A-1 (PK 197.6 a 199.2)
Albacete,A-31,91.2,93.0,18247.0,1981.0,10.86,A-31 (PK 91.2 a 93.0)
Toledo,A-4,52.2,52.9,47308.0,10459.0,22.11,A-4 (PK 52.2 a 52.9)
Valladolid,A-62,153.2,154.9,25743.0,6518.0,25.32,A-62 (PK 153.2 a 154.9)
A Coruña,AC-12,0.3,1.4,15361.0,535.0,3.48,AC-12 (PK 0.3 a 1.4)
A Coruña,AC-14,1.0,2.2,16311.0,477.0,2.92,AC-14 (PK 1.0 a 2.2)
Burgos,BU-11R,2.68,3.55,4639.0,1016.0,21.9,BU-11R (PK 2.68 a 3.55)
León,LE-20,145.8,147.0,32933.0,1415.0,4.3,LE-20 (PK 145.8 a 147.0)
León,LE-30,2.5,3.6,24020.0,1968.0,8.19,LE-30 (PK 2.5 a 3.6)
Burgos,N-1,176.9,178.3,114.0,25.0,21.93,N-1 (PK 176.9 a 178.3)
Segovia,N-110,213.8,216.2,2480.0,295.0,11.9,N-110 (PK 213.8 a 216.2)
Ávila,N-110,273.0,274.1,3786.0,287.0,7.58,N-110 (PK 273.0 a 274.1)
Segovia,N-110A,95.9,96.6,1270.0,180.0,14.17,N-110A (PK 95.9 a 96.6)
Burgos,N-120,107.3,107.98,7135.0,1306.0,18.3,N-120 (PK 107.3 a 107.98)
León,N-120,321.7,322.5,9113.0,1351.0,14.82,N-120 (PK 321.7 a 322.5)
Zaragoza,N-122,83.8,84.8,5422.0,1446.0,26.67,N-122 (PK 83.8 a 84.8)
Burgos,N-122,283.2,284.8,5275.0,1762.0,33.4,N-122 (PK 283.2 a 284.8)
Girona,N-156,1.3,1.58,7310.0,1277.0,17.47,N-156 (PK 1.3 a 1.58)
Zaragoza,N-2,342.5,344.6,5506.0,1164.0,21.14,N-2 (PK 342.5 a 344.6)
Teruel,N-232A,83.7,84.14,28.0,4.0,14.29,N-232A (PK 83.7 a 84.14)
Huesca,N-240,196.5,197.8,1129.0,71.0,6.29,N-240 (PK 196.5 a 197.8)
Madrid,N-3,40.1,40.81,4179.0,485.0,11.61,N-3 (PK 40.1 a 40.81)
Jaén,N-323,57.5,57.9,309.0,30.0,9.71,N-323 (PK 57.5 a 57.9)
Huesca,N-330,641.1,642.1,570.0,56.0,9.82,N-330 (PK 641.1 a 642.1)
Cádiz,N-340,35.0,36.28,12976.0,740.0,5.7,N-340 (PK 35.0 a 36.28)
Toledo,N-401A,92.4,94.4,5439.0,951.0,17.48,N-401A (PK 92.4 a 94.4)
Ciudad Real,N-420,161.0,161.2,595.0,25.0,4.2,N-420 (PK 161.0 a 161.2)
Teruel,N-420,617.5,618.7,2255.0,354.0,15.7,N-420 (PK 617.5 a 618.7)
Albacete,N-430,511.6,512.43,3076.0,264.0,8.58,N-430 (PK 511.6 a 512.43)
Badajoz,N-432A,39.8,41.4,3268.0,408.0,12.48,N-432A (PK 39.8 a 41.4)
Badajoz,N-432A,43.0,43.7,3268.0,408.0,12.48,N-432A (PK 43.0 a 43.7)
Córdoba,N-432A,159.7,160.8,160.0,4.0,2.5,N-432A (PK 159.7 a 160.8)
Badajoz,N-5,383.0,384.1,4847.0,190.0,3.92,N-5 (PK 383.0 a 384.1)
Badajoz,N-502,243.5,244.8,1777.0,246.0,13.84,N-502 (PK 243.5 a 244.8)
Ourense,N-525,261.2,262.4,2046.0,162.0,7.92,N-525 (PK 261.2 a 262.4)
León,N-6,278.8,279.6,885.0,65.0,7.34,N-6 (PK 278.8 a 279.6)
A Coruña,N-6,576.8,578.2,15162.0,1754.0,11.57,N-6 (PK 576.8 a 578.2)
Cantabria,N-611,135665,137.1,797.0,31.0,3.89,N-611 (PK 135.665 a 137.1)
Burgos,N-623,12.4,13838,1037.0,84.0,8.1,N-623 (PK 12.4 a 13.838)
Burgos,N-629,18.2,18.9,2696.0,255.0,9.46,N-629 (PK 18.2 a 18.9)
Asturias,N-630,33664,34.0,5436.0,448.0,8.24,N-630 (PK 33.664 a 34.0)
Badajoz,N-630,664.0,665.3,4581.0,335.0,7.31,N-630 (PK 664.0 a 665.3)
Asturias,N-634,283.5,283.8,1148.0,89.0,7.75,N-634 (PK 283.5 a 283.8)
Lugo,N-634,607.7,609.3,2669.0,171.0,6.41,N-634 (PK 607.7 a 609.3)
Pontevedra,N-640,211.1,213.2,5717.0,450.0,7.87,N-640 (PK 211.1 a 213.2)
Pontevedra,PO-11,0.1,1.26,24227.0,1485.0,6.13,PO-11 (PK 0.1 a 1.26)
Segovia,SG-20,5.4,8.2,23897.0,1634.0,6.84,SG-20 (PK 5.4 a 8.2)
Madrid,A-1,19.2,20.4,156308.0,5912.0,3.78,A-1 (PK 19.2 a 20.4)
Huesca,A-23,360.3,361.7,15892.0,1502.0,9.45,A-23 (PK 360.3 a 361.7)
Ciudad Real,A-4,133.7,134.8,24958.0,6373.0,25.53,A-4 (PK 133.7 a 134.8)
Cuenca,A-40,308.7,309.86,9259.0,826.0,8.92,A-40 (PK 308.7 a 309.86)
Toledo,A-42,47.2,48.3,44427.0,4384.0,9.87,A-42 (PK 47.2 a 48.3)
Asturias,A-66,24.0,25.0,36429.0,2864.0,7.86,A-66 (PK 24.0 a 25.0)
Zaragoza,A-68,255.4,257.3,45081.0,9363.0,20.77,A-68 (PK 255.4 a 257.3)
A Coruña,AC-14,3023,3.4,31194.0,1073.0,3.44,AC-14 (PK 3.023 a 3.4)
A Coruña,AC-14,2.2,3023,30053.0,927.0,3.08,AC-14 (PK 2.2 a 3.023)
León,LE-30,0.0,1.0,24020.0,1968.0,8.19,LE-30 (PK 0.0 a 1.0)
Burgos,N-1,157.3,158.8,2701.0,832.0,30.8,N-1 (PK 157.3 a 158.8)
Segovia,N-110,107.4,109.6,2419.0,205.0,8.47,N-110 (PK 107.4 a 109.6)
León,N-120,327.7,330.5,9113.0,1351.0,14.82,N-120 (PK 327.7 a 330.5)
Girona,N-152,1.4,1.74,6732.0,76.0,1.13,N-152 (PK 1.4 a 1.74)
Teruel,N-232,118.9,119.7,3501.0,361.0,10.31,N-232 (PK 118.9 a 119.7)
Cuenca,N-301,134351,135.6,2726.0,1036.0,38.0,N-301 (PK 134.351 a 135.6)
Albacete,N-301,208.9,209.9,2818.0,1022.0,36.27,N-301 (PK 208.9 a 209.9)
Murcia,N-301,356.6,357.3,842.0,118.0,14.01,N-301 (PK 356.6 a 357.3)
Guadalajara,N-320,271.8,272.37,19068.0,1371.0,7.19,N-320 (PK 271.8 a 272.37)
Jaén,N-322,153.8,154.6,10601.0,589.0,5.56,N-322 (PK 153.8 a 154.6)
Jaén,N-322A,186.2,186.7,2779.0,106.0,3.81,N-322A (PK 186.2 a 186.7)
Toledo,N-401,78879,80.0,17693.0,1728.0,9.77,N-401 (PK 78.879 a 80.0)
Badajoz,N-432,0.01,1.69,16019.0,793.0,4.95,N-432 (PK 0.01 a 1.69)
Badajoz,N-432A,19419,21.7,1710.0,178.0,10.41,N-432A (PK 19.419 a 21.7)
Huelva,N-433,127.1,128.0,1621.0,146.0,9.01,N-433 (PK 127.1 a 128.0)
Huelva,N-435,107.3,108.5,1258.0,218.0,17.33,N-435 (PK 107.3 a 108.5)
Pontevedra,N-525,278.0,278.8,566.0,53.0,9.36,N-525 (PK 278.0 a 278.8)
Ourense,N-541,26.7,27.0,4757.0,262.0,5.51,N-541 (PK 26.7 a 27.0)
Pontevedra,N-550,138.9,139.8,13236.0,1166.0,8.81,N-550 (PK 138.9 a 139.8)
León,N-6,330.9,331.8,1057.0,92.0,8.7,N-6 (PK 330.9 a 331.8)
Lugo,N-6,432.8,433.3,405.0,30.0,7.41,N-6 (PK 432.8 a 433.3)
Lugo,N-6,458.7,459.3,2124.0,162.0,7.63,N-6 (PK 458.7 a 459.3)
León,N-601,300.6,302.1,2478.0,426.0,17.19,N-601 (PK 300.6 a 302.1)
Salamanca,N-620,266.8,269.2,671.0,27.0,4.02,N-620 (PK 266.8 a 269.2)
Salamanca,N-630,336.0,336.02,4971.0,195.0,3.92,N-630 (PK 336.0 a 336.02)
Salamanca,N-630,339.3,339.75,8074.0,235.0,2.91,N-630 (PK 339.3 a 339.75)
Badajoz,N-630,685.6,687925,1990.0,133.0,6.68,N-630 (PK 685.6 a 687.925)
Badajoz,N-630,687925,689.5,1527.0,103.0,6.75,N-630 (PK 687.925 a 689.5)
Asturias,N-632,124.0,124.8,3556.0,167.0,4.7,N-632 (PK 124.0 a 124.8)
Cantabria,N-634,276.8,277.1,4577.0,379.0,8.28,N-634 (PK 276.8 a 277.1)
Lugo,N-634,610.0,611.5,2669.0,171.0,6.41,N-634 (PK 610.0 a 611.5)
Segovia,SG-20,8.2,9.8,20664.0,2068.0,10.01,SG-20 (PK 8.2 a 9.8)
Burgos,A-11,111.5,112.4,4866.0,1653.0,33.97,A-11 (PK 111.5 a 112.4)
Zaragoza,A-23,276.3,277.6,19880.0,251.0,1.26,A-23 (PK 276.3 a 277.6)
Cuenca,A-3,78.9,80.3,32352.0,4733.0,14.63,A-3 (PK 78.9 a 80.3)
Palencia,A-67,100.1,102.9,8533.0,1079.0,12.65,A-67 (PK 100.1 a 102.9)
Zaragoza,A-68,264.1,265.5,26424.0,7209.0,27.28,A-68 (PK 264.1 a 265.5)
Zaragoza,A-68,269.8,272.2,36298.0,10662.0,29.37,A-68 (PK 269.8 a 272.2)
Burgos,BU-30R,9.2,11.0,5197.0,1027.0,19.76,BU-30R (PK 9.2 a 11.0)
Madrid,M-40,0.0,0.2,73776.0,4554.0,6.17,M-40 (PK 0.0 a 0.2)
Málaga,MA-23,0.0,1949,22715.0,436.0,1.92,MA-23 (PK 0.0 a 1.949)
Segovia,N-110,160.2,162.1,2228.0,161.0,7.23,N-110 (PK 160.2 a 162.1)
Ávila,N-110,262.6,263.9,4551.0,346.0,7.6,N-110 (PK 262.6 a 263.9)
Ávila,N-110,306.8,308.0,3716.0,283.0,7.62,N-110 (PK 306.8 a 308.0)
León,N-120,334.6,335.3,9857.0,1446.0,14.67,N-120 (PK 334.6 a 335.3)
Lugo,N-120A,547.1,548.8,1280.0,114.0,8.91,N-120A (PK 547.1 a 548.8)
Soria,N-122,213.5,213.6,2134.0,123.0,5.76,N-122 (PK 213.5 a 213.6)
Huesca,N-260,436.2,436.5,1882.0,92.0,4.89,N-260 (PK 436.2 a 436.5)
Jaén,N-322,223.8,225.1,4337.0,558.0,12.87,N-322 (PK 223.8 a 225.1)
Valencia,N-330,274.0,274.44,1366.0,208.0,15.23,N-330 (PK 274.0 a 274.44)
Almería,N-340A,520.2,520.6,1137.0,53.0,4.66,N-340A (PK 520.2 a 520.6)
Toledo,N-400,87.0,88.0,127.0,14.0,11.02,N-400 (PK 87.0 a 88.0)
Córdoba,N-432,165.7,169.2,2709.0,423.0,15.61,N-432 (PK 165.7 a 169.2)
Córdoba,N-432,173.6,176.0,2709.0,423.0,15.61,N-432 (PK 173.6 a 176.0)
Badajoz,N-435,45.4,46.4,2183.0,283.0,12.96,N-435 (PK 45.4 a 46.4)
Badajoz,N-435,102.3,104.33,1508.0,195.0,12.93,N-435 (PK 102.3 a 104.33)
Badajoz,N-502,216.3,218.0,1385.0,192.0,13.86,N-502 (PK 216.3 a 218.0)
Cáceres,N-521,46.2,47.13,6844.0,352.0,5.14,N-521 (PK 46.2 a 47.13)
Zamora,N-525,103.5,104.7,373.0,37.0,9.92,N-525 (PK 103.5 a 104.7)
Pontevedra,N-525,279.7,280.8,566.0,53.0,9.36,N-525 (PK 279.7 a 280.8)
A Coruña,N-525,321.31,321.9,5633.0,446.0,7.92,N-525 (PK 321.31 a 321.9)
Ourense,N-542,0.0,0.8,23621.0,987.0,4.18,N-542 (PK 0.0 a 0.8)
A Coruña,N-550,26.7,27.4,6607.0,659.0,9.97,N-550 (PK 26.7 a 27.4)
Pontevedra,N-550,141.5,142.2,13236.0,1166.0,8.81,N-550 (PK 141.5 a 142.2)
Ávila,N-6,91.0,93.89,9210.0,1217.0,13.21,N-6 (PK 91.0 a 93.89)
A Coruña,N-6,573.7,574.9,7489.0,482.0,6.44,N-6 (PK 573.7 a 574.9)
Burgos,N-629,30.7,32.2,3812.0,279.0,7.32,N-629 (PK 30.7 a 32.2)
Cáceres,N-630,443.5,445.2,480.0,50.0,10.42,N-630 (PK 443.5 a 445.2)
Cáceres,N-630,445.2,448.4,480.0,50.0,10.42,N-630 (PK 445.2 a 448.4)
Palencia,N-627,70.0,70.7,298.0,46.0,15.44,N-627 (PK 70.0 a 70.7)
Burgos,A-1,152.0,153.5,19361.0,3936.0,20.33,A-1 (PK 152.0 a 153.5)
Soria,A-11,26278,36.6,3933.0,1411.0,35.88,A-11 (PK 26.278 a 36.6)
Soria,A-11,21218,26278,4026.0,1380.0,34.28,A-11 (PK 21.218 a 26.278)
Murcia,A-30,190.8,191.7,27346.0,5358.0,19.59,A-30 (PK 190.8 a 191.7)
Pontevedra,A-55,13.7,14.5,64322.0,4315.0,6.71,A-55 (PK 13.7 a 14.5)
Cáceres,A-58,41.5,45527,8314.0,300.0,3.61,A-58 (PK 41.5 a 45.527)
Madrid,A-6,29.0,30.0,104900.0,16025.0,15.28,A-6 (PK 29.0 a 30.0)
Lugo,A-6,487.6,488.5,15449.0,2782.0,18.01,A-6 (PK 487.6 a 488.5)
Burgos,A-62,17.7,20.7,17769.0,6442.0,36.25,A-62 (PK 17.7 a 20.7)
Burgos,A-62,44.63,48.08,16022.0,5207.0,32.5,A-62 (PK 44.63 a 48.08)
Zamora,A-62,192.85,195.2,12998.0,4286.0,32.97,A-62 (PK 192.85 a 195.2)
Asturias,A-66,22.3,24.0,60964.0,3906.0,6.41,A-66 (PK 22.3 a 24.0)
Palencia,A-73,63.0,65125,3477.0,686.0,19.73,A-73 (PK 63.0 a 65.125)
Córdoba,CO-31,268.0,268.9,24148.0,1626.0,6.73,CO-31 (PK 268.0 a 268.9)
La Rioja,LO-20,0.0,1.9,20149.0,2428.0,12.05,LO-20 (PK 0.0 a 1.9)
Madrid,M-14,2.3,2.97,98084.0,2429.0,2.48,M-14 (PK 2.3 a 2.97)
Madrid,M-40,0.2,1.5,73776.0,4554.0,6.17,M-40 (PK 0.2 a 1.5)
Burgos,N-1,185.16,186.3,195.0,42.0,21.54,N-1 (PK 185.16 a 186.3)
Ávila,N-110,274.1,275.6,3786.0,287.0,7.58,N-110 (PK 274.1 a 275.6)
La Rioja,N-113,62.78,63795,4653.0,2021.0,43.43,N-113 (PK 62.78 a 63.795)
La Rioja,N-113,67.2,68.31,4653.0,2021.0,43.43,N-113 (PK 67.2 a 68.31)
Burgos,N-120,98.35,100.3,7135.0,1306.0,18.3,N-120 (PK 98.35 a 100.3)
Zaragoza,N-122,49.4,50.0,8147.0,2471.0,30.33,N-122 (PK 49.4 a 50.0)
Castellón,N-232,20.4,20.8,5257.0,366.0,6.96,N-232 (PK 20.4 a 20.8)
Zaragoza,N-232,242.6,243.8,18075.0,646.0,3.57,N-232 (PK 242.6 a 243.8)
Burgos,N-234,434.0,435.6,2345.0,335.0,14.29,N-234 (PK 434.0 a 435.6)
Girona,N-260,56.7,58.7,7592.0,628.0,8.27,N-260 (PK 56.7 a 58.7)
Toledo,N-301,99.1,99.6,3462.0,1345.0,38.85,N-301 (PK 99.1 a 99.6)
Jaén,N-322A,186.7,187.2,2779.0,106.0,3.81,N-322A (PK 186.7 a 187.2)
Valencia,N-322A,425.38,425.8,163.0,5.0,3.07,N-322A (PK 425.38 a 425.8)
Valencia,N-332,244.15,244.2,10592.0,1015.0,9.58,N-332 (PK 244.15 a 244.2)
Tarragona,N-340,1160.77,1160.93,18092.0,2526.0,13.96,N-340 (PK 1160.77 a 1160.93)
Ciudad Real,N-430,361.2,362.0,2455.0,374.0,15.23,N-430 (PK 361.2 a 362.0)
Ciudad Real,N-430,414.5,414.8,1286.0,106.0,8.24,N-430 (PK 414.5 a 414.8)
Albacete,N-430,448.2,449.0,1714.0,158.0,9.22,N-430 (PK 448.2 a 449.0)
Albacete,N-430A,454666,455.7,2242.0,192.0,8.56,N-430A (PK 454.666 a 455.7)
Granada,N-432,410.0,410.7,8154.0,1452.0,17.81,N-432 (PK 410.0 a 410.7)
Córdoba,N-432A,241.9,244.0,73.0,9.0,12.33,N-432A (PK 241.9 a 244.0)
Huelva,N-435,128.4,129.3,1360.0,236.0,17.35,N-435 (PK 128.4 a 129.3)
Ávila,N-501,4.0,5.0,1022.0,75.0,7.34,N-501 (PK 4.0 a 5.0)
Córdoba,N-502,360.2,361.6,2164.0,223.0,10.3,N-502 (PK 360.2 a 361.6)
Cáceres,N-521,47.8,48741,6844.0,352.0,5.14,N-521 (PK 47.8 a 48.741)
Ourense,N-525,120.2,120.5,1787.0,173.0,9.68,N-525 (PK 120.2 a 120.5)
Pontevedra,N-525,305.8,307.3,7534.0,410.0,5.44,N-525 (PK 305.8 a 307.3)
A Coruña,N-525,331.6,332.5,9881.0,805.0,8.15,N-525 (PK 331.6 a 332.5)
A Coruña,N-550,83601,84268,14812.0,937.0,6.33,N-550 (PK 83.601 a 84.268)
Pontevedra,N-550,142.2,142.7,9737.0,1129.0,11.59,N-550 (PK 142.2 a 142.7)
León,N-6,320.0,321.1,1843.0,188.0,10.2,N-6 (PK 320.0 a 321.1)
Lugo,N-6,484.6,485.6,3957.0,222.0,5.61,N-6 (PK 484.6 a 485.6)
Lugo,N-6,493.7,494.1,1535.0,209.0,13.62,N-6 (PK 493.7 a 494.1)
Lugo,N-6,515.4,516.3,6466.0,544.0,8.41,N-6 (PK 515.4 a 516.3)
Segovia,N-601,112.7,113787,2538.0,907.0,35.74,N-601 (PK 112.7 a 113.787)
Segovia,N-601,113787,114.9,2762.0,949.0,34.36,N-601 (PK 113.787 a 114.9)
Valladolid,N-601,233.0,233.2,5823.0,677.0,11.63,N-601 (PK 233.0 a 233.2)
León,N-601,310.8,314.9,4172.0,214.0,5.13,N-601 (PK 310.8 a 314.9)
Palencia,N-622,88.0,89.0,683.0,127.0,18.59,N-622 (PK 88.0 a 89.0)
Burgos,N-623,72.7,75.0,1088.0,59.0,5.42,N-623 (PK 72.7 a 75.0)
Burgos,N-623,89.0,90.0,1906.0,195.0,10.23,N-623 (PK 89.0 a 90.0)
Badajoz,N-630,681.5,684.2,706.0,47.0,6.66,N-630 (PK 681.5 a 684.2)
Asturias,N-632,106.8,107.6,6332.0,236.0,3.73,N-632 (PK 106.8 a 107.6)
Asturias,N-634,283.8,284.4,1148.0,89.0,7.75,N-634 (PK 283.8 a 284.4)
Lugo,N-642,54.4,55.0,7496.0,365.0,4.87,N-642 (PK 54.4 a 55.0)
A Coruña,N-651,6.9,7.5,12730.0,396.0,3.11,N-651 (PK 6.9 a 7.5)
A Coruña,N-651,16.8,17.3,12730.0,396.0,3.11,N-651 (PK 16.8 a 17.3)
Asturias,O-12,0.0,1.36,9942.0,337.0,3.39,O-12 (PK 0.0 a 1.36)
Guadalajara,A-2,41.6,44.0,89725.0,12674.0,14.13,A-2 (PK 41.6 a 44.0)
Huesca,A-21,92.3,96335,4103.0,243.0,5.92,A-21 (PK 92.3 a 96.335)
Teruel,A-23,201.6,202.6,10264.0,2870.0,27.96,A-23 (PK 201.6 a 202.6)
Albacete,A-32,217426,223.0,3414.0,470.0,13.77,A-32 (PK 217.426 a 223.0)
Albacete,A-33,75.0,77.5,16529.0,5850.0,35.39,A-33 (PK 75.0 a 77.5)
Toledo,A-40,194.0,196.0,8006.0,1576.0,19.69,A-40 (PK 194.0 a 196.0)
Burgos,A-73,53.7,58.83,3309.0,799.0,24.15,A-73 (PK 53.7 a 58.83)
Asturias,A-8,504.3,505.54,13622.0,1870.0,13.73,A-8 (PK 504.3 a 505.54)
A Coruña,AC-12,4.16,4.4,76068.0,2175.0,2.86,AC-12 (PK 4.16 a 4.4)
Ávila,AV-20,6.5,8.2,6196.0,538.0,8.68,AV-20 (PK 6.5 a 8.2)
Cádiz,CA-32,1.3,4.2,29078.0,1454.0,5.0,CA-32 (PK 1.3 a 4.2)
León,LE-20,147.0,148.5,32933.0,1415.0,4.3,LE-20 (PK 147.0 a 148.5)
Lugo,LU-11,1.3,2.1,8557.0,325.0,3.8,LU-11 (PK 1.3 a 2.1)
Burgos,N-1,332.2,333.6,632.0,203.0,32.12,N-1 (PK 332.2 a 333.6)
Segovia,N-110,217.3,218.8,2762.0,437.0,15.82,N-110 (PK 217.3 a 218.8)
Cáceres,N-110,380.7,382.2,4825.0,254.0,5.26,N-110 (PK 380.7 a 382.2)
Burgos,N-120,77.1,77.99,4775.0,873.0,18.28,N-120 (PK 77.1 a 77.99)
Ourense,N-120,573.65,574.37,5359.0,396.0,7.39,N-120 (PK 573.65 a 574.37)
León,N-120A,344.5,345.5,2580.0,378.0,14.65,N-120A (PK 344.5 a 345.5)
Burgos,N-122A,251.3,252.25,116.0,25.0,21.55,N-122A (PK 251.3 a 252.25)
Burgos,N-1A,288.9,289.0,270.0,58.0,21.48,N-1A (PK 288.9 a 289.0)
Teruel,N-211,139.3,139.7,737.0,127.0,17.23,N-211 (PK 139.3 a 139.7)
Burgos,N-232,480.7,482.2,977.0,154.0,15.76,N-232 (PK 480.7 a 482.2)
Zaragoza,N-232A,217.4,219.0,8029.0,1062.0,13.23,N-232A (PK 217.4 a 219.0)
Zaragoza,N-234,272.3,274.4,1999.0,329.0,16.46,N-234 (PK 272.3 a 274.4)
Cuenca,N-320,164.7,165.7,6395.0,375.0,5.86,N-320 (PK 164.7 a 165.7)
Zaragoza,N-330,531.6,532.0,368.0,48.0,13.04,N-330 (PK 531.6 a 532.0)
Almería,N-340A,519.4,519.65,1137.0,53.0,4.66,N-340A (PK 519.4 a 519.65)
Huelva,N-431,127.4,127.7,8834.0,462.0,5.23,N-431 (PK 127.4 a 127.7)
Badajoz,N-432A,153579,155.2,1143.0,101.0,8.84,N-432A (PK 153.579 a 155.2)
Huelva,N-435A,110.8,111.15,894.0,200.0,22.37,N-435A (PK 110.8 a 111.15)
Huelva,N-435A,111.15,112.15,894.0,200.0,22.37,N-435A (PK 111.15 a 112.15)
Ávila,N-502,20.7,21.1,2198.0,140.0,6.37,N-502 (PK 20.7 a 21.1)
Toledo,N-502,146.6,148.8,1652.0,122.0,7.38,N-502 (PK 146.6 a 148.8)
Badajoz,N-502,241.8,243.1,1777.0,246.0,13.84,N-502 (PK 241.8 a 243.1)
Cáceres,N-521,141.8,143.0,1654.0,121.0,7.32,N-521 (PK 141.8 a 143.0)
Badajoz,N-523,80.4,81.2,17033.0,1537.0,9.02,N-523 (PK 80.4 a 81.2)
Zamora,N-525,87.7,89.5,1767.0,172.0,9.73,N-525 (PK 87.7 a 89.5)
León,N-536,31.3,32.2,1500.0,52.0,3.47,N-536 (PK 31.3 a 32.2)
Lugo,N-540,24.5,25.2,4742.0,682.0,14.38,N-540 (PK 24.5 a 25.2)
León,N-6,399.7,400.8,7356.0,308.0,4.19,N-6 (PK 399.7 a 400.8)
León,N-601,302.1,304.1,1631.0,92.0,5.64,N-601 (PK 302.1 a 304.1)
Palencia,N-611,39.3,40.0,655.0,164.0,25.04,N-611 (PK 39.3 a 40.0)
Burgos,N-627,52.8,54.3,3608.0,862.0,23.89,N-627 (PK 52.8 a 54.3)
Badajoz,N-630,659.5,664.0,4581.0,335.0,7.31,N-630 (PK 659.5 a 664.0)
Lugo,N-634,615.4,618.8,2669.0,171.0,6.41,N-634 (PK 615.4 a 618.8)
A Coruña,N-634,675.8,676.7,5374.0,1337.0,24.88,N-634 (PK 675.8 a 676.7)
Palencia,P-12,2.1,3.4,5944.0,382.0,6.43,P-12 (PK 2.1 a 3.4)
Almería,A-7,695.7,696.5,14066.0,4021.0,28.59,A-7 (PK 695.7 a 696.5)
Guadalajara,A-2,38.76,41.6,90124.0,16071.0,17.83,A-2 (PK 38.76 a 41.6)
Girona,A-2,692208,694.4,33277.0,3898.0,11.71,A-2 (PK 692.208 a 694.4)
Albacete,A-33,70.5,75.0,16529.0,5850.0,35.39,A-33 (PK 70.5 a 75.0)
Valencia,A-38,23485,24.0,16476.0,1157.0,7.02,A-38 (PK 23.485 a 24.0)
Huelva,A-49,47.5,49.0,32284.0,3649.0,11.3,A-49 (PK 47.5 a 49.0)
Ciudad Real,A-4A,214.6,215.4,2836.0,146.0,5.15,A-4A (PK 214.6 a 215.4)
Toledo,A-5,122.8,123.7,24276.0,3970.0,16.35,A-5 (PK 122.8 a 123.7)
Pontevedra,A-55,6.9,7.3,36372.0,1139.0,3.13,A-55 (PK 6.9 a 7.3)
Pontevedra,A-55,12.3,13.7,64322.0,4315.0,6.71,A-55 (PK 12.3 a 13.7)
Lugo,A-6,521.3,522.9,19780.0,2983.0,15.08,A-6 (PK 521.3 a 522.9)
Burgos,BU-30,1.8,4.2,35299.0,5603.0,15.87,BU-30 (PK 1.8 a 4.2)
Cádiz,CA-32,0.0,1.3,21869.0,646.0,2.95,CA-32 (PK 0.0 a 1.3)
A Coruña,FE-11,0.0,0.7,17620.0,319.0,1.81,FE-11 (PK 0.0 a 0.7)
León,LE-20,143.5,144.4,23757.0,4608.0,19.4,LE-20 (PK 143.5 a 144.4)
La Rioja,LO-20,17.0,18164,28771.0,2458.0,8.54,LO-20 (PK 17.0 a 18.164)
Segovia,N-1,116.1,117.5,2632.0,207.0,7.86,N-1 (PK 116.1 a 117.5)
Burgos,N-1,308.8,309.9,3165.0,745.0,23.54,N-1 (PK 308.8 a 309.9)
Segovia,N-110,99.0,101.0,2419.0,205.0,8.47,N-110 (PK 99.0 a 101.0)
Cáceres,N-110,387.5,388.55,4983.0,180.0,3.61,N-110 (PK 387.5 a 388.55)
La Rioja,N-120,30.35,32.0,1844.0,142.0,7.7,N-120 (PK 30.35 a 32.0)
Palencia,N-120,171.05,172.3,814.0,200.0,24.57,N-120 (PK 171.05 a 172.3)
Ourense,N-120,582.3,583.1,3167.0,364.0,11.49,N-120 (PK 582.3 a 583.1)
La Rioja,N-124,45.4,45.99,7079.0,1849.0,26.12,N-124 (PK 45.4 a 45.99)
La Rioja,N-232,331.9,333.8,8029.0,954.0,11.88,N-232 (PK 331.9 a 333.8)
Burgos,N-232,538.4,539.3,2250.0,167.0,7.42,N-232 (PK 538.4 a 539.3)
Castellón,N-234,60.2,60.9,2298.0,598.0,26.02,N-234 (PK 60.2 a 60.9)
Huesca,N-240A,197.3,198.05,88.0,8.0,9.09,N-240A (PK 197.3 a 198.05)
Lleida,N-260,308.6,308.7,3079.0,143.0,4.64,N-260 (PK 308.6 a 308.7)
Albacete,N-322,403.2,404.9,1284.0,224.0,17.45,N-322 (PK 403.2 a 404.9)
Córdoba,N-4,422.8,424.3,3195.0,307.0,9.61,N-4 (PK 422.8 a 424.3)
Córdoba,N-420,51.8,53.8,2242.0,323.0,14.41,N-420 (PK 51.8 a 53.8)
Teruel,N-420,580.72,581.2,3223.0,639.0,19.83,N-420 (PK 580.72 a 581.2)
Badajoz,N-432A,158531,159.7,160.0,4.0,2.5,N-432A (PK 158.531 a 159.7)
Sevilla,N-433,60.6,61.31,2858.0,289.0,10.11,N-433 (PK 60.6 a 61.31)
Badajoz,N-435,33.8,35.7,2867.0,320.0,11.16,N-435 (PK 33.8 a 35.7)
Ávila,N-501,32.2,34.2,569.0,42.0,7.38,N-501 (PK 32.2 a 34.2)
Cáceres,N-521,51.6,52272,8380.0,437.0,5.21,N-521 (PK 51.6 a 52.272)
Ourense,N-525,185.5,186.6,535.0,28.0,5.23,N-525 (PK 185.5 a 186.6)
A Coruña,N-547,48.8,49.4,8389.0,964.0,11.49,N-547 (PK 48.8 a 49.4)
León,N-6,348.5,349.4,471.0,44.0,9.34,N-6 (PK 348.5 a 349.4)
Salamanca,N-620A,328.2,328.35,2941.0,609.0,20.71,N-620A (PK 328.2 a 328.35)
Palencia,N-622,85.5,87.3,683.0,127.0,18.59,N-622 (PK 85.5 a 87.3)
Burgos,N-623,11.5,12.4,1037.0,84.0,8.1,N-623 (PK 11.5 a 12.4)
León,N-625,61.5,62.2,2273.0,239.0,10.51,N-625 (PK 61.5 a 62.2)
Burgos,N-627,37.7,40.5,3608.0,862.0,23.89,N-627 (PK 37.7 a 40.5)
León,N-630,185.8,186.9,1351.0,271.0,20.06,N-630 (PK 185.8 a 186.9)
Badajoz,N-630,604.6,606.1,249.0,17.0,6.83,N-630 (PK 604.6 a 606.1)
Ciudad Real,PT-10,0.0,0.9,5366.0,291.0,5.42,PT-10 (PK 0.0 a 0.9)
León,A-66R,182375,184015,280.0,46.0,16.43,A-66R (PK 182.375 a 184.015)
Málaga,A-7,1070.65,1071.0,45417.0,4388.0,9.66,A-7 (PK 1070.65 a 1071.0)
Burgos,A-1,196.2,197.6,23627.0,4704.0,19.91,A-1 (PK 196.2 a 197.6)
Guadalajara,A-2,101.2,103.2,24910.0,7123.0,28.59,A-2 (PK 101.2 a 103.2)
Huesca,A-2,439.9,441.1,6176.0,1766.0,28.59,A-2 (PK 439.9 a 441.1)
Sevilla,A-4,566341,566.5,4536.0,541.0,11.93,A-4 (PK 566.341 a 566.5)
Madrid,A-5,31.2,32.5,69561.0,4372.0,6.29,A-5 (PK 31.2 a 32.5)
Palencia,A-62,67.4,71.9,18873.0,5787.0,30.66,A-62 (PK 67.4 a 71.9)
Asturias,A-64,20.4,21.6,31569.0,1532.0,4.85,A-64 (PK 20.4 a 21.6)
Badajoz,A-66,626.1,629.8,20631.0,3992.0,19.35,A-66 (PK 626.1 a 629.8)
Badajoz,A-66,650.0,654.0,19279.0,4133.0,21.44,A-66 (PK 650.0 a 654.0)
Burgos,BU-12,0.0,1.31,300.0,54.0,18.0,BU-12 (PK 0.0 a 1.31)
Segovia,N-110,216.2,217.3,2762.0,437.0,15.82,N-110 (PK 216.2 a 217.3)
Burgos,N-120,56.2,56.69,3604.0,1374.0,38.12,N-120 (PK 56.2 a 56.69)
Palencia,N-120,190.7,192.6,513.0,68.0,13.26,N-120 (PK 190.7 a 192.6)
León,N-120,436.3,437.61,6643.0,724.0,10.9,N-120 (PK 436.3 a 437.61)
Burgos,N-1A,294.66,296.0,125.0,15.0,12.0,N-1A (PK 294.66 a 296.0)
Zaragoza,N-2,361.4,364.5,2197.0,963.0,43.83,N-2 (PK 361.4 a 364.5)
Guadalajara,N-211,22.1,22.7,2164.0,394.0,18.21,N-211 (PK 22.1 a 22.7)
Teruel,N-211,98.9,101.4,1883.0,421.0,22.36,N-211 (PK 98.9 a 101.4)
La Rioja,N-232,437.4,438.6,5689.0,428.0,7.52,N-232 (PK 437.4 a 438.6)
La Rioja,N-232,442.3,444.0,6715.0,506.0,7.54,N-232 (PK 442.3 a 444.0)
La Rioja,N-232A,399518,402.35,11766.0,730.0,6.2,N-232A (PK 399.518 a 402.35)
Huesca,N-240,172.5,173.3,1055.0,124.0,11.75,N-240 (PK 172.5 a 173.3)
Huesca,N-240,175.5,175.6,185.0,21.0,11.35,N-240 (PK 175.5 a 175.6)
Huesca,N-240,294.4,296.0,621.0,73.0,11.76,N-240 (PK 294.4 a 296.0)
Huesca,N-240R,292.27,292945,4103.0,243.0,5.92,N-240R (PK 292.27 a 292.945)
Cuenca,N-301,197.95,203.02,2769.0,878.0,31.71,N-301 (PK 197.95 a 203.02)
Albacete,N-301,303.3,304.2,4097.0,203.0,4.95,N-301 (PK 303.3 a 304.2)
Alicante/Alacant,N-332,203.5,204.64,14129.0,1066.0,7.54,N-332 (PK 203.5 a 204.64)
Toledo,N-403,40.3,40.6,2436.0,239.0,9.81,N-403 (PK 40.3 a 40.6)
Toledo,N-403A,51966,52844,4609.0,518.0,11.24,N-403A (PK 51.966 a 52.844)
Badajoz,N-430,133.5,138.5,4801.0,985.0,20.52,N-430 (PK 133.5 a 138.5)
Badajoz,N-430,138.5,140.6,3715.0,602.0,16.2,N-430 (PK 138.5 a 140.6)
Ciudad Real,N-430,297.5,298.8,5226.0,987.0,18.89,N-430 (PK 297.5 a 298.8)
Badajoz,N-432,72.0,72.7,14434.0,1379.0,9.55,N-432 (PK 72.0 a 72.7)
Badajoz,N-432,140.7,144.9,3547.0,574.0,16.18,N-432 (PK 140.7 a 144.9)
Huelva,N-435,131.1,132.1,1367.0,238.0,17.41,N-435 (PK 131.1 a 132.1)
Cáceres,N-521,49781,51.6,12987.0,502.0,3.87,N-521 (PK 49.781 a 51.6)
Badajoz,N-523,82.4,84415,17033.0,1537.0,9.02,N-523 (PK 82.4 a 84.415)
Zamora,N-525,86.5,87.7,1767.0,172.0,9.73,N-525 (PK 86.5 a 87.7)
Ourense,N-525,240.9,241.3,8050.0,821.0,10.2,N-525 (PK 240.9 a 241.3)
Lugo,N-540,3.18,3.75,7666.0,520.0,6.78,N-540 (PK 3.18 a 3.75)
Lugo,N-547,33.1,33.7,2573.0,281.0,10.92,N-547 (PK 33.1 a 33.7)
León,N-6,276282,277.5,885.0,65.0,7.34,N-6 (PK 276.282 a 277.5)
León,N-6,277.5,278.8,885.0,65.0,7.34,N-6 (PK 277.5 a 278.8)
León,N-6,363.9,365.4,7178.0,301.0,4.19,N-6 (PK 363.9 a 365.4)
A Coruña,N-6,575.3,576.2,15162.0,1754.0,11.57,N-6 (PK 575.3 a 576.2)
A Coruña,N-6,578.2,579.0,15162.0,1754.0,11.57,N-6 (PK 578.2 a 579.0)
León,N-601,314.9,315.5,3887.0,175.0,4.5,N-601 (PK 314.9 a 315.5)
Palencia,N-611,57.7,59.7,1199.0,209.0,17.43,N-611 (PK 57.7 a 59.7)
Burgos,N-620A,20.7,21.5,1773.0,274.0,15.45,N-620A (PK 20.7 a 21.5)
León,N-630,157.7,159.1,2448.0,342.0,13.97,N-630 (PK 157.7 a 159.1)
Zamora,N-630,255.2,255.6,353.0,70.0,19.83,N-630 (PK 255.2 a 255.6)
Badajoz,N-630,618.46,618.88,1276.0,73.0,5.72,N-630 (PK 618.46 a 618.88)
Badajoz,N-630,670.0,675.4,2221.0,149.0,6.71,N-630 (PK 670.0 a 675.4)
Lugo,N-634,585.6,586.1,2483.0,173.0,6.97,N-634 (PK 585.6 a 586.1)
Pontevedra,N-640,237.4,238.5,12263.0,1511.0,12.32,N-640 (PK 237.4 a 238.5)
A Coruña,N-651,26.0,27.0,9404.0,301.0,3.2,N-651 (PK 26.0 a 27.0)
A Coruña,N-651,27.85,28.46,9404.0,301.0,3.2,N-651 (PK 27.85 a 28.46)
Valencia,V-30,9.7,10.5,151150.0,13684.0,9.05,V-30 (PK 9.7 a 10.5)
Zaragoza,A-2,321.8,322.5,86348.0,16639.0,19.27,A-2 (PK 321.8 a 322.5)
Teruel,A-23,115.2,116.8,13850.0,3701.0,26.72,A-23 (PK 115.2 a 116.8)
Jaén,A-4,345.6,347.5,17768.0,4590.0,25.83,A-4 (PK 345.6 a 347.5)
Toledo,A-40,210.3,213.2,6436.0,1768.0,27.47,A-40 (PK 210.3 a 213.2)
Cuenca,A-40,220.7,223.3,6344.0,1794.0,28.28,A-40 (PK 220.7 a 223.3)
Madrid,A-42,6.0,6.4,127016.0,7538.0,5.93,A-42 (PK 6.0 a 6.4)
Madrid,A-42,6.4,8.9,127016.0,7538.0,5.93,A-42 (PK 6.4 a 8.9)
Asturias,A-66,44.1,46.2,24094.0,2087.0,8.66,A-66 (PK 44.1 a 46.2)
Badajoz,A-66,635.4,640.5,17209.0,3762.0,21.86,A-66 (PK 635.4 a 640.5)
Zaragoza,A-68,276.3,282734,13365.0,5583.0,41.77,A-68 (PK 276.3 a 282.734)
León,LE-11,0.0,1.35,15852.0,727.0,4.59,LE-11 (PK 0.0 a 1.35)
Burgos,N-1,201.6,202.2,4736.0,1037.0,21.9,N-1 (PK 201.6 a 202.2)
Burgos,N-1,262.2,264.5,2738.0,724.0,26.44,N-1 (PK 262.2 a 264.5)
Burgos,N-1,286.6,288.8,2986.0,838.0,28.06,N-1 (PK 286.6 a 288.8)
Segovia,N-110,128.4,128.98,2615.0,236.0,9.02,N-110 (PK 128.4 a 128.98)
Ávila,N-110,288.8,290.1,3911.0,206.0,5.27,N-110 (PK 288.8 a 290.1)
La Rioja,N-111,290.0,290.8,2679.0,376.0,14.04,N-111 (PK 290.0 a 290.8)
Pontevedra,N-120,644.9,646.0,15572.0,631.0,4.05,N-120 (PK 644.9 a 646.0)
Lugo,N-120A,526.5,527.6,1280.0,114.0,8.91,N-120A (PK 526.5 a 527.6)
Soria,N-122,201.8,203.3,4230.0,1361.0,32.17,N-122 (PK 201.8 a 203.3)
Burgos,N-122,277.5,278.0,5275.0,1762.0,33.4,N-122 (PK 277.5 a 278.0)
Segovia,N-1A,109.2,110.5,225.0,29.0,12.89,N-1A (PK 109.2 a 110.5)
Huesca,N-2,408.1,409.5,222.0,101.0,45.5,N-2 (PK 408.1 a 409.5)
Teruel,N-232,149.0,151.0,5668.0,599.0,10.57,N-232 (PK 149.0 a 151.0)
Huesca,N-240,173.3,175.5,1055.0,124.0,11.75,N-240 (PK 173.3 a 175.5)
Huesca,N-240R,286741,287761,4257.0,245.0,5.76,N-240R (PK 286.741 a 287.761)
Cuenca,N-310,197.3,198713,1160.0,326.0,28.1,N-310 (PK 197.3 a 198.713)
Zaragoza,N-330,481.9,482.71,5217.0,358.0,6.86,N-330 (PK 481.9 a 482.71)
Tarragona,N-340A,1172.4,1172.73,10213.0,834.0,8.17,N-340A (PK 1172.4 a 1172.73)
Badajoz,N-432,64.7,67.3,5909.0,753.0,12.74,N-432 (PK 64.7 a 67.3)
Córdoba,N-432,339.0,340.3,5505.0,930.0,16.89,N-432 (PK 339.0 a 340.3)
Ciudad Real,N-502A,278.0,280.2,571.0,50.0,8.76,N-502A (PK 278.0 a 280.2)
Ourense,N-525,170.0,171144,1133.0,61.0,5.38,N-525 (PK 170.0 a 171.144)
Ourense,N-525,171144,172.0,2931.0,160.0,5.46,N-525 (PK 171.144 a 172.0)
Lugo,N-540A,7.3,8.2,186.0,16.0,8.6,N-540A (PK 7.3 a 8.2)
A Coruña,N-550,49.0,49.7,19397.0,1790.0,9.23,N-550 (PK 49.0 a 49.7)
A Coruña,N-550A,82.6,83.66,11289.0,396.0,3.51,N-550A (PK 82.6 a 83.66)
León,N-6,351.0,352.0,471.0,44.0,9.34,N-6 (PK 351.0 a 352.0)
León,N-6,368.4,369.2,7178.0,301.0,4.19,N-6 (PK 368.4 a 369.2)
Lugo,N-6,488.9,490.6,3957.0,222.0,5.61,N-6 (PK 488.9 a 490.6)
Palencia,N-622,82.7,85.5,683.0,127.0,18.59,N-622 (PK 82.7 a 85.5)
Burgos,N-623,70.5,72.7,1088.0,59.0,5.42,N-623 (PK 70.5 a 72.7)
Cáceres,N-630,554.6,556.5,13821.0,611.0,4.42,N-630 (PK 554.6 a 556.5)
Cáceres,N-630,590.6,592.7,195.0,10.0,5.13,N-630 (PK 590.6 a 592.7)
Badajoz,N-630,618.88,619.57,12890.0,1685.0,13.07,N-630 (PK 618.88 a 619.57)
Asturias,N-634,410.5,411.7,6143.0,429.0,6.98,N-634 (PK 410.5 a 411.7)
Lugo,N-634,558.4,560.2,6234.0,290.0,4.65,N-634 (PK 558.4 a 560.2)
A Coruña,N-651,30.0,30.64,9404.0,301.0,3.2,N-651 (PK 30.0 a 30.64)
Sevilla,SE-40,40.9,42823,9165.0,277.0,3.02,SE-40 (PK 40.9 a 42.823)
Huesca,A-23,405.9,406.45,8639.0,1111.0,12.86,A-23 (PK 405.9 a 406.45)
Toledo,A-4,36.2,36.9,70863.0,11917.0,16.82,A-4 (PK 36.2 a 36.9)
Huelva,A-49,31.55,33.5,35799.0,4661.0,13.02,A-49 (PK 31.55 a 33.5)
Badajoz,A-5,399.7,402.7,16632.0,4192.0,25.2,A-5 (PK 399.7 a 402.7)
Palencia,A-65,1.8,3.8,11459.0,1524.0,13.3,A-65 (PK 1.8 a 3.8)
Cáceres,A-66,541.6,544.1,13549.0,3017.0,22.27,A-66 (PK 541.6 a 544.1)
Ávila,AV-20,8.2,9.66,6196.0,538.0,8.68,AV-20 (PK 8.2 a 9.66)
Burgos,BU-30,17.6,20.2,9403.0,1826.0,19.42,BU-30 (PK 17.6 a 20.2)
Burgos,N-1,154.8,155.2,4459.0,976.0,21.89,N-1 (PK 154.8 a 155.2)
Girona,N-2,776.39,776.7,9139.0,482.0,5.27,N-2 (PK 776.39 a 776.7)
Guadalajara,N-204,46.7,47.4,2093.0,179.0,8.55,N-204 (PK 46.7 a 47.4)
Castellón,N-232,61.2,62.2,3836.0,645.0,16.81,N-232 (PK 61.2 a 62.2)
Teruel,N-232,138.3,140.3,5668.0,599.0,10.57,N-232 (PK 138.3 a 140.3)
La Rioja,N-232,426.6,427.4,6704.0,504.0,7.52,N-232 (PK 426.6 a 427.4)
La Rioja,N-232,457.5,459.0,5021.0,796.0,15.85,N-232 (PK 457.5 a 459.0)
Teruel,N-234,118.7,119.2,3145.0,262.0,8.33,N-234 (PK 118.7 a 119.2)
Granada,N-323A,99.8,100.8,1336.0,131.0,9.81,N-323A (PK 99.8 a 100.8)
Huesca,N-330,563.3,564.0,514.0,66.0,12.84,N-330 (PK 563.3 a 564.0)
Almería,N-340A,391.7,392.1,5268.0,466.0,8.85,N-340A (PK 391.7 a 392.1)
Castellón,N-340A,981.0,981.3,9903.0,308.0,3.11,N-340A (PK 981.0 a 981.3)
Cuenca,N-420,384.0,386.1,1640.0,188.0,11.46,N-420 (PK 384.0 a 386.1)
Ciudad Real,N-430,359.1,361.2,2223.0,248.0,11.16,N-430 (PK 359.1 a 361.2)
Badajoz,N-432,25.0,30.6,4279.0,477.0,11.15,N-432 (PK 25.0 a 30.6)
Córdoba,N-432,176.0,177.7,2709.0,423.0,15.61,N-432 (PK 176.0 a 177.7)
Granada,N-432,429.8,430.2,15303.0,844.0,5.52,N-432 (PK 429.8 a 430.2)
Badajoz,N-5,332.7,334.4,4570.0,261.0,5.71,N-5 (PK 332.7 a 334.4)
Ciudad Real,N-502,310.2,310.7,613.0,40.0,6.53,N-502 (PK 310.2 a 310.7)
Ourense,N-525,117.3,117.9,1787.0,173.0,9.68,N-525 (PK 117.3 a 117.9)
Pontevedra,N-525,302.6,303.3,9982.0,984.0,9.86,N-525 (PK 302.6 a 303.3)
León,N-536,19.1,20.5,1500.0,52.0,3.47,N-536 (PK 19.1 a 20.5)
A Coruña,N-6,566.7,568.3,4302.0,469.0,10.9,N-6 (PK 566.7 a 568.3)
Palencia,N-611,21.3,22.6,932.0,141.0,15.13,N-611 (PK 21.3 a 22.6)
León,N-630,112.7,114.0,5522.0,387.0,7.01,N-630 (PK 112.7 a 114.0)
León,N-630,114.0,115.2,5522.0,387.0,7.01,N-630 (PK 114.0 a 115.2)
León,N-630,159.1,163.9,2857.0,399.0,13.97,N-630 (PK 159.1 a 163.9)
Badajoz,N-630,619.57,620.66,12890.0,1685.0,13.07,N-630 (PK 619.57 a 620.66)
Asturias,N-634,507.4,508.7,7555.0,421.0,5.57,N-634 (PK 507.4 a 508.7)
Sevilla,SE-40,18.6,21.6,29057.0,7639.0,26.29,SE-40 (PK 18.6 a 21.6)
Almería,A-7,662.89,664.2,17889.0,3645.0,20.38,A-7 (PK 662.89 a 664.2)
Soria,A-11,79.3,83.85,4240.0,1671.0,39.41,A-11 (PK 79.3 a 83.85)
Huesca,A-23,361.7,363.7,11056.0,743.0,6.72,A-23 (PK 361.7 a 363.7)
Albacete,A-32,223.0,228148,2371.0,444.0,18.73,A-32 (PK 223.0 a 228.148)
Toledo,A-4,44.5,45.2,70863.0,11917.0,16.82,A-4 (PK 44.5 a 45.2)
Badajoz,A-5,375.5,379.6,22294.0,3431.0,15.39,A-5 (PK 375.5 a 379.6)
Palencia,A-62,75.6,78.1,11023.0,3059.0,27.75,A-62 (PK 75.6 a 78.1)
A Coruña,FE-12,0.8,2.14,20779.0,1278.0,6.15,FE-12 (PK 0.8 a 2.14)
Granada,GR-16,0.8,2.0,1942.0,442.0,22.76,GR-16 (PK 0.8 a 2.0)
Segovia,N-110,226.5,227.3,8042.0,1217.0,15.13,N-110 (PK 226.5 a 227.3)
Ávila,N-110,282.0,283.9,3786.0,287.0,7.58,N-110 (PK 282.0 a 283.9)
Palencia,N-120,195.4,197.0,370.0,61.0,16.49,N-120 (PK 195.4 a 197.0)
León,N-120,302445,302725,11948.0,400.0,3.35,N-120 (PK 302.445 a 302.725)
Soria,N-122,127.6,127.7,3938.0,1168.0,29.66,N-122 (PK 127.6 a 127.7)
Burgos,N-122,294.3,296.51,5275.0,1762.0,33.4,N-122 (PK 294.3 a 296.51)
Teruel,N-232,108.0,109.8,1927.0,268.0,13.91,N-232 (PK 108.0 a 109.8)
Burgos,N-232,473.0,473.4,3678.0,710.0,19.3,N-232 (PK 473.0 a 473.4)
Castellón,N-234,59.3,60.2,2298.0,598.0,26.02,N-234 (PK 59.3 a 60.2)
Toledo,N-301,123.1,124.6,3224.0,1226.0,38.03,N-301 (PK 123.1 a 124.6)
Albacete,N-310,130.5,131.9,2064.0,216.0,10.47,N-310 (PK 130.5 a 131.9)
Cuenca,N-310,156.6,158.5,2348.0,156.0,6.64,N-310 (PK 156.6 a 158.5)
Córdoba,N-331,45.1,46.4,6666.0,469.0,7.04,N-331 (PK 45.1 a 46.4)
Alicante/Alacant,N-340,688.0,688.4,9836.0,1306.0,13.28,N-340 (PK 688.0 a 688.4)
Almería,N-340A,438455,439.35,35049.0,1974.0,5.63,N-340A (PK 438.455 a 439.35)
Almería,N-340A,449.43,452.36,14430.0,1637.0,11.34,N-340A (PK 449.43 a 452.36)
Murcia,N-344,35.1,36.2,2783.0,163.0,5.86,N-344 (PK 35.1 a 36.2)
Toledo,N-401,104.5,104.7,4948.0,866.0,17.5,N-401 (PK 104.5 a 104.7)
Ciudad Real,N-401,170.7,172.1,6668.0,373.0,5.59,N-401 (PK 170.7 a 172.1)
Badajoz,N-432A,41.4,43.0,3268.0,408.0,12.48,N-432A (PK 41.4 a 43.0)
Ourense,N-525,186.6,187.7,535.0,28.0,5.23,N-525 (PK 186.6 a 187.7)
A Coruña,N-525,326.9,327.9,5633.0,446.0,7.92,N-525 (PK 326.9 a 327.9)
Lugo,N-547,25.0,26.3,1043.0,120.0,11.51,N-547 (PK 25.0 a 26.3)
Pontevedra,N-550,84268,84.7,14398.0,1117.0,7.76,N-550 (PK 84.268 a 84.7)
León,N-601,309.0,310.5,4172.0,214.0,5.13,N-601 (PK 309.0 a 310.5)
Palencia,N-620,78.1,80.9,2171.0,436.0,20.08,N-620 (PK 78.1 a 80.9)
Palencia,N-627,72.3,74.4,4445.0,918.0,20.65,N-627 (PK 72.3 a 74.4)
Burgos,N-629,18.9,20.5,2696.0,255.0,9.46,N-629 (PK 18.9 a 20.5)
Asturias,N-630,35.7,36.6,5436.0,448.0,8.24,N-630 (PK 35.7 a 36.6)
Asturias,N-634,379.9,382.2,12216.0,609.0,4.99,N-634 (PK 379.9 a 382.2)
Lugo,N-640,58.5,59.9,4861.0,437.0,8.99,N-640 (PK 58.5 a 59.9)
Almería,A-7,664.2,666.1,17889.0,3645.0,20.38,A-7 (PK 664.2 a 666.1)
Málaga,A-7,1011.25,1012.1,79320.0,3835.0,4.83,A-7 (PK 1011.25 a 1012.1)
Huesca,A-23,372.0,374.4,11056.0,743.0,6.72,A-23 (PK 372.0 a 374.4)
Murcia,A-30,143.0,143.5,90994.0,5346.0,5.88,A-30 (PK 143.0 a 143.5)
Toledo,A-4,61.0,63.4,47308.0,10459.0,22.11,A-4 (PK 61.0 a 63.4)
Ciudad Real,A-43,14.6,15.7,14263.0,1678.0,11.76,A-43 (PK 14.6 a 15.7)
Toledo,A-5,86.3,87.5,35414.0,4557.0,12.87,A-5 (PK 86.3 a 87.5)
Burgos,A-62,38.8,40.71,17067.0,5107.0,29.92,A-62 (PK 38.8 a 40.71)
Cáceres,A-66,445.4,448.3,12137.0,2636.0,21.72,A-66 (PK 445.4 a 448.3)
Asturias,AI-81,1.68,4.0,32267.0,2885.0,8.94,AI-81 (PK 1.68 a 4.0)
Murcia,CT-32,3.1,3.9,37621.0,1340.0,3.56,CT-32 (PK 3.1 a 3.9)
Asturias,GJ-81,1486,2.8,18380.0,3715.0,20.21,GJ-81 (PK 1.486 a 2.8)
León,LE-30,1.0,2.5,24020.0,1968.0,8.19,LE-30 (PK 1.0 a 2.5)
Madrid,M-11,1.25,2.9,105410.0,3044.0,2.89,M-11 (PK 1.25 a 2.9)
Ávila,N-110,260.5,262.1,9172.0,453.0,4.94,N-110 (PK 260.5 a 262.1)
Palencia,N-120,183.8,190.7,513.0,68.0,13.26,N-120 (PK 183.8 a 190.7)
Ourense,N-120A,84.8,85.7,168.0,4.0,2.38,N-120A (PK 84.8 a 85.7)
Zaragoza,N-122,75.2,76.3,5422.0,1446.0,26.67,N-122 (PK 75.2 a 76.3)
Soria,N-122,217.9,218035,2134.0,123.0,5.76,N-122 (PK 217.9 a 218.035)
Zaragoza,N-2,391.2,394.44,1907.0,903.0,47.35,N-2 (PK 391.2 a 394.44)
Albacete,N-301,277209,277.6,214.0,15.0,7.01,N-301 (PK 277.209 a 277.6)
Ciudad Real,N-310,81.2,83.0,5338.0,605.0,11.33,N-310 (PK 81.2 a 83.0)
Albacete,N-322,352.2,354.5,7142.0,1108.0,15.51,N-322 (PK 352.2 a 354.5)
Albacete,N-322,404.9,406.7,1427.0,231.0,16.19,N-322 (PK 404.9 a 406.7)
Jaén,N-323,46.0,48.0,309.0,30.0,9.71,N-323 (PK 46.0 a 48.0)
Alicante/Alacant,N-332,201.4,203.5,14129.0,1066.0,7.54,N-332 (PK 201.4 a 203.5)
Córdoba,N-4,427.5,429.0,3195.0,307.0,9.61,N-4 (PK 427.5 a 429.0)
Badajoz,N-430,140.6,143.8,3715.0,602.0,16.2,N-430 (PK 140.6 a 143.8)
Ciudad Real,N-430,311.85,314.3,8061.0,1522.0,18.88,N-430 (PK 311.85 a 314.3)
Huelva,N-431,130.4,131.5,8834.0,462.0,5.23,N-431 (PK 130.4 a 131.5)
Córdoba,N-432A,221.45,222.3,80.0,6.0,7.5,N-432A (PK 221.45 a 222.3)
Jaén,N-432A,385.4,386.21,2206.0,72.0,3.26,N-432A (PK 385.4 a 386.21)
Huelva,N-435,137.8,138.7,1702.0,296.0,17.39,N-435 (PK 137.8 a 138.7)
Córdoba,N-502,391.0,391.4,4868.0,501.0,10.29,N-502 (PK 391.0 a 391.4)
Badajoz,N-523,48.5,50.6,4349.0,643.0,14.79,N-523 (PK 48.5 a 50.6)
Zamora,N-525,113.2,114.5,270.0,17.0,6.3,N-525 (PK 113.2 a 114.5)
A Coruña,N-525,321.9,323.0,5633.0,446.0,7.92,N-525 (PK 321.9 a 323.0)
Lugo,N-540,21.5,23.1,4742.0,682.0,14.38,N-540 (PK 21.5 a 23.1)
Pontevedra,N-550,86.8,88.2,7122.0,658.0,9.24,N-550 (PK 86.8 a 88.2)
Valladolid,N-601,251.7,251.8,2438.0,701.0,28.75,N-601 (PK 251.7 a 251.8)
León,N-630,197.5,200.5,1721.0,344.0,19.99,N-630 (PK 197.5 a 200.5)
Asturias,N-634,393.2,394.0,14341.0,1036.0,7.22,N-634 (PK 393.2 a 394.0)
Lugo,N-634,567.9,569.1,6234.0,290.0,4.65,N-634 (PK 567.9 a 569.1)
Pontevedra,N-640,186.0,186.8,4133.0,252.0,6.1,N-640 (PK 186.0 a 186.8)
Pontevedra,N-640,197.0,198.0,4133.0,252.0,6.1,N-640 (PK 197.0 a 198.0)
Segovia,SG-20,3.1,5.4,19205.0,1429.0,7.44,SG-20 (PK 3.1 a 5.4)
Burgos,A-1,201.0,202.3,23627.0,4704.0,19.91,A-1 (PK 201.0 a 202.3)
La Rioja,A-13,0.0,2.5,35085.0,2046.0,5.83,A-13 (PK 0.0 a 2.5)
Zaragoza,A-2,200.0,203.0,16439.0,5774.0,35.12,A-2 (PK 200.0 a 203.0)
Jaén,A-4,268.6,270.1,29563.0,8898.0,30.1,A-4 (PK 268.6 a 270.1)
Sevilla,A-4,534.9,536.7,73531.0,2375.0,3.23,A-4 (PK 534.9 a 536.7)
Toledo,A-5,75.4,78.3,40889.0,5328.0,13.03,A-5 (PK 75.4 a 78.3)
Pontevedra,A-55,28.9,30.2,34915.0,3363.0,9.63,A-55 (PK 28.9 a 30.2)
Cáceres,A-66,442.0,445.4,12137.0,2636.0,21.72,A-66 (PK 442.0 a 445.4)
Cáceres,A-66,494.4,498.3,12766.0,2615.0,20.48,A-66 (PK 494.4 a 498.3)
Madrid,M-40,26.2,27.5,123912.0,5233.0,4.22,M-40 (PK 26.2 a 27.5)
Ávila,N-110,335.8,336.2,2316.0,176.0,7.6,N-110 (PK 335.8 a 336.2)
Ourense,N-120,568.75,569.3,12904.0,1425.0,11.04,N-120 (PK 568.75 a 569.3)
Segovia,N-1A,102.6,104277,2758.0,199.0,7.22,N-1A (PK 102.6 a 104.277)
Burgos,N-1A,289.0,290.1,270.0,58.0,21.48,N-1A (PK 289.0 a 290.1)
Ciudad Real,N-310,104.3,105.3,81.0,9.0,11.11,N-310 (PK 104.3 a 105.3)
Granada,N-323A,143.3,145.0,2814.0,169.0,6.01,N-323A (PK 143.3 a 145.0)
Huesca,N-330,625.6,626.7,9863.0,855.0,8.67,N-330 (PK 625.6 a 626.7)
Alicante/Alacant,N-332,160375,160.8,19084.0,912.0,4.78,N-332 (PK 160.375 a 160.8)
Málaga,N-340A,262.7,263.5,10410.0,617.0,5.93,N-340A (PK 262.7 a 263.5)
Almería,N-340A,383.82,384.5,5268.0,466.0,8.85,N-340A (PK 383.82 a 384.5)
Sevilla,N-4,578.3,579.3,4245.0,567.0,13.36,N-4 (PK 578.3 a 579.3)
Toledo,N-401,88.0,90.4,9505.0,1251.0,13.16,N-401 (PK 88.0 a 90.4)
Ciudad Real,N-420,147.7,148.9,5173.0,232.0,4.48,N-420 (PK 147.7 a 148.9)
Ciudad Real,N-420,164.3,165.2,595.0,25.0,4.2,N-420 (PK 164.3 a 165.2)
Badajoz,N-430,0.0,1.2,6934.0,336.0,4.85,N-430 (PK 0.0 a 1.2)
Albacete,N-430,429.4,431.8,421.0,68.0,16.15,N-430 (PK 429.4 a 431.8)
Badajoz,N-430A,166842,168356,17.0,2.0,11.76,N-430A (PK 166.842 a 168.356)
Toledo,N-502A,117.12,118.4,8065.0,1117.0,13.85,N-502A (PK 117.12 a 118.4)
Ourense,N-525,195.1,197.4,7740.0,216.0,2.79,N-525 (PK 195.1 a 197.4)
A Coruña,N-550,67075,68.62,22103.0,746.0,3.38,N-550 (PK 67.075 a 68.62)
Pontevedra,N-552,4.6,5.5,9929.0,393.0,3.96,N-552 (PK 4.6 a 5.5)
A Coruña,N-6,568.9,570.3,4302.0,469.0,10.9,N-6 (PK 568.9 a 570.3)
Palencia,N-611,56.5,57.3,1244.0,145.0,11.66,N-611 (PK 56.5 a 57.3)
Burgos,N-620A,24.25,25.64,178.0,27.0,15.17,N-620A (PK 24.25 a 25.64)
Huelva,N-630,738.4,739.1,363.0,20.0,5.51,N-630 (PK 738.4 a 739.1)
Lugo,N-640,15.1,16.6,2537.0,451.0,17.78,N-640 (PK 15.1 a 16.6)
Lugo,N-642,37.7,39.3,9887.0,575.0,5.82,N-642 (PK 37.7 a 39.3)
Toledo,TO-20,0.0,653,56762.0,3086.0,5.44,TO-20 (PK 0.0 a 0.653)
Pontevedra,VG-20,0.0,2.08,15695.0,992.0,6.32,VG-20 (PK 0.0 a 2.08)
Zaragoza,Z-40,27.6,30.2,45605.0,3127.0,6.86,Z-40 (PK 27.6 a 30.2)
Burgos,A-1,199.2,201.0,23627.0,4704.0,19.91,A-1 (PK 199.2 a 201.0)
Burgos,A-1,209.3,213.0,23362.0,4217.0,18.05,A-1 (PK 209.3 a 213.0)
Madrid,A-3,20.4,22.3,86749.0,7326.0,8.45,A-3 (PK 20.4 a 22.3)
Valencia,A-3,336.1,338.2,72645.0,11544.0,15.89,A-3 (PK 336.1 a 338.2)
Alicante/Alacant,A-31,235.2,237.0,44793.0,3090.0,6.9,A-31 (PK 235.2 a 237.0)
Ciudad Real,A-4A,213.6,214.6,2836.0,146.0,5.15,A-4A (PK 213.6 a 214.6)
Toledo,A-5,151.6,154.1,17490.0,3325.0,19.01,A-5 (PK 151.6 a 154.1)
Badajoz,A-5,372.8,375.5,16269.0,2351.0,14.45,A-5 (PK 372.8 a 375.5)
Madrid,A-6,10.7,11.2,132215.0,5494.0,4.16,A-6 (PK 10.7 a 11.2)
León,A-6,302.4,305.8,9102.0,2078.0,22.83,A-6 (PK 302.4 a 305.8)
Palencia,A-62,54.8,57.8,17799.0,5491.0,30.85,A-62 (PK 54.8 a 57.8)
Palencia,A-65,7.8,10.0,3850.0,1075.0,27.92,A-65 (PK 7.8 a 10.0)
León,A-66,148.7,151.7,13281.0,2315.0,17.43,A-66 (PK 148.7 a 151.7)
A Coruña,AC-11,0.0,1.0,117984.0,2303.0,1.95,AC-11 (PK 0.0 a 1.0)
A Coruña,AC-14AL,2.0,2843,11119.0,321.0,2.89,AC-14AL (PK 2.0 a 2.843)
Cádiz,CA-35,0.0,2.0,39612.0,2529.0,6.38,CA-35 (PK 0.0 a 2.0)
Segovia,N-110,206.2,208.4,2795.0,332.0,11.88,N-110 (PK 206.2 a 208.4)
Ávila,N-110,249.1,249.95,4221.0,639.0,15.14,N-110 (PK 249.1 a 249.95)
Ávila,N-110,280.0,282.0,3786.0,287.0,7.58,N-110 (PK 280.0 a 282.0)
León,N-120,314.0,316.3,16337.0,2397.0,14.67,N-120 (PK 314.0 a 316.3)
Burgos,N-1A,155.25,157.25,3481.0,762.0,21.89,N-1A (PK 155.25 a 157.25)
Teruel,N-211,119.9,121.9,1026.0,164.0,15.98,N-211 (PK 119.9 a 121.9)
Teruel,N-211,164.7,167.4,1943.0,205.0,10.55,N-211 (PK 164.7 a 167.4)
La Rioja,N-232,393.8,395.1,10536.0,1021.0,9.69,N-232 (PK 393.8 a 395.1)
La Rioja,N-232,420.3,420.7,9938.0,605.0,6.09,N-232 (PK 420.3 a 420.7)
Burgos,N-234,427.0,429.1,2345.0,335.0,14.29,N-234 (PK 427.0 a 429.1)
Huesca,N-260,405.3,407.0,2339.0,114.0,4.87,N-260 (PK 405.3 a 407.0)
Madrid,N-320,325.4,327.1,3394.0,257.0,7.57,N-320 (PK 325.4 a 327.1)
Granada,N-323A,82.6,84.0,1336.0,131.0,9.81,N-323A (PK 82.6 a 84.0)
Castellón,N-340A,1057.3,1058.27,7670.0,177.0,2.31,N-340A (PK 1057.3 a 1058.27)
Toledo,N-401,112.5,114.2,1545.0,270.0,17.48,N-401 (PK 112.5 a 114.2)
Ciudad Real,N-420A,160.97,162.58,2318.0,118.0,5.09,N-420A (PK 160.97 a 162.58)
Ciudad Real,N-430A,298.1,299.2,188.0,43.0,22.87,N-430A (PK 298.1 a 299.2)
Badajoz,N-432,127.5,130.2,3715.0,581.0,15.64,N-432 (PK 127.5 a 130.2)
Córdoba,N-432,169.2,171.7,2709.0,423.0,15.61,N-432 (PK 169.2 a 171.7)
Córdoba,N-432,312.3,313.6,3783.0,505.0,13.35,N-432 (PK 312.3 a 313.6)
Badajoz,N-5,343.23,345.3,4399.0,314.0,7.14,N-5 (PK 343.23 a 345.3)
Ourense,N-525,193.3,195.1,535.0,28.0,5.23,N-525 (PK 193.3 a 195.1)
Lugo,N-540,11.6,13.2,4795.0,622.0,12.97,N-540 (PK 11.6 a 13.2)
Lugo,N-540,49.4,51.0,4330.0,425.0,9.82,N-540 (PK 49.4 a 51.0)
A Coruña,N-547,63.6,64.4,6614.0,760.0,11.49,N-547 (PK 63.6 a 64.4)
Pontevedra,N-556,6.97,8.0,10689.0,1239.0,11.59,N-556 (PK 6.97 a 8.0)
León,N-6,346.5,347.9,390.0,33.0,8.46,N-6 (PK 346.5 a 347.9)
León,N-6,389.0,390.4,8434.0,354.0,4.2,N-6 (PK 389.0 a 390.4)
León,N-6,422.8,423.4,2559.0,107.0,4.18,N-6 (PK 422.8 a 423.4)
Segovia,N-603,88.7,91.5,7727.0,574.0,7.43,N-603 (PK 88.7 a 91.5)
Cáceres,N-630,478.2,479.17,4496.0,424.0,9.43,N-630 (PK 478.2 a 479.17)
Cáceres,N-630,503.2,505.1,382.0,29.0,7.59,N-630 (PK 503.2 a 505.1)
Asturias,N-632,42.0,42.8,748.0,119.0,15.91,N-632 (PK 42.0 a 42.8)
Lugo,N-634,564.2,565.95,6234.0,290.0,4.65,N-634 (PK 564.2 a 565.95)
Lugo,N-640,91.1,92.12,13186.0,415.0,3.15,N-640 (PK 91.1 a 92.12)
Pontevedra,N-640,214.6,216.3,5717.0,450.0,7.87,N-640 (PK 214.6 a 216.3)
Toledo,TO-21,4.0,5.75,14743.0,953.0,6.46,TO-21 (PK 4.0 a 5.75)
Burgos,A-1,157.2,158.5,20151.0,4400.0,21.84,A-1 (PK 157.2 a 158.5)
Burgos,A-1,232.4,235.0,43203.0,5612.0,12.99,A-1 (PK 232.4 a 235.0)
Jaén,A-32,35.7,39.0,6575.0,541.0,8.23,A-32 (PK 35.7 a 39.0)
Cádiz,A-4,654.9,657.9,31163.0,1513.0,4.86,A-4 (PK 654.9 a 657.9)
Cuenca,A-43,143.3,145.7,7316.0,2928.0,40.02,A-43 (PK 143.3 a 145.7)
Madrid,A-5,10.0,11.5,94961.0,4776.0,5.03,A-5 (PK 10.0 a 11.5)
Pontevedra,A-55,22.8,24.1,44997.0,5903.0,13.12,A-55 (PK 22.8 a 24.1)
Salamanca,A-62,308.5,311.3,7197.0,2964.0,41.18,A-62 (PK 308.5 a 311.3)
Palencia,A-67,0.0,0.8,21033.0,2111.0,10.04,A-67 (PK 0.0 a 0.8)
Palencia,A-67,50.6,54.8,6723.0,790.0,11.75,A-67 (PK 50.6 a 54.8)
Zaragoza,A-68,272.2,276.3,19642.0,8258.0,42.04,A-68 (PK 272.2 a 276.3)
Ávila,AV-20,3.0,6.0,15314.0,1523.0,9.95,AV-20 (PK 3.0 a 6.0)
Burgos,BU-30,20.2,23.4,18954.0,4340.0,22.9,BU-30 (PK 20.2 a 23.4)
Castellón,CS-22,10.22,11.34,18139.0,2681.0,14.78,CS-22 (PK 10.22 a 11.34)
Granada,GR-30,0.8,1649,49748.0,1924.0,3.87,GR-30 (PK 0.8 a 1.649)
Málaga,MA-24,0.9,1534,10467.0,343.0,3.28,MA-24 (PK 0.9 a 1.534)
La Rioja,N-111,322.3,322818,18801.0,1004.0,5.34,N-111 (PK 322.3 a 322.818)
La Rioja,N-111,322818,324112,24722.0,1119.0,4.53,N-111 (PK 322.818 a 324.112)
Burgos,N-120,163.4,164.2,1629.0,188.0,11.54,N-120 (PK 163.4 a 164.2)
León,N-120,240.4,242.4,192.0,19.0,9.9,N-120 (PK 240.4 a 242.4)
Zaragoza,N-122,50.0,52.0,8147.0,2471.0,30.33,N-122 (PK 50.0 a 52.0)
Girona,N-260,40.3,41.7,10904.0,290.0,2.66,N-260 (PK 40.3 a 41.7)
Zaragoza,N-2R,211.14,212.0,474.0,33.0,6.96,N-2R (PK 211.14 a 212.0)
Albacete,N-301,203.02,207.3,2818.0,1022.0,36.27,N-301 (PK 203.02 a 207.3)
Murcia,N-301,359.3,360.27,842.0,118.0,14.01,N-301 (PK 359.3 a 360.27)
Albacete,N-322,275.4,276.6,2296.0,295.0,12.85,N-322 (PK 275.4 a 276.6)
Jaén,N-323,48.0,49.5,309.0,30.0,9.71,N-323 (PK 48.0 a 49.5)
Cuenca,N-330,215.58,217.7,1495.0,194.0,12.98,N-330 (PK 215.58 a 217.7)
Alicante/Alacant,N-332,71.7,72.2,31564.0,1105.0,3.5,N-332 (PK 71.7 a 72.2)
Almería,N-340A,478.7,480.4,4083.0,1123.0,27.5,N-340A (PK 478.7 a 480.4)
Badajoz,N-432,19.5,22.8,4716.0,525.0,11.13,N-432 (PK 19.5 a 22.8)
Granada,N-432,428.3,429.8,15303.0,844.0,5.52,N-432 (PK 428.3 a 429.8)
Córdoba,N-432A,333.6,334.1,1640.0,146.0,8.9,N-432A (PK 333.6 a 334.1)
León,N-6,317.3,320.0,1843.0,188.0,10.2,N-6 (PK 317.3 a 320.0)
Cáceres,N-630,470.6,474.5,4929.0,464.0,9.41,N-630 (PK 470.6 a 474.5)
Cáceres,N-630,474.5,475768,10011.0,663.0,6.62,N-630 (PK 474.5 a 475.768)
Badajoz,N-630,666.2,670.0,4581.0,335.0,7.31,N-630 (PK 666.2 a 670.0)
Lugo,N-634,605.95,607.7,2669.0,171.0,6.41,N-634 (PK 605.95 a 607.7)
Lugo,N-640,55.0,56.5,1416.0,147.0,10.38,N-640 (PK 55.0 a 56.5)
Asturias,N-643,0.8,1.4,1263.0,115.0,9.11,N-643 (PK 0.8 a 1.4)
A Coruña,N-651,21.1,22.0,14710.0,626.0,4.26,N-651 (PK 21.1 a 22.0)
Madrid,A-1,44.1,46.3,41405.0,4422.0,10.68,A-1 (PK 44.1 a 46.3)
La Rioja,A-12,119.9,124.8,7601.0,1346.0,17.71,A-12 (PK 119.9 a 124.8)
Teruel,A-23,89.3,92.2,14082.0,3865.0,27.45,A-23 (PK 89.3 a 92.2)
Zaragoza,A-23,274.0,276.3,23556.0,2990.0,12.69,A-23 (PK 274.0 a 276.3)
Toledo,A-4,115.1,117.3,28470.0,6848.0,24.05,A-4 (PK 115.1 a 117.3)
Cádiz,A-4,628.5,631.2,10441.0,1032.0,9.88,A-4 (PK 628.5 a 631.2)
Cuenca,A-43,147.0,148.7,7316.0,2928.0,40.02,A-43 (PK 147.0 a 148.7)
Cáceres,A-5,181.4,183.6,17045.0,3215.0,18.86,A-5 (PK 181.4 a 183.6)
Badajoz,A-5,330.4,333.4,21373.0,4481.0,20.97,A-5 (PK 330.4 a 333.4)
Madrid,A-6,36.9,39.56,104900.0,16025.0,15.28,A-6 (PK 36.9 a 39.56)
Segovia,A-6,124.24,126.86,21822.0,4068.0,18.64,A-6 (PK 124.24 a 126.86)
León,A-66,193.6,196.3,9189.0,1746.0,19.0,A-66 (PK 193.6 a 196.3)
Badajoz,A-66,715.0,718.8,15862.0,3772.0,23.78,A-66 (PK 715.0 a 718.8)
Zaragoza,A-68,246.18,247.4,40190.0,8105.0,20.17,A-68 (PK 246.18 a 247.4)
Ourense,A-75,10.0,12722,4280.0,908.0,21.21,A-75 (PK 10.0 a 12.722)
Murcia,CT-31,0.0,1.0,9698.0,2061.0,21.25,CT-31 (PK 0.0 a 1.0)
Murcia,MU-30,0.0,1.6,34402.0,3990.0,11.6,MU-30 (PK 0.0 a 1.6)
Burgos,N-1,176.3,176.9,114.0,25.0,21.93,N-1 (PK 176.3 a 176.9)
Burgos,N-1,309.9,312.2,3165.0,745.0,23.54,N-1 (PK 309.9 a 312.2)
Burgos,N-1,331.22,332.2,632.0,203.0,32.12,N-1 (PK 331.22 a 332.2)
Segovia,N-110,95.6,99.0,1104.0,212.0,19.2,N-110 (PK 95.6 a 99.0)
Segovia,N-110,103.7,107.4,2419.0,205.0,8.47,N-110 (PK 103.7 a 107.4)
Soria,N-111,152.3,153.3,866.0,66.0,7.62,N-111 (PK 152.3 a 153.3)
Burgos,N-120,147.2,150.5,1100.0,95.0,8.64,N-120 (PK 147.2 a 150.5)
León,N-120,335.3,338.2,6617.0,971.0,14.67,N-120 (PK 335.3 a 338.2)
Huesca,N-123,5.9,8.0,8487.0,637.0,7.51,N-123 (PK 5.9 a 8.0)
Zaragoza,N-125,8.8,10.08,10143.0,791.0,7.8,N-125 (PK 8.8 a 10.08)
Huesca,N-211,328.2,330.18,10309.0,1018.0,9.87,N-211 (PK 328.2 a 330.18)
La Rioja,N-232,390.8,393.8,10536.0,1021.0,9.69,N-232 (PK 390.8 a 393.8)
Burgos,N-234A,449.35,450.8,306.0,43.0,14.05,N-234A (PK 449.35 a 450.8)
Huesca,N-240A,205275,206.6,7667.0,758.0,9.89,N-240A (PK 205.275 a 206.6)
Huesca,N-260,424.1,426.2,1882.0,92.0,4.89,N-260 (PK 424.1 a 426.2)
Cuenca,N-3,199.4,200.2,2519.0,947.0,37.59,N-3 (PK 199.4 a 200.2)
Albacete,N-310,131.9,133.4,2064.0,216.0,10.47,N-310 (PK 131.9 a 133.4)
Zaragoza,N-330,417.34,418.4,333.0,125.0,37.54,N-330 (PK 417.34 a 418.4)
Tarragona,N-420,887566,887.73,21004.0,1008.0,4.8,N-420 (PK 887.566 a 887.73)
Valencia,N-420A,526.3,527.0,33.0,5.0,15.15,N-420A (PK 526.3 a 527.0)
Albacete,N-430,427.1,429.4,505.0,75.0,14.85,N-430 (PK 427.1 a 429.4)
Huelva,N-433,83.3,84.0,6560.0,455.0,6.94,N-433 (PK 83.3 a 84.0)
Pontevedra,N-550,108.0,109.5,8765.0,519.0,5.92,N-550 (PK 108.0 a 109.5)
Madrid,N-6,43.8,45.7,14155.0,517.0,3.65,N-6 (PK 43.8 a 45.7)
León,N-6,290.0,291.6,885.0,65.0,7.34,N-6 (PK 290.0 a 291.6)
Ávila,N-601,108.5,111.55,1835.0,736.0,40.11,N-601 (PK 108.5 a 111.55)
León,N-601,288.2,292.0,2478.0,426.0,17.19,N-601 (PK 288.2 a 292.0)
Cáceres,N-630,508.2,509.7,382.0,29.0,7.59,N-630 (PK 508.2 a 509.7)
Palencia,P-12,3.4,5.24,8590.0,299.0,3.48,P-12 (PK 3.4 a 5.24)
Soria,SO-20,11.7,14.12,13039.0,2060.0,15.8,SO-20 (PK 11.7 a 14.12)
Burgos,A-1,176.1,179.6,21476.0,4001.0,18.63,A-1 (PK 176.1 a 179.6)
Córdoba,A-4,382.5,384.4,25162.0,4606.0,18.31,A-4 (PK 382.5 a 384.4)
Sevilla,A-4,435625,437.1,21149.0,4638.0,21.93,A-4 (PK 435.625 a 437.1)
Sevilla,A-4,499.3,503.6,22539.0,5122.0,22.73,A-4 (PK 499.3 a 503.6)
Cádiz,A-4,637.4,639.3,41532.0,2662.0,6.41,A-4 (PK 637.4 a 639.3)
Toledo,A-42,75.7,77.47,45390.0,2911.0,6.41,A-42 (PK 75.7 a 77.47)
Cáceres,A-5,249.2,252.4,10833.0,1766.0,16.3,A-5 (PK 249.2 a 252.4)
Badajoz,A-5,338.2,341.0,25962.0,4053.0,15.61,A-5 (PK 338.2 a 341.0)
Pontevedra,A-52,305.6,306152,38223.0,3495.0,9.14,A-52 (PK 305.6 a 306.152)
Badajoz,A-66,624.4,626.1,21406.0,5228.0,24.42,A-66 (PK 624.4 a 626.1)
Badajoz,A-66,629.8,635.4,17209.0,3762.0,21.86,A-66 (PK 629.8 a 635.4)
Cádiz,CA-35,2.0,7.0,30212.0,4758.0,15.75,CA-35 (PK 2.0 a 7.0)
Lugo,LU-11,0.0,1.3,8557.0,325.0,3.8,LU-11 (PK 0.0 a 1.3)
Murcia,MU-30,5.6,7.3,40599.0,2296.0,5.66,MU-30 (PK 5.6 a 7.3)
Burgos,N-1,246.78,248.87,2836.0,749.0,26.41,N-1 (PK 246.78 a 248.87)
Segovia,N-110,90205,93.0,1448.0,206.0,14.23,N-110 (PK 90.205 a 93.0)
Segovia,N-110,125.1,126.4,2615.0,236.0,9.02,N-110 (PK 125.1 a 126.4)
Segovia,N-110,208.4,211.9,2795.0,332.0,11.88,N-110 (PK 208.4 a 211.9)
Burgos,N-120,144.2,147.2,1100.0,95.0,8.64,N-120 (PK 144.2 a 147.2)
León,N-120,236.0,238.1,192.0,19.0,9.9,N-120 (PK 236.0 a 238.1)
Ourense,N-120,548.8,550.7,5243.0,604.0,11.52,N-120 (PK 548.8 a 550.7)
Huesca,N-123,36.2,37236,1228.0,121.0,9.85,N-123 (PK 36.2 a 37.236)
Girona,N-2,762.2,762.7,14914.0,2030.0,13.61,N-2 (PK 762.2 a 762.7)
Teruel,N-234,75.7,76.3,241.0,20.0,8.3,N-234 (PK 75.7 a 76.3)
Zaragoza,N-2R,219.5,220.6,996.0,70.0,7.03,N-2R (PK 219.5 a 220.6)
Cuenca,N-3,165386,167.2,1505.0,566.0,37.61,N-3 (PK 165.386 a 167.2)
Guadalajara,N-320,263.3,265.2,13122.0,876.0,6.68,N-320 (PK 263.3 a 265.2)
Albacete,N-322,406.7,408.5,1202.0,232.0,19.3,N-322 (PK 406.7 a 408.5)
Valencia,N-322,454.4,456.01,1973.0,333.0,16.88,N-322 (PK 454.4 a 456.01)
Córdoba,N-331,49.7,50.2,6666.0,469.0,7.04,N-331 (PK 49.7 a 50.2)
Málaga,N-331,125.6,127.5,12708.0,2051.0,16.14,N-331 (PK 125.6 a 127.5)
Ávila,N-403,174.8,176.33,816.0,79.0,9.68,N-403 (PK 174.8 a 176.33)
Teruel,N-420,768.6,769.3,1994.0,228.0,11.43,N-420 (PK 768.6 a 769.3)
Ciudad Real,N-430A,296985,297.9,188.0,43.0,22.87,N-430A (PK 296.985 a 297.9)
Badajoz,N-435,98.0,102.3,1508.0,195.0,12.93,N-435 (PK 98.0 a 102.3)
Ciudad Real,N-502,279.4,280.4,584.0,37.0,6.34,N-502 (PK 279.4 a 280.4)
Ciudad Real,N-502,327.1,328.7,525.0,54.0,10.29,N-502 (PK 327.1 a 328.7)
Ourense,N-532,3.0,3.2,2943.0,143.0,4.86,N-532 (PK 3.0 a 3.2)
Lugo,N-540,23.1,24.5,4742.0,682.0,14.38,N-540 (PK 23.1 a 24.5)
A Coruña,N-547,77.9,79.4,677.0,72.0,10.64,N-547 (PK 77.9 a 79.4)
A Coruña,N-550,71.5,72.0,14407.0,1012.0,7.02,N-550 (PK 71.5 a 72.0)
León,N-6,374.8,375.2,13115.0,550.0,4.19,N-6 (PK 374.8 a 375.2)
León,N-6,405.6,406.6,2165.0,91.0,4.2,N-6 (PK 405.6 a 406.6)
A Coruña,N-6,580.0,581.6,21861.0,1190.0,5.44,N-6 (PK 580.0 a 581.6)
Palencia,N-610,22.0,25.5,2402.0,807.0,33.6,N-610 (PK 22.0 a 25.5)
Palencia,N-622,79.85,82.7,683.0,127.0,18.59,N-622 (PK 79.85 a 82.7)
Burgos,N-623,5.9,8.1,3439.0,280.0,8.14,N-623 (PK 5.9 a 8.1)
Burgos,N-623,85.8,89.0,862.0,88.0,10.21,N-623 (PK 85.8 a 89.0)
Burgos,N-629,36.0,37.2,3812.0,279.0,7.32,N-629 (PK 36.0 a 37.2)
Cáceres,N-630,425.08,426.1,1784.0,185.0,10.37,N-630 (PK 425.08 a 426.1)
Cáceres,N-630,553.0,554.6,20469.0,609.0,2.98,N-630 (PK 553.0 a 554.6)
Lugo,N-634,581.7,583.1,2483.0,173.0,6.97,N-634 (PK 581.7 a 583.1)
Pontevedra,N-640,163.6,164.7,4906.0,540.0,11.01,N-640 (PK 163.6 a 164.7)
Pontevedra,N-640,216.3,217.1,5717.0,450.0,7.87,N-640 (PK 216.3 a 217.1)
A Coruña,N-651,7.5,8.6,12730.0,396.0,3.11,N-651 (PK 7.5 a 8.6)
A Coruña,SC-11,0.0,1.2,19694.0,454.0,2.31,SC-11 (PK 0.0 a 1.2)
Toledo,TO-22,0.0,1.1,1116.0,46.0,4.12,TO-22 (PK 0.0 a 1.1)
Valencia,V-31,10.4,12.0,118636.0,8010.0,6.75,V-31 (PK 10.4 a 12.0)
Burgos,A-1,213.0,216.4,23362.0,4217.0,18.05,A-1 (PK 213.0 a 216.4)
La Rioja,A-12,130.0,131888,3984.0,1433.0,35.97,A-12 (PK 130.0 a 131.888)
La Rioja,A-13,4.4,5.21,28436.0,1758.0,6.18,A-13 (PK 4.4 a 5.21)
Toledo,A-4,117.3,119.0,24974.0,4627.0,18.53,A-4 (PK 117.3 a 119.0)
Toledo,A-4,119.0,120.5,24974.0,4627.0,18.53,A-4 (PK 119.0 a 120.5)
Cádiz,A-4,634.9,637.4,30070.0,2321.0,7.72,A-4 (PK 634.9 a 637.4)
Cáceres,A-5,269.2,274.8,11332.0,2442.0,21.55,A-5 (PK 269.2 a 274.8)
Palencia,A-62,40.71,44.63,16022.0,5207.0,32.5,A-62 (PK 40.71 a 44.63)
Valladolid,A-62,109.1,111.7,34435.0,7233.0,21.0,A-62 (PK 109.1 a 111.7)
Asturias,A-64,17.9,20.4,31569.0,1532.0,4.85,A-64 (PK 17.9 a 20.4)
Zamora,A-66,227.7,232.6,6444.0,1252.0,19.43,A-66 (PK 227.7 a 232.6)
Zamora,A-66,261.2,267.7,9768.0,1537.0,15.74,A-66 (PK 261.2 a 267.7)
Burgos,BU-11,0.0,1.6,22525.0,737.0,3.27,BU-11 (PK 0.0 a 1.6)
Burgos,BU-30,0.0,1.8,35299.0,5603.0,15.87,BU-30 (PK 0.0 a 1.8)
Madrid,M-40,24.4,26.2,123912.0,5233.0,4.22,M-40 (PK 24.4 a 26.2)
Burgos,N-1,155.2,157.3,4459.0,976.0,21.89,N-1 (PK 155.2 a 157.3)
Burgos,N-1,195.18,196.5,310.0,67.0,21.61,N-1 (PK 195.18 a 196.5)
Segovia,N-110,93.0,95.6,1448.0,206.0,14.23,N-110 (PK 93.0 a 95.6)
Segovia,N-110,193145,194.5,7191.0,576.0,8.01,N-110 (PK 193.145 a 194.5)
Palencia,N-120,223.2,225.0,207.0,24.0,11.59,N-120 (PK 223.2 a 225.0)
Ourense,N-120,605.2,605.54,1069.0,70.0,6.55,N-120 (PK 605.2 a 605.54)
Burgos,N-122,272.9,274.4,5275.0,1762.0,33.4,N-122 (PK 272.9 a 274.4)
Girona,N-2,745.9,747.7,5730.0,328.0,5.72,N-2 (PK 745.9 a 747.7)
Zaragoza,N-234,287.7,290.3,1463.0,241.0,16.47,N-234 (PK 287.7 a 290.3)
Huesca,N-240,132.0,132.5,824.0,156.0,18.93,N-240 (PK 132.0 a 132.5)
Girona,N-260,179.5,180.3,10915.0,523.0,4.79,N-260 (PK 179.5 a 180.3)
Murcia,N-301,361115,363.0,842.0,118.0,14.01,N-301 (PK 361.115 a 363.0)
Murcia,N-301,426.0,428.0,1783.0,173.0,9.7,N-301 (PK 426.0 a 428.0)
Jaén,N-323,58.3,59.2,309.0,30.0,9.71,N-323 (PK 58.3 a 59.2)
Valencia,N-330,99.8,103.9,2600.0,202.0,7.77,N-330 (PK 99.8 a 103.9)
Alicante/Alacant,N-332,148.4,149.3,26577.0,1274.0,4.79,N-332 (PK 148.4 a 149.3)
Cuenca,N-400,132.1,133.7,24.0,0.0,0.0,N-400 (PK 132.1 a 133.7)
Valencia,N-420,538.1,538.4,839.0,108.0,12.87,N-420 (PK 538.1 a 538.4)
Granada,N-432,431315,432.75,24753.0,1294.0,5.23,N-432 (PK 431.315 a 432.75)
Cáceres,N-5,287.15,289.4,1948.0,315.0,16.17,N-5 (PK 287.15 a 289.4)
A Coruña,N-550,34.5,36.5,6607.0,659.0,9.97,N-550 (PK 34.5 a 36.5)
A Coruña,N-550,49.7,52.0,19397.0,1790.0,9.23,N-550 (PK 49.7 a 52.0)
Segovia,N-6,62.4,64.7,6698.0,1382.0,20.63,N-6 (PK 62.4 a 64.7)
León,N-6,281.7,283.6,885.0,65.0,7.34,N-6 (PK 281.7 a 283.6)
León,N-6,308.8,312.4,1843.0,188.0,10.2,N-6 (PK 308.8 a 312.4)
Burgos,N-623,81.3,83.2,1088.0,59.0,5.42,N-623 (PK 81.3 a 83.2)
Cáceres,N-630,448.4,454.0,480.0,50.0,10.42,N-630 (PK 448.4 a 454.0)
Cáceres,N-630,488.1,489.5,4496.0,424.0,9.43,N-630 (PK 488.1 a 489.5)
Badajoz,N-630,617.4,618.46,1276.0,73.0,5.72,N-630 (PK 617.4 a 618.46)
Asturias,N-632A,155.2,156.2,369.0,18.0,4.88,N-632A (PK 155.2 a 156.2)
Asturias,N-634,429.0,430.0,2287.0,192.0,8.4,N-634 (PK 429.0 a 430.0)
Asturias,N-634,530.4,532.0,3121.0,152.0,4.87,N-634 (PK 530.4 a 532.0)
Lugo,N-634,656.4,657.98,5522.0,1396.0,25.28,N-634 (PK 656.4 a 657.98)
Palencia,P-12,0.0,2.1,3644.0,172.0,4.72,P-12 (PK 0.0 a 2.1)
A Coruña,SC-20,9.7,10.35,48324.0,1037.0,2.15,SC-20 (PK 9.7 a 10.35)
Valencia,V-23,0.0,0.3,19768.0,1040.0,5.26,V-23 (PK 0.0 a 0.3)
Valencia,V-23,9.79,10.54,53973.0,7651.0,14.18,V-23 (PK 9.79 a 10.54)
Madrid,A-1,20.4,22.7,97070.0,10004.0,10.31,A-1 (PK 20.4 a 22.7)
Córdoba,A-4,429.4,431.6,22245.0,4804.0,21.6,A-4 (PK 429.4 a 431.6)
Madrid,A-42,3.71,6.0,137849.0,5302.0,3.85,A-42 (PK 3.71 a 6.0)
Toledo,A-42,48.9,50.8,44427.0,4384.0,9.87,A-42 (PK 48.9 a 50.8)
Toledo,A-5,73.6,75.4,40889.0,5328.0,13.03,A-5 (PK 73.6 a 75.4)
Cáceres,A-5,196.1,199.8,15453.0,2865.0,18.54,A-5 (PK 196.1 a 199.8)
Pontevedra,A-55,14.5,16.7,36420.0,4042.0,11.1,A-55 (PK 14.5 a 16.7)
Badajoz,A-66,718.8,721.8,15830.0,3802.0,24.02,A-66 (PK 718.8 a 721.8)
Alicante/Alacant,A-77A,0.0,0.8,34549.0,907.0,2.63,A-77A (PK 0.0 a 0.8)
Cádiz,CA-31,0.0,2.14,18188.0,803.0,4.41,CA-31 (PK 0.0 a 2.14)
Murcia,CT-34,0.8,3.1,11930.0,2888.0,24.21,CT-34 (PK 0.8 a 3.1)
Burgos,N-1,244.0,246.78,2836.0,749.0,26.41,N-1 (PK 244.0 a 246.78)
Segovia,N-110,194.5,196.8,7191.0,576.0,8.01,N-110 (PK 194.5 a 196.8)
Ávila,N-110,339.2,341.0,2316.0,176.0,7.6,N-110 (PK 339.2 a 341.0)
Palencia,N-120,212.4,214.3,207.0,24.0,11.59,N-120 (PK 212.4 a 214.3)
León,N-120,344.7,347.1,6617.0,971.0,14.67,N-120 (PK 344.7 a 347.1)
Zaragoza,N-211,311.2,312.8,3595.0,393.0,10.93,N-211 (PK 311.2 a 312.8)
Burgos,N-234,479.6,482.1,6658.0,1089.0,16.36,N-234 (PK 479.6 a 482.1)
Huesca,N-240,145.0,145.6,6534.0,526.0,8.05,N-240 (PK 145.0 a 145.6)
Guadalajara,N-320,290.4,291.2,13252.0,2271.0,17.14,N-320 (PK 290.4 a 291.2)
Valencia,N-330,190.0,191.9,2049.0,371.0,18.11,N-330 (PK 190.0 a 191.9)
Zaragoza,N-330,521.3,524.18,1498.0,148.0,9.88,N-330 (PK 521.3 a 524.18)
Almería,N-340A,405.83,406.3,30225.0,3502.0,11.59,N-340A (PK 405.83 a 406.3)
Córdoba,N-4,389.4,390.2,3668.0,209.0,5.7,N-4 (PK 389.4 a 390.2)
Ciudad Real,N-430,310.25,310.8,14809.0,285.0,1.92,N-430 (PK 310.25 a 310.8)
Badajoz,N-432,72.7,74.58,7271.0,928.0,12.76,N-432 (PK 72.7 a 74.58)
Zamora,N-525,104.7,105.55,373.0,37.0,9.92,N-525 (PK 104.7 a 105.55)
Pontevedra,N-550,130.3,132.2,13236.0,1166.0,8.81,N-550 (PK 130.3 a 132.2)
Burgos,N-622A,77.05,78.91,108.0,19.0,17.59,N-622A (PK 77.05 a 78.91)
Badajoz,N-630,626.4,629.7,4651.0,332.0,7.14,N-630 (PK 626.4 a 629.7)
Huelva,N-630,739.1,739.8,363.0,20.0,5.51,N-630 (PK 739.1 a 739.8)
Asturias,N-632A,126.6,127.4,177.0,8.0,4.52,N-632A (PK 126.6 a 127.4)
Asturias,N-634,378.4,379.9,12216.0,609.0,4.99,N-634 (PK 378.4 a 379.9)
Lugo,N-634,562.4,564.2,6234.0,290.0,4.65,N-634 (PK 562.4 a 564.2)
A Coruña,N-634,666.4,670.5,5522.0,1396.0,25.28,N-634 (PK 666.4 a 670.5)
Lugo,N-640,13.4,15.1,2537.0,451.0,17.78,N-640 (PK 13.4 a 15.1)
Pontevedra,PO-11,1.26,3.63,21679.0,1326.0,6.12,PO-11 (PK 1.26 a 3.63)
Castellón,A-7,285.7,286.3,30909.0,5469.0,17.69,A-7 (PK 285.7 a 286.3)
Burgos,A-1,140.82,143.4,17367.0,3650.0,21.02,A-1 (PK 140.82 a 143.4)
Burgos,A-1,244.5,246.5,13606.0,2761.0,20.29,A-1 (PK 244.5 a 246.5)
La Rioja,A-12,96.0,98.6,15552.0,1725.0,11.09,A-12 (PK 96.0 a 98.6)
Zaragoza,A-2,230.2,232.6,17605.0,5613.0,31.88,A-2 (PK 230.2 a 232.6)
Huesca,A-23,413.4,416.0,9850.0,589.0,5.98,A-23 (PK 413.4 a 416.0)
Albacete,A-30,21.3,23.2,16580.0,3084.0,18.6,A-30 (PK 21.3 a 23.2)
Córdoba,A-4,357.3,359.2,19034.0,4792.0,25.18,A-4 (PK 357.3 a 359.2)
Sevilla,A-4,511.3,513.8,37296.0,5626.0,15.08,A-4 (PK 511.3 a 513.8)
Toledo,A-5,154.1,156.7,19673.0,3199.0,16.26,A-5 (PK 154.1 a 156.7)
Cáceres,A-5,294.3,301815,10291.0,1616.0,15.7,A-5 (PK 294.3 a 301.815)
Cáceres,A-66,498.3,503.2,12980.0,2604.0,20.06,A-66 (PK 498.3 a 503.2)
Murcia,A-91,14.6,17.98,13546.0,2370.0,17.5,A-91 (PK 14.6 a 17.98)
Burgos,N-1,196.5,197825,310.0,67.0,21.61,N-1 (PK 196.5 a 197.825)
Ávila,N-110,343.0,344.5,2316.0,176.0,7.6,N-110 (PK 343.0 a 344.5)
La Rioja,N-120,8.0,9.3,2462.0,265.0,10.76,N-120 (PK 8.0 a 9.3)
Burgos,N-120,127.3,130.6,641.0,56.0,8.74,N-120 (PK 127.3 a 130.6)
León,N-120,238.1,239.7,192.0,19.0,9.9,N-120 (PK 238.1 a 239.7)
Ourense,N-120,580.6,582.0,3702.0,364.0,9.83,N-120 (PK 580.6 a 582.0)
Burgos,N-122,284.8,286.6,5275.0,1762.0,33.4,N-122 (PK 284.8 a 286.6)
Burgos,N-1R,321.45,323.28,7753.0,1573.0,20.29,N-1R (PK 321.45 a 323.28)
Girona,N-2,724.8,725.2,36569.0,5276.0,14.43,N-2 (PK 724.8 a 725.2)
Zaragoza,N-232,208.4,210.8,5629.0,796.0,14.14,N-232 (PK 208.4 a 210.8)
La Rioja,N-232,434.0,437.4,5689.0,428.0,7.52,N-232 (PK 434.0 a 437.4)
Teruel,N-234,185.3,187.6,1761.0,159.0,9.03,N-234 (PK 185.3 a 187.6)
Burgos,N-234,438.0,439.9,3810.0,545.0,14.3,N-234 (PK 438.0 a 439.9)
Huesca,N-240,139.6,141.3,3548.0,671.0,18.91,N-240 (PK 139.6 a 141.3)
Cuenca,N-301,135.6,138.0,2726.0,1036.0,38.0,N-301 (PK 135.6 a 138.0)
Albacete,N-301,209.9,210.92,2818.0,1022.0,36.27,N-301 (PK 209.9 a 210.92)
Jaén,N-322,149.64,152.6,10601.0,589.0,5.56,N-322 (PK 149.64 a 152.6)
Jaén,N-323,12.2,12.9,2359.0,233.0,9.88,N-323 (PK 12.2 a 12.9)
Granada,N-323,188.4,189.8,7866.0,503.0,6.39,N-323 (PK 188.4 a 189.8)
Zaragoza,N-330,476.0,478.6,392.0,147.0,37.5,N-330 (PK 476.0 a 478.6)
Cádiz,N-340,130.9,131.8,1363.0,73.0,5.36,N-340 (PK 130.9 a 131.8)
Murcia,N-344,30.89,32.3,1484.0,109.0,7.35,N-344 (PK 30.89 a 32.3)
Toledo,N-400,78.2,80.2,284.0,32.0,11.27,N-400 (PK 78.2 a 80.2)
Ávila,N-403,157.3,160.1,3523.0,347.0,9.85,N-403 (PK 157.3 a 160.1)
Ciudad Real,N-420,145.1,147.7,5173.0,232.0,4.48,N-420 (PK 145.1 a 147.7)
Jaén,N-432,383.8,386.2,4720.0,483.0,10.23,N-432 (PK 383.8 a 386.2)
Huelva,N-433,92.9,93.9,5127.0,567.0,11.06,N-433 (PK 92.9 a 93.9)
Huelva,N-433,96.3,97.2,5127.0,567.0,11.06,N-433 (PK 96.3 a 97.2)
Huelva,N-435,132.1,133.1,1367.0,238.0,17.41,N-435 (PK 132.1 a 133.1)
Cáceres,N-523,1312,3.2,3464.0,546.0,15.76,N-523 (PK 1.312 a 3.2)
Ourense,N-525,118.9,119.7,1787.0,173.0,9.68,N-525 (PK 118.9 a 119.7)
Ourense,N-525,172.0,174.0,535.0,28.0,5.23,N-525 (PK 172.0 a 174.0)
León,N-6,429.1,430.4,405.0,30.0,7.41,N-6 (PK 429.1 a 430.4)
Lugo,N-6,516.5,519.7,2514.0,332.0,13.21,N-6 (PK 516.5 a 519.7)
Palencia,N-611,20.5,21.3,932.0,141.0,15.13,N-611 (PK 20.5 a 21.3)
Burgos,N-623,4.0,5.9,10076.0,545.0,5.41,N-623 (PK 4.0 a 5.9)
León,N-625,18.3,20.2,3193.0,335.0,10.49,N-625 (PK 18.3 a 20.2)
León,N-625,29.5,32.7,3193.0,335.0,10.49,N-625 (PK 29.5 a 32.7)
Asturias,N-630,34.8,35.5,5436.0,448.0,8.24,N-630 (PK 34.8 a 35.5)
Cáceres,N-630,432.6,435.8,1784.0,185.0,10.37,N-630 (PK 432.6 a 435.8)
Cáceres,N-630,592.7,598145,195.0,10.0,5.13,N-630 (PK 592.7 a 598.145)
Asturias,N-634,369.2,370.8,7699.0,377.0,4.9,N-634 (PK 369.2 a 370.8)
Asturias,N-643,0.0,0.8,1263.0,115.0,9.11,N-643 (PK 0.0 a 0.8)
A Coruña,N-6A,583.1,584.2,5128.0,559.0,10.9,N-6A (PK 583.1 a 584.2)
Valencia,V-31,12.0,13.0,118636.0,8010.0,6.75,V-31 (PK 12.0 a 13.0)
Málaga,A-7,1013.6,1014.6,79320.0,3835.0,4.83,A-7 (PK 1013.6 a 1014.6)
Burgos,A-1,329.4,333.5,42644.0,10473.0,24.56,A-1 (PK 329.4 a 333.5)
Zaragoza,A-23,317.2,320.4,20907.0,2495.0,11.93,A-23 (PK 317.2 a 320.4)
Murcia,A-30,169.1,171.6,38728.0,6903.0,17.82,A-30 (PK 169.1 a 171.6)
Ciudad Real,A-4,175.8,180.7,26668.0,7426.0,27.85,A-4 (PK 175.8 a 180.7)
Toledo,A-5,142.1,144.5,22220.0,3959.0,17.82,A-5 (PK 142.1 a 144.5)
Cáceres,A-58,34.4,41.5,6716.0,331.0,4.93,A-58 (PK 34.4 a 41.5)
León,A-6,323.2,325.7,12920.0,3018.0,23.36,A-6 (PK 323.2 a 325.7)
Burgos,A-62,20.7,24.0,17769.0,6442.0,36.25,A-62 (PK 20.7 a 24.0)
Cáceres,A-66,551.2,555.2,13748.0,2825.0,20.55,A-66 (PK 551.2 a 555.2)
Badajoz,A-66,640.5,647.5,25676.0,3996.0,15.56,A-66 (PK 640.5 a 647.5)
Alicante/Alacant,A-79,0.0,0.7,11139.0,751.0,6.74,A-79 (PK 0.0 a 0.7)
Lugo,A-8,506.4,508.1,9188.0,1644.0,17.89,A-8 (PK 506.4 a 508.1)
Asturias,AI-81,4.0,5.02,32267.0,2885.0,8.94,AI-81 (PK 4.0 a 5.02)
Murcia,CT-32,6.2,7.78,37621.0,1340.0,3.56,CT-32 (PK 6.2 a 7.78)
Lugo,LU-11,3.8,4.4,8557.0,325.0,3.8,LU-11 (PK 3.8 a 4.4)
Burgos,N-1,169.2,170.5,401.0,87.0,21.7,N-1 (PK 169.2 a 170.5)
Burgos,N-1,334.62,336.2,632.0,203.0,32.12,N-1 (PK 334.62 a 336.2)
Segovia,N-110,101.0,103.7,2419.0,205.0,8.47,N-110 (PK 101.0 a 103.7)
Palencia,N-120,225.0,227.2,401.0,35.0,8.73,N-120 (PK 225.0 a 227.2)
Zaragoza,N-2,327.9,329.6,11512.0,846.0,7.35,N-2 (PK 327.9 a 329.6)
Girona,N-2,766.7,767.4,8719.0,870.0,9.98,N-2 (PK 766.7 a 767.4)
La Rioja,N-232,456.1,456.9,5021.0,796.0,15.85,N-232 (PK 456.1 a 456.9)
Huesca,N-240,126.5,128.85,824.0,156.0,18.93,N-240 (PK 126.5 a 128.85)
Huesca,N-240,197.8,198.4,1129.0,71.0,6.29,N-240 (PK 197.8 a 198.4)
Valencia,N-3,255.8,256.2,2399.0,244.0,10.17,N-3 (PK 255.8 a 256.2)
Cuenca,N-310,155.9,156.6,2348.0,156.0,6.64,N-310 (PK 155.9 a 156.6)
Albacete,N-322,278.0,279.6,2296.0,295.0,12.85,N-322 (PK 278.0 a 279.6)
Alicante/Alacant,N-330,406.35,408.5,17625.0,887.0,5.03,N-330 (PK 406.35 a 408.5)
Huesca,N-330,612.7,613.9,7587.0,658.0,8.67,N-330 (PK 612.7 a 613.9)
Alicante/Alacant,N-332,142.4,144.7,49261.0,1935.0,3.93,N-332 (PK 142.4 a 144.7)
Badajoz,N-430,104.2,110.0,3714.0,1172.0,31.56,N-430 (PK 104.2 a 110.0)
Córdoba,N-432,162.0,165.7,2329.0,364.0,15.63,N-432 (PK 162.0 a 165.7)
Toledo,N-502,103.3,105.4,5548.0,763.0,13.75,N-502 (PK 103.3 a 105.4)
Zamora,N-525,43.2,43.4,2687.0,177.0,6.59,N-525 (PK 43.2 a 43.4)
Ourense,N-525,257.7,260.6,2550.0,203.0,7.96,N-525 (PK 257.7 a 260.6)
Ourense,N-525,265.4,266.8,2046.0,162.0,7.92,N-525 (PK 265.4 a 266.8)
Pontevedra,N-525,312.3,314.1,5560.0,1011.0,18.18,N-525 (PK 312.3 a 314.1)
Lugo,N-540,17.5,18.6,4795.0,622.0,12.97,N-540 (PK 17.5 a 18.6)
Ávila,N-6,108.3,110536,4357.0,1538.0,35.3,N-6 (PK 108.3 a 110.536)
León,N-6,349.4,351.0,471.0,44.0,9.34,N-6 (PK 349.4 a 351.0)
León,N-6,386.6,389.0,8434.0,354.0,4.2,N-6 (PK 386.6 a 389.0)
León,N-6,413.4,414.3,600.0,63.0,10.5,N-6 (PK 413.4 a 414.3)
Lugo,N-6,535.2,536.9,1295.0,147.0,11.35,N-6 (PK 535.2 a 536.9)
Valladolid,N-601,232.8,233.0,5823.0,677.0,11.63,N-601 (PK 232.8 a 233.0)
León,N-621,75.5,78.7,1336.0,89.0,6.66,N-621 (PK 75.5 a 78.7)
Burgos,N-629,12.3,13.9,2696.0,255.0,9.46,N-629 (PK 12.3 a 13.9)
Cáceres,N-630,475768,478.2,4496.0,424.0,9.43,N-630 (PK 475.768 a 478.2)
Cáceres,N-630,563.6,564.1,2725.0,159.0,5.83,N-630 (PK 563.6 a 564.1)
Lugo,N-640,65.6,68.0,3808.0,368.0,9.66,N-640 (PK 65.6 a 68.0)
A Coruña,N-651,0.0,0.6,3353.0,103.0,3.07,N-651 (PK 0.0 a 0.6)
A Coruña,SC-20,1.0,2.0,52532.0,4225.0,8.04,SC-20 (PK 1.0 a 2.0)
Segovia,A-1,98.4,100.4,21292.0,4643.0,21.81,A-1 (PK 98.4 a 100.4)
Soria,A-15,38.2,39.2,6715.0,1904.0,28.35,A-15 (PK 38.2 a 39.2)
Huesca,A-2,431.01,432.7,6176.0,1766.0,28.59,A-2 (PK 431.01 a 432.7)
Huesca,A-2,441.1,443758,6176.0,1766.0,28.59,A-2 (PK 441.1 a 443.758)
Sevilla,A-4,437.1,440.7,21149.0,4638.0,21.93,A-4 (PK 437.1 a 440.7)
Sevilla,A-4,503.6,506.1,22031.0,5468.0,24.82,A-4 (PK 503.6 a 506.1)
Toledo,A-42,64.6,67.4,41621.0,2571.0,6.18,A-42 (PK 64.6 a 67.4)
Asturias,A-8,273.5,277.3,14353.0,1978.0,13.78,A-8 (PK 273.5 a 277.3)
Castellón,CS-22,2.0,2.5,19148.0,2616.0,13.66,CS-22 (PK 2.0 a 2.5)
Murcia,CT-32,3.9,6.2,37621.0,1340.0,3.56,CT-32 (PK 3.9 a 6.2)
Málaga,MA-22,0.0,0.7,19997.0,1339.0,6.7,MA-22 (PK 0.0 a 0.7)
Burgos,N-1,149.7,153.0,4459.0,976.0,21.89,N-1 (PK 149.7 a 153.0)
Burgos,N-1,161.61,163.2,2701.0,832.0,30.8,N-1 (PK 161.61 a 163.2)
Burgos,N-1,170.5,171.2,401.0,87.0,21.7,N-1 (PK 170.5 a 171.2)
Segovia,N-110A,153.02,154.53,172.0,19.0,11.05,N-110A (PK 153.02 a 154.53)
Burgos,N-120,66.3,67.9,3604.0,1374.0,38.12,N-120 (PK 66.3 a 67.9)
Burgos,N-120,100.3,103.7,7135.0,1306.0,18.3,N-120 (PK 100.3 a 103.7)
León,N-120,434.5,436.3,6643.0,724.0,10.9,N-120 (PK 434.5 a 436.3)
Lugo,N-120,488.6,490.6,3185.0,510.0,16.01,N-120 (PK 488.6 a 490.6)
Ourense,N-120,564.4,565.4,12191.0,1189.0,9.75,N-120 (PK 564.4 a 565.4)
Lugo,N-120A,533.6,535.4,1280.0,114.0,8.91,N-120A (PK 533.6 a 535.4)
Zaragoza,N-2,205.1,206.8,648.0,45.0,6.94,N-2 (PK 205.1 a 206.8)
Huesca,N-2,427.8,431.01,1943.0,893.0,45.96,N-2 (PK 427.8 a 431.01)
La Rioja,N-232,454.6,456.1,5374.0,852.0,15.85,N-232 (PK 454.6 a 456.1)
Huesca,N-240,210.3,211.0,8778.0,1035.0,11.79,N-240 (PK 210.3 a 211.0)
Huesca,N-2A,427775,430.41,77.0,5.0,6.49,N-2A (PK 427.775 a 430.41)
Toledo,N-301,116.8,118.9,3462.0,1345.0,38.85,N-301 (PK 116.8 a 118.9)
Albacete,N-301,285.9,289.9,214.0,15.0,7.01,N-301 (PK 285.9 a 289.9)
Zaragoza,N-330,515.5,521.3,1498.0,148.0,9.88,N-330 (PK 515.5 a 521.3)
Málaga,N-331,107.6,109.8,264.0,25.0,9.47,N-331 (PK 107.6 a 109.8)
Tarragona,N-340,1159.5,1159.8,16390.0,613.0,3.74,N-340 (PK 1159.5 a 1159.8)
Cádiz,N-351,3.1,4.6,21997.0,1156.0,5.26,N-351 (PK 3.1 a 4.6)
Córdoba,N-432,238.6,241.7,8706.0,1227.0,14.09,N-432 (PK 238.6 a 241.7)
Ourense,N-541,20.4,21.6,2248.0,195.0,8.67,N-541 (PK 20.4 a 21.6)
Pontevedra,N-550,93.5,95.4,7122.0,658.0,9.24,N-550 (PK 93.5 a 95.4)
A Coruña,N-6,583.3,584.0,21861.0,1190.0,5.44,N-6 (PK 583.3 a 584.0)
Palencia,N-610,32.2,36.05,2041.0,850.0,41.65,N-610 (PK 32.2 a 36.05)
Palencia,N-611,22.6,24.2,932.0,141.0,15.13,N-611 (PK 22.6 a 24.2)
Burgos,N-623,77.9,79.2,1088.0,59.0,5.42,N-623 (PK 77.9 a 79.2)
Cáceres,N-630,499.7,503.2,297.0,22.0,7.41,N-630 (PK 499.7 a 503.2)
Badajoz,N-630,640.1,647.4,1186.0,84.0,7.08,N-630 (PK 640.1 a 647.4)
Asturias,N-634,284.4,285.0,1148.0,89.0,7.75,N-634 (PK 284.4 a 285.0)
Lugo,N-640,16.6,19.4,2537.0,451.0,17.78,N-640 (PK 16.6 a 19.4)
Lugo,N-640,77.1,80.0,8458.0,663.0,7.84,N-640 (PK 77.1 a 80.0)
Pontevedra,N-640,238.5,239.55,12263.0,1511.0,12.32,N-640 (PK 238.5 a 239.55)
Asturias,O-11,0.0,1.41,29629.0,519.0,1.75,O-11 (PK 0.0 a 1.41)
A Coruña,SC-21,0.0,1195,8706.0,925.0,10.62,SC-21 (PK 0.0 a 1.195)
Valencia,V-30,6.8,8.9,118364.0,14254.0,12.04,V-30 (PK 6.8 a 8.9)
Soria,A-11,71.6,79.3,4240.0,1671.0,39.41,A-11 (PK 71.6 a 79.3)
Madrid,A-2,21.3,23.4,170170.0,20809.0,12.23,A-2 (PK 21.3 a 23.4)
Zaragoza,A-2,312.0,314.9,68200.0,11713.0,17.17,A-2 (PK 312.0 a 314.9)
Cuenca,A-3,175.3,177.2,27487.0,4712.0,17.14,A-3 (PK 175.3 a 177.2)
Toledo,A-42,67.4,68.9,56762.0,3086.0,5.44,A-42 (PK 67.4 a 68.9)
Cáceres,A-5,177.4,181.4,17045.0,3215.0,18.86,A-5 (PK 177.4 a 181.4)
Ourense,A-52,238.4,240.3,30115.0,3307.0,10.98,A-52 (PK 238.4 a 240.3)
A Coruña,A-6,567.0,568.5,23094.0,3232.0,13.99,A-6 (PK 567.0 a 568.5)
Zamora,A-66,232.6,237.8,6535.0,1253.0,19.17,A-66 (PK 232.6 a 237.8)
Zamora,A-66,245.6,250.5,7098.0,1278.0,18.01,A-66 (PK 245.6 a 250.5)
Burgos,N-1,153.0,154.0,4459.0,976.0,21.89,N-1 (PK 153.0 a 154.0)
Ávila,N-110,263.9,266.5,4551.0,346.0,7.6,N-110 (PK 263.9 a 266.5)
Segovia,N-110A,94.65,95.9,1270.0,180.0,14.17,N-110A (PK 94.65 a 95.9)
La Rioja,N-120,28.6,30.35,1844.0,142.0,7.7,N-120 (PK 28.6 a 30.35)
Ourense,N-120A,102.5,103.6,145.0,22.0,15.17,N-120A (PK 102.5 a 103.6)
Zaragoza,N-122,57.8,59.0,7189.0,1438.0,20.0,N-122 (PK 57.8 a 59.0)
Madrid,N-1A,90.8,92.6,257.0,9.0,3.5,N-1A (PK 90.8 a 92.6)
Girona,N-2,762.7,764.3,14914.0,2030.0,13.61,N-2 (PK 762.7 a 764.3)
Zaragoza,N-232A,208.8,210.2,2500.0,353.0,14.12,N-232A (PK 208.8 a 210.2)
Castellón,N-238,7.3,8.89,7665.0,1505.0,19.63,N-238 (PK 7.3 a 8.89)
Zaragoza,N-240R,317.0,317.5,3294.0,221.0,6.71,N-240R (PK 317.0 a 317.5)
Huesca,N-330,642.1,643.4,570.0,56.0,9.82,N-330 (PK 642.1 a 643.4)
Alicante/Alacant,N-332,151.4,152.36,20480.0,981.0,4.79,N-332 (PK 151.4 a 152.36)
Valencia,N-332,256.1,257275,6210.0,595.0,9.58,N-332 (PK 256.1 a 257.275)
Murcia,N-343,9.02,9.29,9299.0,2326.0,25.01,N-343 (PK 9.02 a 9.29)
Ciudad Real,N-420,139.5,139.9,1814.0,261.0,14.39,N-420 (PK 139.5 a 139.9)
Badajoz,N-430,202.3,203.5,2300.0,489.0,21.26,N-430 (PK 202.3 a 203.5)
Badajoz,N-432,-0.75,5,7673.0,371.0,4.84,N-432 (PK -0.75 a 0.005)
Granada,N-432,406.2,407.0,8154.0,1452.0,17.81,N-432 (PK 406.2 a 407.0)
Sevilla,N-433,58.5,60.6,2858.0,289.0,10.11,N-433 (PK 58.5 a 60.6)
Huelva,N-435,175.0,177.0,5207.0,594.0,11.41,N-435 (PK 175.0 a 177.0)
Cáceres,N-521,150.2,152.17,1364.0,109.0,7.99,N-521 (PK 150.2 a 152.17)
Pontevedra,N-541,82.0,84.2,5831.0,324.0,5.56,N-541 (PK 82.0 a 84.2)
Lugo,N-547,33.7,34.2,2573.0,281.0,10.92,N-547 (PK 33.7 a 34.2)
León,N-621,62.13,63.4,2625.0,202.0,7.7,N-621 (PK 62.13 a 63.4)
León,N-625,102.4,105.3,760.0,26.0,3.42,N-625 (PK 102.4 a 105.3)
Burgos,N-627,29.9,31.7,3526.0,842.0,23.88,N-627 (PK 29.9 a 31.7)
León,N-630,177.4,181.0,1351.0,271.0,20.06,N-630 (PK 177.4 a 181.0)
Asturias,N-633,0.0,1.3,18802.0,1893.0,10.07,N-633 (PK 0.0 a 1.3)
Asturias,N-634,450.5,451.0,2798.0,535.0,19.12,N-634 (PK 450.5 a 451.0)
Asturias,N-634A,463.0,464.67,506.0,31.0,6.13,N-634A (PK 463.0 a 464.67)
Lugo,N-640,59.9,60.6,4861.0,437.0,8.99,N-640 (PK 59.9 a 60.6)
Lugo,N-640,89.5,91.1,13186.0,415.0,3.15,N-640 (PK 89.5 a 91.1)
Granada,A-7,920.4,922.52,18071.0,1793.0,9.92,A-7 (PK 920.4 a 922.52)
Zaragoza,A-2,260.0,261.0,22571.0,5760.0,25.52,A-2 (PK 260.0 a 261.0)
Jaén,A-4,245.5,250.7,31844.0,7394.0,23.22,A-4 (PK 245.5 a 250.7)
Jaén,A-44,16.4,18.1,25972.0,4474.0,17.23,A-44 (PK 16.4 a 18.1)
Lugo,A-56,40.1,42325,1179.0,146.0,12.38,A-56 (PK 40.1 a 42.325)
Palencia,A-62,86.2,89.9,35281.0,6667.0,18.9,A-62 (PK 86.2 a 89.9)
Asturias,A-8,285.0,290.3,16769.0,1991.0,11.87,A-8 (PK 285.0 a 290.3)
A Coruña,AC-12,5.38,7.1,44086.0,1470.0,3.33,AC-12 (PK 5.38 a 7.1)
Burgos,BU-30,23.4,25.97,18954.0,4340.0,22.9,BU-30 (PK 23.4 a 25.97)
Burgos,N-1,319.1,321.45,8988.0,1311.0,14.59,N-1 (PK 319.1 a 321.45)
Zaragoza,N-122,55.9,57.8,8147.0,2471.0,30.33,N-122 (PK 55.9 a 57.8)
Burgos,N-232,483.3,486.2,977.0,154.0,15.76,N-232 (PK 483.3 a 486.2)
Burgos,N-234,435.6,438.0,3810.0,545.0,14.3,N-234 (PK 435.6 a 438.0)
Girona,N-260,51.32,53.2,7592.0,628.0,8.27,N-260 (PK 51.32 a 53.2)
Cuenca,N-301,182.2,184.5,3102.0,1123.0,36.2,N-301 (PK 182.2 a 184.5)
Granada,N-340,358.19,359.25,885.0,39.0,4.41,N-340 (PK 358.19 a 359.25)
Ávila,N-403,130.53,132.0,3536.0,200.0,5.66,N-403 (PK 130.53 a 132.0)
Ávila,N-403,127.5,130.53,3633.0,357.0,9.83,N-403 (PK 127.5 a 130.53)
Albacete,N-430A,457.0,458.8,2242.0,192.0,8.56,N-430A (PK 457.0 a 458.8)
Badajoz,N-432,70.6,72.0,5737.0,731.0,12.74,N-432 (PK 70.6 a 72.0)
Badajoz,N-432,74.58,79.48,7271.0,928.0,12.76,N-432 (PK 74.58 a 79.48)
Toledo,N-4A,81952,83243,1503.0,320.0,21.29,N-4A (PK 81.952 a 83.243)
Ávila,N-501,21.4,22.9,1157.0,86.0,7.43,N-501 (PK 21.4 a 22.9)
Ávila,N-502,83.3,85.3,2552.0,162.0,6.35,N-502 (PK 83.3 a 85.3)
Ourense,N-525,215.8,217.1,4221.0,155.0,3.67,N-525 (PK 215.8 a 217.1)
Ourense,N-525,249.2,252.0,4668.0,371.0,7.95,N-525 (PK 249.2 a 252.0)
Pontevedra,N-525,276.0,278.0,2046.0,162.0,7.92,N-525 (PK 276.0 a 278.0)
Ourense,N-541,33.4,35.6,4757.0,262.0,5.51,N-541 (PK 33.4 a 35.6)
A Coruña,N-550,21.8,23.4,3948.0,393.0,9.95,N-550 (PK 21.8 a 23.4)
Pontevedra,N-550,106.2,108.0,8295.0,663.0,7.99,N-550 (PK 106.2 a 108.0)
Lugo,N-6,485.6,488.9,3957.0,222.0,5.61,N-6 (PK 485.6 a 488.9)
Burgos,N-620A,30.0,32.1,774.0,62.0,8.01,N-620A (PK 30.0 a 32.1)
Burgos,N-623,90.0,93.0,1906.0,195.0,10.23,N-623 (PK 90.0 a 93.0)
Burgos,N-627,59.7,63.0,298.0,61.0,20.47,N-627 (PK 59.7 a 63.0)
Sevilla,N-630,809.25,810875,14936.0,945.0,6.33,N-630 (PK 809.25 a 810.875)
Asturias,N-634,547.5,548.5,3259.0,199.0,6.11,N-634 (PK 547.5 a 548.5)
Lugo,N-642,0.2,2.8,3020.0,146.0,4.83,N-642 (PK 0.2 a 2.8)
Lugo,N-642,35.9,37.7,9887.0,575.0,5.82,N-642 (PK 35.9 a 37.7)
A Coruña,SC-20,8.2,9.7,48324.0,1037.0,2.15,SC-20 (PK 8.2 a 9.7)
Burgos,A-1,242.5,244.5,13606.0,2761.0,20.29,A-1 (PK 242.5 a 244.5)
Burgos,A-1,333.5,336.7,42644.0,10473.0,24.56,A-1 (PK 333.5 a 336.7)
Zaragoza,A-2,325.0,327.0,59690.0,13956.0,23.38,A-2 (PK 325.0 a 327.0)
Zaragoza,A-21,62.68,65.7,3294.0,221.0,6.71,A-21 (PK 62.68 a 65.7)
Toledo,A-5,43.0,45.2,58776.0,6044.0,10.28,A-5 (PK 43.0 a 45.2)
Salamanca,A-62,351.8,355.0,5553.0,2756.0,49.63,A-62 (PK 351.8 a 355.0)
Sevilla,A-66,793.9,797.0,32529.0,3494.0,10.74,A-66 (PK 793.9 a 797.0)
Zaragoza,A-68,247.4,249.0,40190.0,8105.0,20.17,A-68 (PK 247.4 a 249.0)
A Coruña,AC-14T,0.0,1.62,1993.0,495.0,24.84,AC-14T (PK 0.0 a 1.62)
Asturias,GJ-81,2.8,4.6,19493.0,1231.0,6.32,GJ-81 (PK 2.8 a 4.6)
Huelva,H-30,10.4,11.5,36337.0,3454.0,9.51,H-30 (PK 10.4 a 11.5)
Madrid,M-13,1.2,2.1,47322.0,2998.0,6.34,M-13 (PK 1.2 a 2.1)
La Rioja,N-111,310.0,313.4,6726.0,788.0,11.72,N-111 (PK 310.0 a 313.4)
La Rioja,N-113,64.7,67.2,4653.0,2021.0,43.43,N-113 (PK 64.7 a 67.2)
Ourense,N-120,457.1,459.5,4362.0,569.0,13.04,N-120 (PK 457.1 a 459.5)
Zaragoza,N-122,84.8,85.9,5422.0,1446.0,26.67,N-122 (PK 84.8 a 85.9)
Huesca,N-123,8.0,9.6,4358.0,431.0,9.89,N-123 (PK 8.0 a 9.6)
Girona,N-2,759257,759.49,17093.0,1705.0,9.97,N-2 (PK 759.257 a 759.49)
Huesca,N-230,88.0,89.0,3217.0,548.0,17.03,N-230 (PK 88.0 a 89.0)
Castellón,N-232,62.2,63.6,2127.0,271.0,12.74,N-232 (PK 62.2 a 63.6)
Burgos,N-234A,438.6,440.0,2501.0,357.0,14.27,N-234A (PK 438.6 a 440.0)
Huesca,N-330,611.9,612.7,7587.0,658.0,8.67,N-330 (PK 611.9 a 612.7)
Castellón,N-340A,978.55,979.9,9903.0,308.0,3.11,N-340A (PK 978.55 a 979.9)
Ciudad Real,N-430C,0.6,1465,14272.0,674.0,4.72,N-430C (PK 0.6 a 1.465)
Granada,N-432,425.6,426.6,6585.0,305.0,4.63,N-432 (PK 425.6 a 426.6)
Granada,N-432,430.2,431315,15303.0,844.0,5.52,N-432 (PK 430.2 a 431.315)
Cáceres,N-521,62.5,69.6,2166.0,112.0,5.17,N-521 (PK 62.5 a 69.6)
Pontevedra,N-525,310.0,311.5,5560.0,1011.0,18.18,N-525 (PK 310.0 a 311.5)
Pontevedra,N-541,64.0,66.7,3341.0,290.0,8.68,N-541 (PK 64.0 a 66.7)
Lugo,N-547,26.3,28.7,1043.0,120.0,11.51,N-547 (PK 26.3 a 28.7)
Pontevedra,N-550,102.7,105.5,8295.0,663.0,7.99,N-550 (PK 102.7 a 105.5)
Segovia,N-6,95.3,98.0,10594.0,1400.0,13.22,N-6 (PK 95.3 a 98.0)
Valladolid,N-6,203.3,203.5,257.0,73.0,28.4,N-6 (PK 203.3 a 203.5)
León,N-6,305.0,308.8,2295.0,165.0,7.19,N-6 (PK 305.0 a 308.8)
Palencia,N-611,28.9,31.3,932.0,141.0,15.13,N-611 (PK 28.9 a 31.3)
Palencia,N-611,40.0,42.2,655.0,164.0,25.04,N-611 (PK 40.0 a 42.2)
Cantabria,N-611,201.7,201.9,12749.0,457.0,3.58,N-611 (PK 201.7 a 201.9)
Cáceres,N-630,426.1,427.5,1784.0,185.0,10.37,N-630 (PK 426.1 a 427.5)
Cantabria,N-634,171.1,171.3,2929.0,78.0,2.66,N-634 (PK 171.1 a 171.3)
Lugo,N-640,88.1,89.5,11032.0,584.0,5.29,N-640 (PK 88.1 a 89.5)
Valencia,A-7,343.4,350.5,59626.0,14009.0,23.49,A-7 (PK 343.4 a 350.5)
Almería,A-7,666.1,669.8,17889.0,3645.0,20.38,A-7 (PK 666.1 a 669.8)
Granada,A-7,851.83,853.7,15278.0,2276.0,14.9,A-7 (PK 851.83 a 853.7)
Segovia,A-1,136.8,140.0,20531.0,3226.0,15.71,A-1 (PK 136.8 a 140.0)
Toledo,A-40,186.2,189.9,8006.0,1576.0,19.69,A-40 (PK 186.2 a 189.9)
Huelva,A-49,129.1,131.2,9696.0,762.0,7.86,A-49 (PK 129.1 a 131.2)
Barcelona,B-20,0.0,0.3,153790.0,7890.0,5.13,B-20 (PK 0.0 a 0.3)
Córdoba,CO-31,266.0,268.0,24148.0,1626.0,6.73,CO-31 (PK 266.0 a 268.0)
Castellón,CS-22,2.5,4.6,19148.0,2616.0,13.66,CS-22 (PK 2.5 a 4.6)
Madrid,M-110,0.0,1.2,1402.0,69.0,4.92,M-110 (PK 0.0 a 1.2)
Segovia,N-110,139.0,140.5,2496.0,282.0,11.3,N-110 (PK 139.0 a 140.5)
Ávila,N-110,304.3,306.8,3716.0,283.0,7.62,N-110 (PK 304.3 a 306.8)
Burgos,N-122,291.1,294.3,5275.0,1762.0,33.4,N-122 (PK 291.1 a 294.3)
Teruel,N-211,155.0,156.0,644.0,129.0,20.03,N-211 (PK 155.0 a 156.0)
Cuenca,N-3,234.1,235.55,340.0,43.0,12.65,N-3 (PK 234.1 a 235.55)
Cuenca,N-301,178.2,182.2,3102.0,1123.0,36.2,N-301 (PK 178.2 a 182.2)
Albacete,N-301,195.6,197.95,2769.0,878.0,31.71,N-301 (PK 195.6 a 197.95)
Albacete,N-322,265.0,266.3,1960.0,259.0,13.21,N-322 (PK 265.0 a 266.3)
Córdoba,N-4,371.3,372.7,6461.0,440.0,6.81,N-4 (PK 371.3 a 372.7)
Toledo,N-400,81.6,82.5,127.0,14.0,11.02,N-400 (PK 81.6 a 82.5)
Ciudad Real,N-430C,0.0,0.6,19976.0,583.0,2.92,N-430C (PK 0.0 a 0.6)
Huelva,N-431,120.8,121.6,5520.0,329.0,5.96,N-431 (PK 120.8 a 121.6)
Córdoba,N-432,341.0,342.2,5505.0,930.0,16.89,N-432 (PK 341.0 a 342.2)
Badajoz,N-432A,43.7,45.86,3268.0,408.0,12.48,N-432A (PK 43.7 a 45.86)
Jaén,N-432A,384.5,385.4,2206.0,72.0,3.26,N-432A (PK 384.5 a 385.4)
Cáceres,N-5,196.0,198.9,2642.0,211.0,7.99,N-5 (PK 196.0 a 198.9)
Ávila,N-502,77.4,78.4,4065.0,227.0,5.58,N-502 (PK 77.4 a 78.4)
A Coruña,N-550,79.2,80.7,14407.0,1012.0,7.02,N-550 (PK 79.2 a 80.7)
Pontevedra,N-550,96.3,97.9,3881.0,359.0,9.25,N-550 (PK 96.3 a 97.9)
Lugo,N-6,457.0,458.7,2124.0,162.0,7.63,N-6 (PK 457.0 a 458.7)
Palencia,N-610,7.17,12.1,4064.0,931.0,22.91,N-610 (PK 7.17 a 12.1)
Burgos,N-623,33.6,36.0,1489.0,121.0,8.13,N-623 (PK 33.6 a 36.0)
León,N-630,181.0,185.8,1351.0,271.0,20.06,N-630 (PK 181.0 a 185.8)
Zamora,N-630,306.0,306.1,268.0,41.0,15.3,N-630 (PK 306.0 a 306.1)
Asturias,N-634,461.5,464.3,2798.0,535.0,19.12,N-634 (PK 461.5 a 464.3)
A Coruña,N-634,677.9,682.2,5374.0,1337.0,24.88,N-634 (PK 677.9 a 682.2)
Asturias,N-640,12.0,13.3,4752.0,471.0,9.91,N-640 (PK 12.0 a 13.3)
Valencia,V-30,4.7,6.8,118364.0,14254.0,12.04,V-30 (PK 4.7 a 6.8)
Cádiz,A-7,1115.5,1116.65,71464.0,5069.0,7.09,A-7 (PK 1115.5 a 1116.65)
Burgos,A-1,143.4,146.3,17367.0,3650.0,21.02,A-1 (PK 143.4 a 146.3)
Zaragoza,A-2,317.8,321.8,96690.0,16531.0,17.1,A-2 (PK 317.8 a 321.8)
Sevilla,A-4,560.62,562749,15810.0,1158.0,7.32,A-4 (PK 560.62 a 562.749)
Málaga,A-45,140.3,142.13,44813.0,3907.0,8.72,A-45 (PK 140.3 a 142.13)
Cáceres,A-5,239.7,247.6,15182.0,2415.0,15.91,A-5 (PK 239.7 a 247.6)
Cáceres,A-66,506238,507.7,17235.0,3031.0,17.59,A-66 (PK 506.238 a 507.7)
Cáceres,A-66,503.2,506238,13176.0,2795.0,21.21,A-66 (PK 503.2 a 506.238)
Badajoz,A-66,686.8,693.8,19871.0,3885.0,19.55,A-66 (PK 686.8 a 693.8)
Palencia,A-67,8.1,14.8,6052.0,790.0,13.05,A-67 (PK 8.1 a 14.8)
Palencia,A-67,14.8,21.1,9534.0,930.0,9.75,A-67 (PK 14.8 a 21.1)
Alicante/Alacant,A-70,34.7,35.4,63391.0,4888.0,7.71,A-70 (PK 34.7 a 35.4)
Asturias,A-8,430.4,433.6,16145.0,1409.0,8.73,A-8 (PK 430.4 a 433.6)
Castellón,CS-22,4.6,6.3,18139.0,2681.0,14.78,CS-22 (PK 4.6 a 6.3)
Murcia,CT-34,0.0,0.8,11930.0,2888.0,24.21,CT-34 (PK 0.0 a 0.8)
Granada,GR-30,7933,9245,96287.0,4158.0,4.32,GR-30 (PK 7.933 a 9.245)
Madrid,M-40,27.5,29.6,123912.0,5233.0,4.22,M-40 (PK 27.5 a 29.6)
Segovia,N-110A,138.84,140.22,54.0,3.0,5.56,N-110A (PK 138.84 a 140.22)
Segovia,N-110A,212.99,214165,9.0,0.0,0.0,N-110A (PK 212.99 a 214.165)
León,N-120,234.0,236.0,401.0,35.0,8.73,N-120 (PK 234.0 a 236.0)
Valladolid,N-122,410.1,410.6,386.0,105.0,27.2,N-122 (PK 410.1 a 410.6)
La Rioja,N-126,0.0,2.2,7165.0,1385.0,19.33,N-126 (PK 0.0 a 2.2)
Girona,N-2,764.3,766.7,14914.0,2030.0,13.61,N-2 (PK 764.3 a 766.7)
Teruel,N-211,148.0,150.0,644.0,129.0,20.03,N-211 (PK 148.0 a 150.0)
Huesca,N-240,198.4,202.25,12186.0,1438.0,11.8,N-240 (PK 198.4 a 202.25)
Guadalajara,N-320,238.0,241.2,5038.0,371.0,7.36,N-320 (PK 238.0 a 241.2)
Albacete,N-322,266.3,268.7,1960.0,259.0,13.21,N-322 (PK 266.3 a 268.7)
Albacete,N-322,268.7,270.3,1960.0,259.0,13.21,N-322 (PK 268.7 a 270.3)
Albacete,N-322,276.6,278.0,2296.0,295.0,12.85,N-322 (PK 276.6 a 278.0)
Albacete,N-322,392.3,394.9,3202.0,558.0,17.43,N-322 (PK 392.3 a 394.9)
Alicante/Alacant,N-332,195.3,196.0,16568.0,1283.0,7.74,N-332 (PK 195.3 a 196.0)
Valencia,N-332,223.3,225.0,19102.0,1741.0,9.11,N-332 (PK 223.3 a 225.0)
Murcia,N-344,36.2,37.3,2783.0,163.0,5.86,N-344 (PK 36.2 a 37.3)
Murcia,N-344,96.75,98.2,2870.0,289.0,10.07,N-344 (PK 96.75 a 98.2)
Toledo,N-403,34.4,36.0,2805.0,158.0,5.63,N-403 (PK 34.4 a 36.0)
Cuenca,N-420,515.4,516.3,774.0,99.0,12.79,N-420 (PK 515.4 a 516.3)
Ciudad Real,N-430,294.7,297.5,2972.0,633.0,21.3,N-430 (PK 294.7 a 297.5)
Albacete,N-430,446.0,448.2,1714.0,158.0,9.22,N-430 (PK 446.0 a 448.2)
Córdoba,N-432,306.5,308.0,5301.0,592.0,11.17,N-432 (PK 306.5 a 308.0)
Huelva,N-433,73.1,74.6,2257.0,156.0,6.91,N-433 (PK 73.1 a 74.6)
Cáceres,N-5,201.8,204.4,75.0,4.0,5.33,N-5 (PK 201.8 a 204.4)
Ourense,N-525,158.0,159.0,555.0,53.0,9.55,N-525 (PK 158.0 a 159.0)
Ourense,N-525,236.1,237.0,31610.0,887.0,2.81,N-525 (PK 236.1 a 237.0)
Lugo,N-540,18.6,19.6,4742.0,682.0,14.38,N-540 (PK 18.6 a 19.6)
Burgos,N-622,77.0,78.9,550.0,101.0,18.36,N-622 (PK 77.0 a 78.9)
León,N-630,93.6,95.9,2457.0,172.0,7.0,N-630 (PK 93.6 a 95.9)
Badajoz,N-630,653.2,657.2,4581.0,335.0,7.31,N-630 (PK 653.2 a 657.2)
Badajoz,N-630,715.9,719.1,1866.0,125.0,6.7,N-630 (PK 715.9 a 719.1)
Lugo,N-634,569.1,570.8,6234.0,290.0,4.65,N-634 (PK 569.1 a 570.8)
A Coruña,N-634,670.5,675.8,5522.0,1396.0,25.28,N-634 (PK 670.5 a 675.8)
A Coruña,N-651,20.1,20.8,14710.0,626.0,4.26,N-651 (PK 20.1 a 20.8)
Málaga,A-7,1000.2,1001.9,135574.0,6703.0,4.94,A-7 (PK 1000.2 a 1001.9)
Zaragoza,A-23,313.3,316.2,20907.0,2495.0,11.93,A-23 (PK 313.3 a 316.2)
Albacete,A-31,50.5,55.1,29269.0,4915.0,16.79,A-31 (PK 50.5 a 55.1)
Ciudad Real,A-4,180.7,186.6,28370.0,7644.0,26.94,A-4 (PK 180.7 a 186.6)
Cuenca,A-40,240.9,244.2,6299.0,596.0,9.46,A-40 (PK 240.9 a 244.2)
Cuenca,A-40,259.7,262.7,4536.0,408.0,8.99,A-40 (PK 259.7 a 262.7)
Toledo,A-42,57.6,59.3,40324.0,2419.0,6.0,A-42 (PK 57.6 a 59.3)
Granada,A-44,114.9,119.8,6085.0,980.0,16.11,A-44 (PK 114.9 a 119.8)
Huelva,A-49,77.7,81.0,14436.0,1855.0,12.85,A-49 (PK 77.7 a 81.0)
León,A-6,298.0,302.4,8684.0,1779.0,20.49,A-6 (PK 298.0 a 302.4)
Zamora,A-66,250.5,255.1,7098.0,1278.0,18.01,A-66 (PK 250.5 a 255.1)
Burgos,N-1,306.7,308.8,3165.0,745.0,23.54,N-1 (PK 306.7 a 308.8)
La Rioja,N-120,22.05,23.3,1456.0,113.0,7.76,N-120 (PK 22.05 a 23.3)
León,N-120,316.3,321.7,16337.0,2397.0,14.67,N-120 (PK 316.3 a 321.7)
León,N-120,340.2,344.7,6617.0,971.0,14.67,N-120 (PK 340.2 a 344.7)
Pontevedra,N-120,651.2,652.0,9310.0,92.0,0.99,N-120 (PK 651.2 a 652.0)
Zaragoza,N-125,8.2,8.8,10143.0,791.0,7.8,N-125 (PK 8.2 a 8.8)
La Rioja,N-232,395.3,396.7,11766.0,730.0,6.2,N-232 (PK 395.3 a 396.7)
Guadalajara,N-320,223.4,224.0,3469.0,320.0,9.22,N-320 (PK 223.4 a 224.0)
Valencia,N-322,441.2,442.2,1973.0,333.0,16.88,N-322 (PK 441.2 a 442.2)
Granada,N-323A,84.0,86.6,1336.0,131.0,9.81,N-323A (PK 84.0 a 86.6)
Zaragoza,N-330,418.4,420.2,333.0,125.0,37.54,N-330 (PK 418.4 a 420.2)
Toledo,N-401A,108.6,111352,5439.0,951.0,17.48,N-401A (PK 108.6 a 111.352)
Cuenca,N-420,469.0,472.0,1550.0,269.0,17.35,N-420 (PK 469.0 a 472.0)
Ciudad Real,N-430,364.5,369.3,2421.0,269.0,11.11,N-430 (PK 364.5 a 369.3)
Huelva,N-431,114.4,115.6,10217.0,807.0,7.9,N-431 (PK 114.4 a 115.6)
Córdoba,N-432,241.7,246.0,8706.0,1227.0,14.09,N-432 (PK 241.7 a 246.0)
Córdoba,N-432,313.6,315.2,3783.0,505.0,13.35,N-432 (PK 313.6 a 315.2)
Jaén,N-432,388.0,390.6,4546.0,561.0,12.34,N-432 (PK 388.0 a 390.6)
Ourense,N-525,148.3,149.5,377.0,25.0,6.63,N-525 (PK 148.3 a 149.5)
Ourense,N-525,177.3,181.0,535.0,28.0,5.23,N-525 (PK 177.3 a 181.0)
Pontevedra,N-550,100.3,102.7,8295.0,663.0,7.99,N-550 (PK 100.3 a 102.7)
Toledo,N-5A,81.5,83.2,2153.0,276.0,12.82,N-5A (PK 81.5 a 83.2)
A Coruña,N-6,564.2,566.7,1145.0,125.0,10.92,N-6 (PK 564.2 a 566.7)
Burgos,N-623,83.2,85.8,862.0,88.0,10.21,N-623 (PK 83.2 a 85.8)
Burgos,N-629,5.8,7.1,1852.0,135.0,7.29,N-629 (PK 5.8 a 7.1)
León,N-630,95.9,98.3,2457.0,172.0,7.0,N-630 (PK 95.9 a 98.3)
Cáceres,N-630,489.5,494.6,297.0,22.0,7.41,N-630 (PK 489.5 a 494.6)
Badajoz,N-630,606.1,608.9,196.0,14.0,7.14,N-630 (PK 606.1 a 608.9)
Huelva,N-630,739.8,742.2,363.0,20.0,5.51,N-630 (PK 739.8 a 742.2)
Lugo,N-634,556.1,558.4,6234.0,290.0,4.65,N-634 (PK 556.1 a 558.4)
Asturias,N-643,1.4,2.14,1263.0,115.0,9.11,N-643 (PK 1.4 a 2.14)
Almería,A-7,679.7,682.4,22056.0,3431.0,15.56,A-7 (PK 679.7 a 682.4)
Almería,A-7,826.6,829.3,30225.0,3502.0,11.59,A-7 (PK 826.6 a 829.3)
Burgos,A-1,171.0,176.1,21476.0,4001.0,18.63,A-1 (PK 171.0 a 176.1)
La Rioja,A-12,113.8,117.5,7601.0,1346.0,17.71,A-12 (PK 113.8 a 117.5)
Zaragoza,A-2,316675,317.8,79844.0,12436.0,15.58,A-2 (PK 316.675 a 317.8)
Zaragoza,A-2,314.9,316675,72692.0,12869.0,17.7,A-2 (PK 314.9 a 316.675)
Valencia,A-3,277.2,280.4,31418.0,7326.0,23.32,A-3 (PK 277.2 a 280.4)
Sevilla,A-4,549.2,552.7,49145.0,4535.0,9.23,A-4 (PK 549.2 a 552.7)
Cádiz,A-4,632.3,634.9,30070.0,2321.0,7.72,A-4 (PK 632.3 a 634.9)
Granada,A-44,77.88,81.6,21403.0,3813.0,17.82,A-44 (PK 77.88 a 81.6)
Ourense,A-52,111.7,113.8,8653.0,2325.0,26.87,A-52 (PK 111.7 a 113.8)
Pontevedra,A-55,0.0,2.74,36372.0,1139.0,3.13,A-55 (PK 0.0 a 2.74)
Zamora,A-66,255.1,261.2,9768.0,1537.0,15.74,A-66 (PK 255.1 a 261.2)
Cáceres,A-66,539.0,541.6,16010.0,2704.0,16.89,A-66 (PK 539.0 a 541.6)
Granada,GR-30,23.7,26992,30264.0,1581.0,5.22,GR-30 (PK 23.7 a 26.992)
Madrid,M-14,0.8,2.3,139700.0,7737.0,5.54,M-14 (PK 0.8 a 2.3)
Burgos,N-1,278.1,280.1,2986.0,838.0,28.06,N-1 (PK 278.1 a 280.1)
Lugo,N-120,523.3,526.0,4644.0,623.0,13.42,N-120 (PK 523.3 a 526.0)
Girona,N-154,0.0,1.48,9011.0,477.0,5.29,N-154 (PK 0.0 a 1.48)
Madrid,N-1A,22.68,23.0,15951.0,583.0,3.65,N-1A (PK 22.68 a 23.0)
Zaragoza,N-2,203.65,205.1,648.0,45.0,6.94,N-2 (PK 203.65 a 205.1)
Teruel,N-211,211.6,213.1,1913.0,139.0,7.27,N-211 (PK 211.6 a 213.1)
Teruel,N-211,235.4,238.2,5146.0,402.0,7.81,N-211 (PK 235.4 a 238.2)
Zaragoza,N-232,294.9,296.78,14254.0,5904.0,41.42,N-232 (PK 294.9 a 296.78)
La Rioja,N-232,449.3,452.4,2223.0,167.0,7.51,N-232 (PK 449.3 a 452.4)
Castellón,N-232A,31905,33301,112.0,32.0,28.57,N-232A (PK 31.905 a 33.301)
Huesca,N-260,366.5,369.0,544.0,17.0,3.12,N-260 (PK 366.5 a 369.0)
Cuenca,N-310,174.0,175.7,1732.0,413.0,23.85,N-310 (PK 174.0 a 175.7)
Jaén,N-322,205.4,207.4,4540.0,584.0,12.86,N-322 (PK 205.4 a 207.4)
Jaén,N-322A,126.0,126.9,119.0,14.0,11.76,N-322A (PK 126.0 a 126.9)
Zaragoza,N-330,450.1,453.1,2208.0,832.0,37.68,N-330 (PK 450.1 a 453.1)
Huesca,N-330,539.4,544.0,368.0,48.0,13.04,N-330 (PK 539.4 a 544.0)
Huesca,N-330,666.3,672.28,1454.0,364.0,25.03,N-330 (PK 666.3 a 672.28)
Alicante/Alacant,N-332,189.4,190.2,5622.0,423.0,7.52,N-332 (PK 189.4 a 190.2)
Granada,N-340,375.6,377.5,507.0,34.0,6.71,N-340 (PK 375.6 a 377.5)
Almería,N-340A,453088,454.02,2419.0,126.0,5.21,N-340A (PK 453.088 a 454.02)
Córdoba,N-432,189.8,191.1,4456.0,497.0,11.15,N-432 (PK 189.8 a 191.1)
Córdoba,N-432,264.7,266.0,21541.0,1455.0,6.75,N-432 (PK 264.7 a 266.0)
Córdoba,N-432,296.0,297.8,4653.0,353.0,7.59,N-432 (PK 296.0 a 297.8)
Badajoz,N-432A,22.5,25.22,1710.0,178.0,10.41,N-432A (PK 22.5 a 25.22)
Badajoz,N-5,380.5,383.0,4847.0,190.0,3.92,N-5 (PK 380.5 a 383.0)
Ourense,N-525,199.6,204.0,7751.0,422.0,5.44,N-525 (PK 199.6 a 204.0)
Lugo,N-547,22.8,25.0,1043.0,120.0,11.51,N-547 (PK 22.8 a 25.0)
A Coruña,N-550,48.0,49.0,19397.0,1790.0,9.23,N-550 (PK 48.0 a 49.0)
Toledo,N-5A,110.0,111.77,18459.0,939.0,5.09,N-5A (PK 110.0 a 111.77)
Palencia,N-610,12.1,16.5,3097.0,794.0,25.64,N-610 (PK 12.1 a 16.5)
Asturias,N-634,442.8,443.6,4335.0,608.0,14.03,N-634 (PK 442.8 a 443.6)
Asturias,N-634,540.8,543.1,2073.0,132.0,6.37,N-634 (PK 540.8 a 543.1)
Asturias,N-640,23.06,25.1,2537.0,451.0,17.78,N-640 (PK 23.06 a 25.1)
A Coruña,SC-20,0.0,1.0,25226.0,2730.0,10.82,SC-20 (PK 0.0 a 1.0)
Segovia,SG-20,9.8,13.95,10104.0,1054.0,10.43,SG-20 (PK 9.8 a 13.95)
Zaragoza,Z-40,30.2,32.5,45605.0,3127.0,6.86,Z-40 (PK 30.2 a 32.5)
Valencia,A-7,420.2,421.0,22036.0,2078.0,9.43,A-7 (PK 420.2 a 421.0)
Burgos,A-1,229.3,232.4,36847.0,4966.0,13.48,A-1 (PK 229.3 a 232.4)
La Rioja,A-13,2.5,4.4,28436.0,1758.0,6.18,A-13 (PK 2.5 a 4.4)
Teruel,A-23,100.0,104.8,13850.0,3701.0,26.72,A-23 (PK 100.0 a 104.8)
Zaragoza,A-23,202.6,206.0,11437.0,3151.0,27.55,A-23 (PK 202.6 a 206.0)
Huesca,A-23,327.8,332.2,16881.0,1868.0,11.07,A-23 (PK 327.8 a 332.2)
Valencia,A-3,296.0,301.2,33862.0,7586.0,22.4,A-3 (PK 296.0 a 301.2)
Murcia,A-30,181.1,184.5,32725.0,3556.0,10.87,A-30 (PK 181.1 a 184.5)
Cuenca,A-43,145.7,147.0,7316.0,2928.0,40.02,A-43 (PK 145.7 a 147.0)
Badajoz,A-5,333.4,338.2,15911.0,3253.0,20.44,A-5 (PK 333.4 a 338.2)
Cáceres,A-58,8.8,15.0,6050.0,310.0,5.12,A-58 (PK 8.8 a 15.0)
Badajoz,A-66,675.0,681.5,14317.0,3660.0,25.56,A-66 (PK 675.0 a 681.5)
Cádiz,CA-36,0.0,2.06,19133.0,983.0,5.14,CA-36 (PK 0.0 a 2.06)
Madrid,M-21,0.0,0.9,64877.0,6138.0,9.46,M-21 (PK 0.0 a 0.9)
La Rioja,N-120,16266,17.8,1456.0,113.0,7.76,N-120 (PK 16.266 a 17.8)
Burgos,N-120,103.7,106.88,7135.0,1306.0,18.3,N-120 (PK 103.7 a 106.88)
Burgos,N-120,120.0,121.8,4781.0,417.0,8.72,N-120 (PK 120.0 a 121.8)
León,N-120,323.3,327.7,9113.0,1351.0,14.82,N-120 (PK 323.3 a 327.7)
Lugo,N-120,500.67,502.6,3185.0,510.0,16.01,N-120 (PK 500.67 a 502.6)
Burgos,N-122,278.0,282.4,5275.0,1762.0,33.4,N-122 (PK 278.0 a 282.4)
Girona,N-156,0.4,1.3,7310.0,1277.0,17.47,N-156 (PK 0.4 a 1.3)
Guadalajara,N-2,127.5,129.13,110.0,27.0,24.55,N-2 (PK 127.5 a 129.13)
Soria,N-2,146175,146.4,730.0,179.0,24.52,N-2 (PK 146.175 a 146.4)
Teruel,N-232,77.4,93.2,123222.0,8686.0,7.05,N-232 (PK 77.4 a 93.2)
La Rioja,N-232,438.6,442.3,6077.0,457.0,7.52,N-232 (PK 438.6 a 442.3)
Zaragoza,N-234,214.5,217.9,1580.0,172.0,10.89,N-234 (PK 214.5 a 217.9)
Zaragoza,N-234,290.6,294.2,1463.0,241.0,16.47,N-234 (PK 290.6 a 294.2)
Burgos,N-234,447.4,449.7,3810.0,545.0,14.3,N-234 (PK 447.4 a 449.7)
Huesca,N-240,130.9,132.0,824.0,156.0,18.93,N-240 (PK 130.9 a 132.0)
Alicante/Alacant,N-332,196.0,196.5,14129.0,1066.0,7.54,N-332 (PK 196.0 a 196.5)
Alicante/Alacant,N-340,709.46,709.98,9978.0,463.0,4.64,N-340 (PK 709.46 a 709.98)
Ávila,N-403,91.2,93.9,6701.0,324.0,4.84,N-403 (PK 91.2 a 93.9)
Badajoz,N-432,67.3,70.6,5737.0,731.0,12.74,N-432 (PK 67.3 a 70.6)
Córdoba,N-432A,224.2,226.1,114.0,14.0,12.28,N-432A (PK 224.2 a 226.1)
Pontevedra,N-550A,99.0,100836,5544.0,494.0,8.91,N-550A (PK 99.0 a 100.836)
Madrid,N-6,45.7,47.33,14155.0,517.0,3.65,N-6 (PK 45.7 a 47.33)
León,N-6,279.6,281.7,885.0,65.0,7.34,N-6 (PK 279.6 a 281.7)
Lugo,N-6,498.17,500.0,19476.0,423.0,2.17,N-6 (PK 498.17 a 500.0)
León,N-621,63.4,65.0,2625.0,202.0,7.7,N-621 (PK 63.4 a 65.0)
Burgos,N-623,66.3,70.5,1088.0,59.0,5.42,N-623 (PK 66.3 a 70.5)
Cáceres,N-630,438775,442.5,762.0,58.0,7.61,N-630 (PK 438.775 a 442.5)
Cáceres,N-630,576.3,582.0,643.0,38.0,5.91,N-630 (PK 576.3 a 582.0)
Asturias,N-633,2.0,2.14,18802.0,1893.0,10.07,N-633 (PK 2.0 a 2.14)
Asturias,N-634,325.51,326.91,6108.0,438.0,7.17,N-634 (PK 325.51 a 326.91)
Asturias,N-634,508.7,512.4,7555.0,421.0,5.57,N-634 (PK 508.7 a 512.4)
Sevilla,SE-40,28.21,34.2,3892.0,175.0,4.5,SE-40 (PK 28.21 a 34.2)
Burgos,A-1,153.5,157.2,19361.0,3936.0,20.33,A-1 (PK 153.5 a 157.2)
Valencia,A-3,322.7,327.1,40101.0,9195.0,22.93,A-3 (PK 322.7 a 327.1)
Albacete,A-30,44.0,47.8,15491.0,3126.0,20.18,A-30 (PK 44.0 a 47.8)
Murcia,A-33,30.9,41.3,26088.0,7565.0,29.0,A-33 (PK 30.9 a 41.3)
Valencia,A-35,42.5,44.0,30172.0,9524.0,31.57,A-35 (PK 42.5 a 44.0)
Sevilla,A-4,533.8,534.9,73531.0,2375.0,3.23,A-4 (PK 533.8 a 534.9)
Toledo,A-42,69.6,72.4,67390.0,3244.0,4.81,A-42 (PK 69.6 a 72.4)
Málaga,A-45,142.13,142.58,8067.0,505.0,6.26,A-45 (PK 142.13 a 142.58)
Toledo,A-5,47.4,51.6,38484.0,4938.0,12.83,A-5 (PK 47.4 a 51.6)
Cáceres,A-58,15.0,21.0,6023.0,319.0,5.3,A-58 (PK 15.0 a 21.0)
Ávila,A-6,118.4,122.9,18350.0,2872.0,15.65,A-6 (PK 118.4 a 122.9)
León,A-6,329.5,333.0,12920.0,3018.0,23.36,A-6 (PK 329.5 a 333.0)
A Coruña,A-6,565.2,567.0,23094.0,3232.0,13.99,A-6 (PK 565.2 a 567.0)
Cáceres,A-66,488.6,494.4,12766.0,2615.0,20.48,A-66 (PK 488.6 a 494.4)
Alicante/Alacant,A-77,6.3,7.37,19605.0,2858.0,14.58,A-77 (PK 6.3 a 7.37)
A Coruña,AC-12,7.4,9.02,29203.0,1157.0,3.96,AC-12 (PK 7.4 a 9.02)
Lugo,LU-12,0.0,3.16,3159.0,188.0,5.95,LU-12 (PK 0.0 a 3.16)
Ávila,N-110,246.1,249.1,4221.0,639.0,15.14,N-110 (PK 246.1 a 249.1)
Ávila,N-110,290.1,292.3,3911.0,206.0,5.27,N-110 (PK 290.1 a 292.3)
Burgos,N-120,124.2,127.3,641.0,56.0,8.74,N-120 (PK 124.2 a 127.3)
Burgos,N-122,274.4,277.5,5275.0,1762.0,33.4,N-122 (PK 274.4 a 277.5)
Guadalajara,N-211,76.2,78.5,2168.0,474.0,21.86,N-211 (PK 76.2 a 78.5)
Burgos,N-232,469.5,473.0,3678.0,710.0,19.3,N-232 (PK 469.5 a 473.0)
Burgos,N-234,424.6,427.0,2345.0,335.0,14.29,N-234 (PK 424.6 a 427.0)
Albacete,N-301,297.0,300712,214.0,15.0,7.01,N-301 (PK 297.0 a 300.712)
Ciudad Real,N-310,69.0,72.0,350.0,38.0,10.86,N-310 (PK 69.0 a 72.0)
Huesca,N-330,573.6,575.1,2057.0,267.0,12.98,N-330 (PK 573.6 a 575.1)
Alicante/Alacant,N-332,118.92,120.6,11549.0,448.0,3.88,N-332 (PK 118.92 a 120.6)
Alicante/Alacant,N-340,729.5,730.3,11762.0,534.0,4.54,N-340 (PK 729.5 a 730.3)
Castellón,N-340,972.4,974.1,24683.0,1546.0,6.26,N-340 (PK 972.4 a 974.1)
Castellón,N-340,1057.3,1058.41,6476.0,382.0,5.9,N-340 (PK 1057.3 a 1058.41)
Almería,N-340A,456.79,456.9,441.0,19.0,4.31,N-340A (PK 456.79 a 456.9)
Castellón,N-340A,979.9,981.0,9903.0,308.0,3.11,N-340A (PK 979.9 a 981.0)
Madrid,N-403,70.97,72.8,3041.0,146.0,4.8,N-403 (PK 70.97 a 72.8)
Madrid,N-403,78.5,79.8,4752.0,229.0,4.82,N-403 (PK 78.5 a 79.8)
Ciudad Real,N-420,176.4,178.2,605.0,34.0,5.62,N-420 (PK 176.4 a 178.2)
Cuenca,N-420,500.5,502.4,774.0,99.0,12.79,N-420 (PK 500.5 a 502.4)
Teruel,N-420B,768.48,769.28,1994.0,228.0,11.43,N-420B (PK 768.48 a 769.28)
Jaén,N-432,386.2,388.0,4720.0,483.0,10.23,N-432 (PK 386.2 a 388.0)
Huelva,N-433,97.2,98.4,4673.0,606.0,12.97,N-433 (PK 97.2 a 98.4)
Ávila,N-502,45.1,46.8,1797.0,115.0,6.4,N-502 (PK 45.1 a 46.8)
Ciudad Real,N-502,308.3,310.2,613.0,40.0,6.53,N-502 (PK 308.3 a 310.2)
Córdoba,N-502,361.6,364.8,2164.0,223.0,10.3,N-502 (PK 361.6 a 364.8)
Ourense,N-541,12.7,13.6,2248.0,195.0,8.67,N-541 (PK 12.7 a 13.6)
León,N-6,375.4,377.3,13115.0,550.0,4.19,N-6 (PK 375.4 a 377.3)
León,N-621,78.7,81.0,1336.0,89.0,6.66,N-621 (PK 78.7 a 81.0)
Cáceres,N-630A,471.35,472.1,8071.0,119.0,1.47,N-630A (PK 471.35 a 472.1)
Lugo,N-634,632.9,634.8,900.0,171.0,19.0,N-634 (PK 632.9 a 634.8)
Lugo,N-640,92.54,93.03,13186.0,415.0,3.15,N-640 (PK 92.54 a 93.03)
A Coruña,N-651,28.46,30.0,9404.0,301.0,3.2,N-651 (PK 28.46 a 30.0)
Palencia,P-11,0.4,4.8,17526.0,948.0,5.41,P-11 (PK 0.4 a 4.8)
Sevilla,SE-30,15.3,15.5,131813.0,8758.0,6.64,SE-30 (PK 15.3 a 15.5)
Valencia,V-31,6.4,9.4,118636.0,8010.0,6.75,V-31 (PK 6.4 a 9.4)
Guadalajara,A-2,47.3,50.5,82173.0,12865.0,15.66,A-2 (PK 47.3 a 50.5)
Jaén,A-32,5.0,8.6,9863.0,933.0,9.46,A-32 (PK 5.0 a 8.6)
Madrid,A-4,45.2,47.1,44839.0,10329.0,23.04,A-4 (PK 45.2 a 47.1)
Jaén,A-4,266.4,268.6,27388.0,7323.0,26.74,A-4 (PK 266.4 a 268.6)
Cádiz,A-4,660.4,663.6,45378.0,2379.0,5.24,A-4 (PK 660.4 a 663.6)
Ciudad Real,A-43,29.5,32.1,12146.0,2209.0,18.19,A-43 (PK 29.5 a 32.1)
Pontevedra,A-52,303.3,305.6,38223.0,3495.0,9.14,A-52 (PK 303.3 a 305.6)
Lugo,A-54,5.9,11.8,6180.0,1002.0,16.21,A-54 (PK 5.9 a 11.8)
Cáceres,A-58,0.0,3.4,3409.0,216.0,6.34,A-58 (PK 0.0 a 3.4)
Ávila,A-6,128.9,137.0,21822.0,4068.0,18.64,A-6 (PK 128.9 a 137.0)
León,A-60,106.8,115.0,7023.0,1440.0,20.5,A-60 (PK 106.8 a 115.0)
Badajoz,A-66,721.8,730.0,16495.0,3854.0,23.36,A-66 (PK 721.8 a 730.0)
Castellón,CS-22,0.8,2.0,19148.0,2616.0,13.66,CS-22 (PK 0.8 a 2.0)
Granada,GR-16,2.0,3.0,1942.0,442.0,22.76,GR-16 (PK 2.0 a 3.0)
Segovia,N-110,154.5,157.9,2228.0,161.0,7.23,N-110 (PK 154.5 a 157.9)
Segovia,N-110,184.5,187555,7147.0,468.0,6.55,N-110 (PK 184.5 a 187.555)
Castellón,N-225,13.4,16.0,5717.0,976.0,17.07,N-225 (PK 13.4 a 16.0)
Teruel,N-232,135.7,138.3,5668.0,599.0,10.57,N-232 (PK 135.7 a 138.3)
La Rioja,N-232,446.8,449.3,2280.0,171.0,7.5,N-232 (PK 446.8 a 449.3)
La Rioja,N-232A,375.3,377.9,576.0,62.0,10.76,N-232A (PK 375.3 a 377.9)
Teruel,N-234,180.4,182.6,2640.0,318.0,12.05,N-234 (PK 180.4 a 182.6)
Valencia,N-3,298.2,298.8,569.0,71.0,12.48,N-3 (PK 298.2 a 298.8)
Toledo,N-301,131.3,134351,2648.0,1006.0,37.99,N-301 (PK 131.3 a 134.351)
Huesca,N-330,583.6,585.87,228.0,29.0,12.72,N-330 (PK 583.6 a 585.87)
Almería,N-340A,399.4,401.7,5268.0,466.0,8.85,N-340A (PK 399.4 a 401.7)
Ávila,N-403,108.3,109.7,3932.0,221.0,5.62,N-403 (PK 108.3 a 109.7)
Tarragona,N-420A,823375,823652,519.0,50.0,9.63,N-420A (PK 823.375 a 823.652)
Ourense,N-525,244.3,246.2,7794.0,487.0,6.25,N-525 (PK 244.3 a 246.2)
Ourense,N-525,262.4,265.4,2046.0,162.0,7.92,N-525 (PK 262.4 a 265.4)
Pontevedra,N-525,290257,291.15,9982.0,984.0,9.86,N-525 (PK 290.257 a 291.15)
Lugo,N-540,14.6,17.5,4795.0,622.0,12.97,N-540 (PK 14.6 a 17.5)
León,N-6,402.4,405.0,2165.0,91.0,4.2,N-6 (PK 402.4 a 405.0)
León,N-601,292.2,297.5,2478.0,426.0,17.19,N-601 (PK 292.2 a 297.5)
Segovia,N-603,78.7,81.0,5484.0,376.0,6.86,N-603 (PK 78.7 a 81.0)
Asturias,N-634,299.7,301.25,956.0,50.0,5.23,N-634 (PK 299.7 a 301.25)
Asturias,N-634,443.6,444.5,4335.0,608.0,14.03,N-634 (PK 443.6 a 444.5)
Asturias,N-634,501.2,503.1,662.0,54.0,8.16,N-634 (PK 501.2 a 503.1)
Pontevedra,PO-11,4251,5574,15836.0,970.0,6.13,PO-11 (PK 4.251 a 5.574)
Alicante/Alacant,A-7,429.45,431.3,18217.0,1989.0,10.92,A-7 (PK 429.45 a 431.3)
Almería,A-7,820.2,823.5,35189.0,3775.0,10.73,A-7 (PK 820.2 a 823.5)
Teruel,A-23,70.1,71.5,14141.0,3755.0,26.55,A-23 (PK 70.1 a 71.5)
Toledo,A-40,101.2,103.7,13078.0,1462.0,11.18,A-40 (PK 101.2 a 103.7)
Ciudad Real,A-43,47.6,50.3,4951.0,2004.0,40.48,A-43 (PK 47.6 a 50.3)
Huelva,A-49,74.7,77.7,55449.0,4865.0,8.77,A-49 (PK 74.7 a 77.7)
Toledo,A-5,45.2,47.4,38484.0,4938.0,12.83,A-5 (PK 45.2 a 47.4)
León,A-6,371.3,376.4,16377.0,2360.0,14.41,A-6 (PK 371.3 a 376.4)
Zaragoza,A-68,232.7,233.87,29014.0,1740.0,6.0,A-68 (PK 232.7 a 233.87)
Asturias,A-8,355.9,360.0,25959.0,2790.0,10.75,A-8 (PK 355.9 a 360.0)
Huelva,H-31,77.6,79.7,40070.0,2512.0,6.27,H-31 (PK 77.6 a 79.7)
La Rioja,N-120,24.9,27.0,2535.0,196.0,7.73,N-120 (PK 24.9 a 27.0)
Palencia,N-120,192.6,195.4,513.0,68.0,13.26,N-120 (PK 192.6 a 195.4)
Burgos,N-122,262.8,268.38,2334.0,766.0,32.82,N-122 (PK 262.8 a 268.38)
Guadalajara,N-211,78.5,82.4,2168.0,474.0,21.86,N-211 (PK 78.5 a 82.4)
Castellón,N-232,0.38,1.6,11275.0,1898.0,16.83,N-232 (PK 0.38 a 1.6)
La Rioja,N-232,345.6,347.3,8029.0,954.0,11.88,N-232 (PK 345.6 a 347.3)
Burgos,N-232,508.8,510.7,1645.0,261.0,15.87,N-232 (PK 508.8 a 510.7)
Valencia,N-234,7.6,8325,6570.0,1709.0,26.01,N-234 (PK 7.6 a 8.325)
Burgos,N-234,439.9,443.1,3810.0,545.0,14.3,N-234 (PK 439.9 a 443.1)
Girona,N-260,45.5,47.6,7592.0,628.0,8.27,N-260 (PK 45.5 a 47.6)
Girona,N-260,47.6,50.5,7592.0,628.0,8.27,N-260 (PK 47.6 a 50.5)
Albacete,N-322,326.9,329.9,5167.0,460.0,8.9,N-322 (PK 326.9 a 329.9)
Valencia,N-332,244.2,246.7,10592.0,1015.0,9.58,N-332 (PK 244.2 a 246.7)
Barcelona,N-340,1242.6,1242.8,20920.0,1372.0,6.56,N-340 (PK 1242.6 a 1242.8)
Sevilla,N-4,613.1,615.3,5991.0,768.0,12.82,N-4 (PK 613.1 a 615.3)
Ciudad Real,N-430,285.7,289.2,2972.0,633.0,21.3,N-430 (PK 285.7 a 289.2)
Albacete,N-430A,458.8,460.91,2242.0,192.0,8.56,N-430A (PK 458.8 a 460.91)
Córdoba,N-432A,246.4,248.54,518.0,45.0,8.69,N-432A (PK 246.4 a 248.54)
Huelva,N-433,112.0,114.2,3465.0,499.0,14.4,N-433 (PK 112.0 a 114.2)
A Coruña,N-550A,80.65,82.6,11289.0,396.0,3.51,N-550A (PK 80.65 a 82.6)
León,N-6,397.1,399.7,7356.0,308.0,4.19,N-6 (PK 397.1 a 399.7)
León,N-601,305.0,308.4,1631.0,92.0,5.64,N-601 (PK 305.0 a 308.4)
Segovia,N-603,62.42,64.1,6350.0,737.0,11.61,N-603 (PK 62.42 a 64.1)
Cantabria,N-611,196.3,196.7,9289.0,347.0,3.74,N-611 (PK 196.3 a 196.7)
Salamanca,N-620,348.6,350.53,2352.0,95.0,4.04,N-620 (PK 348.6 a 350.53)
Asturias,N-630,36.6,38.7,5436.0,448.0,8.24,N-630 (PK 36.6 a 38.7)
Asturias,N-632,42.8,43.2,748.0,119.0,15.91,N-632 (PK 42.8 a 43.2)
Asturias,N-634,528.6,530.4,3121.0,152.0,4.87,N-634 (PK 528.6 a 530.4)
Asturias,N-634,546.8,547.5,3259.0,199.0,6.11,N-634 (PK 546.8 a 547.5)
Segovia,SG-20,0.0,3.1,9836.0,1168.0,11.87,SG-20 (PK 0.0 a 3.1)
Valencia,V-30,2.7,4.7,118364.0,14254.0,12.04,V-30 (PK 2.7 a 4.7)
Segovia,A-1,115.4,116.8,17892.0,3770.0,21.07,A-1 (PK 115.4 a 116.8)
Zaragoza,A-2,217.5,226.3,16358.0,5330.0,32.58,A-2 (PK 217.5 a 226.3)
Albacete,A-31,145.1,147.3,17671.0,2648.0,14.99,A-31 (PK 145.1 a 147.3)
Jaén,A-32,34.0,35.7,6575.0,541.0,8.23,A-32 (PK 34.0 a 35.7)
Sevilla,A-4,506.1,507.8,22031.0,5468.0,24.82,A-4 (PK 506.1 a 507.8)
Cádiz,A-4,639.3,641.6,41532.0,2662.0,6.41,A-4 (PK 639.3 a 641.6)
Lugo,A-54,11.8,16.8,6080.0,730.0,12.01,A-54 (PK 11.8 a 16.8)
Cáceres,A-58,3.4,8.8,3313.0,223.0,6.73,A-58 (PK 3.4 a 8.8)
León,A-6,279.6,291.3,7748.0,1817.0,23.45,A-6 (PK 279.6 a 291.3)
A Coruña,FE-13,2.1,3.2,16397.0,487.0,2.97,FE-13 (PK 2.1 a 3.2)
Granada,GR-30,0.0,0.8,49748.0,1924.0,3.87,GR-30 (PK 0.0 a 0.8)
Palencia,N-120,175.3,178.5,521.0,57.0,10.94,N-120 (PK 175.3 a 178.5)
Girona,N-2,742.9,744.3,5730.0,328.0,5.72,N-2 (PK 742.9 a 744.3)
Teruel,N-211,242146,245.0,1706.0,294.0,17.23,N-211 (PK 242.146 a 245.0)
Huesca,N-230,46.7,48.9,4024.0,582.0,14.46,N-230 (PK 46.7 a 48.9)
Teruel,N-232,165.1,165.9,4983.0,471.0,9.45,N-232 (PK 165.1 a 165.9)
Zaragoza,N-234A,235435,236.7,144.0,43.0,29.86,N-234A (PK 235.435 a 236.7)
Zaragoza,N-2R,204.0,205.03,458.0,32.0,6.99,N-2R (PK 204.0 a 205.03)
Albacete,N-301,281.4,285.1,214.0,15.0,7.01,N-301 (PK 281.4 a 285.1)
Jaén,N-322,117.75,119.9,1114.0,100.0,8.98,N-322 (PK 117.75 a 119.9)
Jaén,N-322A,206.3,207.4,1054.0,40.0,3.8,N-322A (PK 206.3 a 207.4)
Castellón,N-340,1037.4,1039.7,7428.0,545.0,7.34,N-340 (PK 1037.4 a 1039.7)
Castellón,N-340,1053.3,1057.3,3910.0,278.0,7.11,N-340 (PK 1053.3 a 1057.3)
Almería,N-340A,419.8,420.25,48998.0,4768.0,9.73,N-340A (PK 419.8 a 420.25)
Almería,N-340A,448025,448.55,14430.0,1637.0,11.34,N-340A (PK 448.025 a 448.55)
Córdoba,N-4,424.6,427.5,3195.0,307.0,9.61,N-4 (PK 424.6 a 427.5)
Toledo,N-403,40.6,42.2,4963.0,239.0,4.82,N-403 (PK 40.6 a 42.2)
Granada,N-432,426.6,427.7,8904.0,445.0,5.0,N-432 (PK 426.6 a 427.7)
Jaén,N-432A,361065,362.6,1612.0,52.0,3.23,N-432A (PK 361.065 a 362.6)
Ourense,N-525,143.3,145.0,377.0,25.0,6.63,N-525 (PK 143.3 a 145.0)
Ourense,N-525,217.1,219.1,4221.0,155.0,3.67,N-525 (PK 217.1 a 219.1)
Ourense,N-525,267.1,269.2,2046.0,162.0,7.92,N-525 (PK 267.1 a 269.2)
A Coruña,N-550,77.4,79.2,14407.0,1012.0,7.02,N-550 (PK 77.4 a 79.2)
León,N-6,291.7,294.0,885.0,65.0,7.34,N-6 (PK 291.7 a 294.0)
León,N-6,327.2,330.9,1057.0,92.0,8.7,N-6 (PK 327.2 a 330.9)
León,N-6,331.8,335.7,390.0,33.0,8.46,N-6 (PK 331.8 a 335.7)
A Coruña,N-6,552.2,555.5,1133.0,123.0,10.86,N-6 (PK 552.2 a 555.5)
Palencia,N-611,108.0,111.1,311.0,16.0,5.14,N-611 (PK 108.0 a 111.1)
Burgos,N-622,73.84,77.0,411.0,76.0,18.49,N-622 (PK 73.84 a 77.0)
Asturias,N-632,107.6,109.6,6332.0,236.0,3.73,N-632 (PK 107.6 a 109.6)
Lugo,N-634,570.8,571.6,3150.0,191.0,6.06,N-634 (PK 570.8 a 571.6)
Ciudad Real,PT-10,0.9,2.85,5366.0,291.0,5.42,PT-10 (PK 0.9 a 2.85)
Valencia,A-7,394.4,396.0,58181.0,12456.0,21.41,A-7 (PK 394.4 a 396.0)
Murcia,A-7,608.6,611.4,45288.0,9536.0,21.06,A-7 (PK 608.6 a 611.4)
Segovia,A-1,95.6,98.4,21302.0,5514.0,25.88,A-1 (PK 95.6 a 98.4)
Segovia,A-1,100.4,103.7,23917.0,4159.0,17.39,A-1 (PK 100.4 a 103.7)
Burgos,A-1,235.0,238.2,38337.0,11105.0,28.97,A-1 (PK 235.0 a 238.2)
La Rioja,A-12,98.6,101.8,15557.0,1938.0,12.46,A-12 (PK 98.6 a 101.8)
Huesca,A-22,32.9,39.5,14614.0,1981.0,13.56,A-22 (PK 32.9 a 39.5)
Huesca,A-23,368.1,372.0,11056.0,743.0,6.72,A-23 (PK 368.1 a 372.0)
Alicante/Alacant,A-31,223.3,224.7,26718.0,2389.0,8.94,A-31 (PK 223.3 a 224.7)
Jaén,A-32,12.7,15.3,9250.0,1173.0,12.68,A-32 (PK 12.7 a 15.3)
Córdoba,A-45,36.9,40.0,22578.0,2569.0,11.38,A-45 (PK 36.9 a 40.0)
Córdoba,A-45,40.0,43.5,18130.0,1904.0,10.5,A-45 (PK 40.0 a 43.5)
Málaga,A-45,81.28,86.2,16711.0,1929.0,11.54,A-45 (PK 81.28 a 86.2)
Badajoz,A-5,394.2,399.7,17296.0,2696.0,15.59,A-5 (PK 394.2 a 399.7)
León,A-6,360.3,364.4,13573.0,3171.0,23.36,A-6 (PK 360.3 a 364.4)
León,A-66,151.7,159.7,14904.0,2447.0,16.42,A-66 (PK 151.7 a 159.7)
Asturias,A-8,290.3,293.9,14445.0,1852.0,12.82,A-8 (PK 290.3 a 293.9)
Lugo,A-8,575.4,577.8,11729.0,1616.0,13.78,A-8 (PK 575.4 a 577.8)
Burgos,BU-11,1.6,3.6,22525.0,737.0,3.27,BU-11 (PK 1.6 a 3.6)
Cádiz,CA-37,0.0,1.5,25089.0,1100.0,4.38,CA-37 (PK 0.0 a 1.5)
Murcia,CT-34,5.8,7.1,9299.0,2326.0,25.01,CT-34 (PK 5.8 a 7.1)
Huelva,H-30,15.5,19.1,21801.0,4340.0,19.91,H-30 (PK 15.5 a 19.1)
Segovia,N-110,150.6,154.3,2423.0,263.0,10.85,N-110 (PK 150.6 a 154.3)
La Rioja,N-111,295.5,297.0,2679.0,376.0,14.04,N-111 (PK 295.5 a 297.0)
Teruel,N-211,178.3,180.1,1943.0,205.0,10.55,N-211 (PK 178.3 a 180.1)
La Rioja,N-232,396.7,399585,11766.0,730.0,6.2,N-232 (PK 396.7 a 399.585)
Burgos,N-232,510.7,513.4,1645.0,261.0,15.87,N-232 (PK 510.7 a 513.4)
Castellón,N-234,19.5,20.0,202.0,52.0,25.74,N-234 (PK 19.5 a 20.0)
Toledo,N-301,118.9,120.9,3224.0,1226.0,38.03,N-301 (PK 118.9 a 120.9)
Cuenca,N-310,175.7,180.9,1732.0,413.0,23.85,N-310 (PK 175.7 a 180.9)
Madrid,N-320,333.4,334.7,7111.0,541.0,7.61,N-320 (PK 333.4 a 334.7)
Jaén,N-322,222.4,223.8,4337.0,558.0,12.87,N-322 (PK 222.4 a 223.8)
Albacete,N-322A,403.2,405.8,1569.0,52.0,3.31,N-322A (PK 403.2 a 405.8)
Valencia,N-330,167.8,170.4,2726.0,213.0,7.81,N-330 (PK 167.8 a 170.4)
Huesca,N-330A,647.1,648925,2299.0,227.0,9.87,N-330A (PK 647.1 a 648.925)
Granada,N-340,372.1,373.05,885.0,39.0,4.41,N-340 (PK 372.1 a 373.05)
Castellón,N-340,974.1,975.05,24683.0,1546.0,6.26,N-340 (PK 974.1 a 975.05)
Toledo,N-400,57.64,59882,4300.0,197.0,4.58,N-400 (PK 57.64 a 59.882)
Toledo,N-403,21.7,24.1,564.0,26.0,4.61,N-403 (PK 21.7 a 24.1)
Huelva,N-431,113.33,114.4,12312.0,428.0,3.48,N-431 (PK 113.33 a 114.4)
Pontevedra,N-525,307.3,309.4,5560.0,1011.0,18.18,N-525 (PK 307.3 a 309.4)
Ourense,N-541,27.6,29.6,4757.0,262.0,5.51,N-541 (PK 27.6 a 29.6)
A Coruña,N-547,46.8,48.8,8389.0,964.0,11.49,N-547 (PK 46.8 a 48.8)
A Coruña,N-550,80.7,83.6,8509.0,721.0,8.47,N-550 (PK 80.7 a 83.6)
León,N-6,283.6,290.0,885.0,65.0,7.34,N-6 (PK 283.6 a 290.0)
Palencia,N-610,26.5,32.2,2213.0,777.0,35.11,N-610 (PK 26.5 a 32.2)
León,N-625,34.0,39.7,3193.0,335.0,10.49,N-625 (PK 34.0 a 39.7)
Asturias,N-630,38.7,40.6,5436.0,448.0,8.24,N-630 (PK 38.7 a 40.6)
Lugo,N-634,639.5,640.42,1619.0,243.0,15.01,N-634 (PK 639.5 a 640.42)
Lugo,N-640,52.1,55.0,1416.0,147.0,10.38,N-640 (PK 52.1 a 55.0)
Ourense,OU-11,0.0,2.0,19850.0,1061.0,5.35,OU-11 (PK 0.0 a 2.0)
Valencia,V-30,10.5,12.3,80759.0,8194.0,10.15,V-30 (PK 10.5 a 12.3)
Almería,A-7,838.0,839.6,23608.0,2506.0,10.62,A-7 (PK 838.0 a 839.6)
Málaga,A-7,1043.0,1043.6,106315.0,7100.0,6.68,A-7 (PK 1043.0 a 1043.6)
Cádiz,A-7,1109.7,1110.5,63952.0,4481.0,7.01,A-7 (PK 1109.7 a 1110.5)
Soria,A-11,45.3,53.0,4230.0,1361.0,32.17,A-11 (PK 45.3 a 53.0)
Zaragoza,A-2,232.6,236.6,19473.0,5614.0,28.83,A-2 (PK 232.6 a 236.6)
Zaragoza,A-2,268.8,270.5,22571.0,5760.0,25.52,A-2 (PK 268.8 a 270.5)
Teruel,A-23,92.2,100.0,14082.0,3865.0,27.45,A-23 (PK 92.2 a 100.0)
Murcia,A-30,120.6,124.0,50185.0,8015.0,15.97,A-30 (PK 120.6 a 124.0)
Alicante/Alacant,A-77,4.4,6.3,19605.0,2858.0,14.58,A-77 (PK 4.4 a 6.3)
Segovia,N-110,181.0,184.5,7147.0,468.0,6.55,N-110 (PK 181.0 a 184.5)
La Rioja,N-120,27.0,28.25,1844.0,142.0,7.7,N-120 (PK 27.0 a 28.25)
Ourense,N-120,570.97,573.1,9884.0,413.0,4.18,N-120 (PK 570.97 a 573.1)
Guadalajara,N-211,30.9,33.8,2164.0,394.0,18.21,N-211 (PK 30.9 a 33.8)
Teruel,N-211,180.1,183.5,1943.0,205.0,10.55,N-211 (PK 180.1 a 183.5)
Girona,N-260A,83.93,84.3,7787.0,445.0,5.71,N-260A (PK 83.93 a 84.3)
Valencia,N-330,113.3,114.5,4042.0,245.0,6.06,N-330 (PK 113.3 a 114.5)
Málaga,N-331,109.8,114.3,264.0,25.0,9.47,N-331 (PK 109.8 a 114.3)
Valencia,N-340,930.15,932.0,17514.0,1061.0,6.06,N-340 (PK 930.15 a 932.0)
Cuenca,N-400,173.5,174.3,3016.0,139.0,4.61,N-400 (PK 173.5 a 174.3)
Huelva,N-431,119.5,120.8,10217.0,807.0,7.9,N-431 (PK 119.5 a 120.8)
Sevilla,N-433,35.15,38.5,5145.0,527.0,10.24,N-433 (PK 35.15 a 38.5)
Huelva,N-435A,128.2,129.59,89.0,5.0,5.62,N-435A (PK 128.2 a 129.59)
Toledo,N-502,111.1,114.9,3792.0,522.0,13.77,N-502 (PK 111.1 a 114.9)
Ourense,N-541,24.8,26.7,4757.0,262.0,5.51,N-541 (PK 24.8 a 26.7)
Pontevedra,N-541,54.8,56.3,2008.0,206.0,10.26,N-541 (PK 54.8 a 56.3)
A Coruña,N-550,9.55,11.45,9188.0,442.0,4.81,N-550 (PK 9.55 a 11.45)
Pontevedra,N-550,91.0,93.5,7122.0,658.0,9.24,N-550 (PK 91.0 a 93.5)
Asturias,N-632,115.8,117.3,3556.0,167.0,4.7,N-632 (PK 115.8 a 117.3)
Asturias,N-634,432.5,433.6,2287.0,192.0,8.4,N-634 (PK 432.5 a 433.6)
Pontevedra,N-640,229.5,233.0,12263.0,1511.0,12.32,N-640 (PK 229.5 a 233.0)
A Coruña,SC-11,1.2,2.27,23135.0,647.0,2.8,SC-11 (PK 1.2 a 2.27)
Valencia,A-7,417.7,418.5,21688.0,2266.0,10.45,A-7 (PK 417.7 a 418.5)
Murcia,A-7,575.4,578.0,49383.0,5968.0,12.09,A-7 (PK 575.4 a 578.0)
Huesca,N-330,643.4,643.8,570.0,56.0,9.82,N-330 (PK 643.4 a 643.8)
Segovia,A-1,120.6,123.3,20337.0,4002.0,19.68,A-1 (PK 120.6 a 123.3)
Zaragoza,A-2,322.5,325.0,72549.0,14237.0,19.62,A-2 (PK 322.5 a 325.0)
Murcia,A-30,157.1,160.6,39647.0,4015.0,10.13,A-30 (PK 157.1 a 160.6)
Murcia,A-30,189.2,190.8,27346.0,5358.0,19.59,A-30 (PK 189.2 a 190.8)
Sevilla,A-4,520.5,526.0,50987.0,5496.0,10.78,A-4 (PK 520.5 a 526.0)
Toledo,A-40,213.2,218.7,6344.0,1794.0,28.28,A-40 (PK 213.2 a 218.7)
Cuenca,A-40,234.9,240.9,6299.0,596.0,9.46,A-40 (PK 234.9 a 240.9)
Cuenca,A-40,254.0,256.5,4536.0,408.0,8.99,A-40 (PK 254.0 a 256.5)
Madrid,A-5,11.5,13.3,122111.0,17274.0,14.15,A-5 (PK 11.5 a 13.3)
Toledo,A-5,36672,40.0,58776.0,6044.0,10.28,A-5 (PK 36.672 a 40.0)
León,A-6,347.5,350.6,14284.0,3296.0,23.07,A-6 (PK 347.5 a 350.6)
Lugo,A-6,493.4,497.0,14685.0,3078.0,20.96,A-6 (PK 493.4 a 497.0)
Palencia,A-62,57.8,66.4,17799.0,5491.0,30.85,A-62 (PK 57.8 a 66.4)
Zaragoza,A-68,229.7,232.7,26410.0,2794.0,10.58,A-68 (PK 229.7 a 232.7)
Murcia,CT-34,7.1,9.02,9299.0,2326.0,25.01,CT-34 (PK 7.1 a 9.02)
Alicante/Alacant,EL-20,2.9,4.2,28472.0,1677.0,5.89,EL-20 (PK 2.9 a 4.2)
A Coruña,FE-13,0.0,1.2,20929.0,283.0,1.35,FE-13 (PK 0.0 a 1.2)
Huelva,H-30,8.9,10.4,37631.0,1530.0,4.07,H-30 (PK 8.9 a 10.4)
Soria,N-110,69.8,70.0,1642.0,234.0,14.25,N-110 (PK 69.8 a 70.0)
Ávila,N-110A,257.12,258.2,10124.0,489.0,4.83,N-110A (PK 257.12 a 258.2)
Burgos,N-120,56.69,57.66,3604.0,1374.0,38.12,N-120 (PK 56.69 a 57.66)
Soria,N-122,105975,106.3,1227.0,127.0,10.35,N-122 (PK 105.975 a 106.3)
Teruel,N-232,166.5,170.1,3861.0,618.0,16.01,N-232 (PK 166.5 a 170.1)
Jaén,N-322,176.0,179.6,4127.0,531.0,12.87,N-322 (PK 176.0 a 179.6)
Cádiz,N-340,65.7,67.65,12492.0,591.0,4.73,N-340 (PK 65.7 a 67.65)
Murcia,N-344,69.1,70.5,7296.0,710.0,9.73,N-344 (PK 69.1 a 70.5)
Toledo,N-403,13.3,13.8,564.0,26.0,4.61,N-403 (PK 13.3 a 13.8)
Huelva,N-433,86.4,87.4,6652.0,509.0,7.65,N-433 (PK 86.4 a 87.4)
Cáceres,N-521,10.3,16.3,78.0,2.0,2.56,N-521 (PK 10.3 a 16.3)
Ourense,N-525,254.2,257.7,2550.0,203.0,7.96,N-525 (PK 254.2 a 257.7)
Pontevedra,N-550,97.9,100.3,4757.0,485.0,10.2,N-550 (PK 97.9 a 100.3)
Segovia,N-601,128.3,132.7,2715.0,1090.0,40.15,N-601 (PK 128.3 a 132.7)
Valladolid,N-601,230.2,231.6,5823.0,677.0,11.63,N-601 (PK 230.2 a 231.6)
León,N-601,318.6,320.9,3887.0,175.0,4.5,N-601 (PK 318.6 a 320.9)
León,N-601,323.0,325.3,30266.0,1302.0,4.3,N-601 (PK 323.0 a 325.3)
Segovia,N-603,74.8,78.0,4784.0,556.0,11.62,N-603 (PK 74.8 a 78.0)
Palencia,N-611,34.5,39.3,932.0,141.0,15.13,N-611 (PK 34.5 a 39.3)
León,N-630,168.8,177.4,1351.0,271.0,20.06,N-630 (PK 168.8 a 177.4)
Badajoz,N-630,613.5,617.4,196.0,14.0,7.14,N-630 (PK 613.5 a 617.4)
Badajoz,N-630,677.5,681.5,706.0,47.0,6.66,N-630 (PK 677.5 a 681.5)
Sevilla,N-630,780.5,782.0,887.0,51.0,5.75,N-630 (PK 780.5 a 782.0)
Cantabria,N-634,249.0,249.2,8784.0,265.0,3.02,N-634 (PK 249.0 a 249.2)
Asturias,N-634,400.0,400758,14341.0,1036.0,7.22,N-634 (PK 400.0 a 400.758)
A Coruña,SC-20,6.9,8.2,43664.0,1043.0,2.39,SC-20 (PK 6.9 a 8.2)
Alicante/Alacant,N-332,175.6,176579,9918.0,458.0,4.62,N-332 (PK 175.6 a 176.579)
Alicante/Alacant,N-332,176579,178.7,9903.0,532.0,5.37,N-332 (PK 176.579 a 178.7)
Huesca,A-22,77.0,81.4,10314.0,1457.0,14.13,A-22 (PK 77.0 a 81.4)
Madrid,A-3,67.8,70.7,34308.0,4866.0,14.18,A-3 (PK 67.8 a 70.7)
Toledo,A-5,40.0,43.0,58776.0,6044.0,10.28,A-5 (PK 40.0 a 43.0)
Palencia,A-62,48.5,53.1,16567.0,5604.0,33.83,A-62 (PK 48.5 a 53.1)
Asturias,A-64,11.0,13.8,13105.0,990.0,7.55,A-64 (PK 11.0 a 13.8)
Cantabria,A-67,201.6,201.8,49715.0,3255.0,6.55,A-67 (PK 201.6 a 201.8)
Burgos,BU-30,4.2,9.4,12464.0,2279.0,18.28,BU-30 (PK 4.2 a 9.4)
A Coruña,FE-13,1.4,2.1,26157.0,511.0,1.95,FE-13 (PK 1.4 a 2.1)
Granada,GR-14,0.0,2426,8972.0,545.0,6.07,GR-14 (PK 0.0 a 2.426)
Segovia,N-110,162.1,166.7,3350.0,378.0,11.28,N-110 (PK 162.1 a 166.7)
Ávila,N-110,233.1,235.0,4221.0,639.0,15.14,N-110 (PK 233.1 a 235.0)
Burgos,N-120,130.6,134.0,641.0,56.0,8.74,N-120 (PK 130.6 a 134.0)
Zaragoza,N-122,59.0,63.0,7189.0,1438.0,20.0,N-122 (PK 59.0 a 63.0)
Castellón,N-234,47.1,47.8,1631.0,549.0,33.66,N-234 (PK 47.1 a 47.8)
Burgos,N-234A,435.71,438.2,2501.0,357.0,14.27,N-234A (PK 435.71 a 438.2)
Huesca,N-260,442.7,445.1,3957.0,129.0,3.26,N-260 (PK 442.7 a 445.1)
Huesca,N-260A,476.4,477.8,1936.0,64.0,3.31,N-260A (PK 476.4 a 477.8)
Albacete,N-301,335.5,337.54,260.0,12.0,4.62,N-301 (PK 335.5 a 337.54)
Murcia,N-301,368.5,369.4,842.0,118.0,14.01,N-301 (PK 368.5 a 369.4)
Albacete,N-322,298.5,301.1,2367.0,312.0,13.18,N-322 (PK 298.5 a 301.1)
Jaén,N-323,39.1,40.48,10377.0,188.0,1.81,N-323 (PK 39.1 a 40.48)
Alicante/Alacant,N-325,8.2,9.0,7565.0,467.0,6.17,N-325 (PK 8.2 a 9.0)
Murcia,N-344,70.5,71.7,2976.0,290.0,9.74,N-344 (PK 70.5 a 71.7)
Toledo,N-403,30214,34.4,2805.0,158.0,5.63,N-403 (PK 30.214 a 34.4)
Cuenca,N-420,407.7,409.5,4344.0,283.0,6.51,N-420 (PK 407.7 a 409.5)
Sevilla,N-433,52.8,54.2,2858.0,289.0,10.11,N-433 (PK 52.8 a 54.2)
Córdoba,N-502,379.7,381.0,4615.0,555.0,12.03,N-502 (PK 379.7 a 381.0)
Lugo,N-540,9.6,11.6,4795.0,622.0,12.97,N-540 (PK 9.6 a 11.6)
Pontevedra,N-541,84.2,87.0,5831.0,324.0,5.56,N-541 (PK 84.2 a 87.0)
Pontevedra,N-552,5.5,7.1,9929.0,393.0,3.96,N-552 (PK 5.5 a 7.1)
Madrid,N-6,42.13,43.8,14155.0,517.0,3.65,N-6 (PK 42.13 a 43.8)
Lugo,N-6,433.3,435.2,405.0,30.0,7.41,N-6 (PK 433.3 a 435.2)
Palencia,N-611,24.2,28.9,932.0,141.0,15.13,N-611 (PK 24.2 a 28.9)
Cáceres,N-630,435.8,436.9,1784.0,185.0,10.37,N-630 (PK 435.8 a 436.9)
Cáceres,N-630,494.6,499.7,297.0,22.0,7.41,N-630 (PK 494.6 a 499.7)
Asturias,N-632,117.3,118.2,3556.0,167.0,4.7,N-632 (PK 117.3 a 118.2)
Murcia,A-7,566.7,567329,53517.0,14218.0,26.57,A-7 (PK 566.7 a 567.329)
Zaragoza,A-23,320.4,326.92,16193.0,1621.0,10.01,A-23 (PK 320.4 a 326.92)
Ciudad Real,A-4,134.8,136.5,24958.0,6373.0,25.53,A-4 (PK 134.8 a 136.5)
Córdoba,A-45,78.4,81.28,16782.0,1996.0,11.89,A-45 (PK 78.4 a 81.28)
Málaga,A-45,98.6,101.6,26832.0,2954.0,11.01,A-45 (PK 98.6 a 101.6)
Cádiz,A-48,15.2,19.2,18715.0,1015.0,5.42,A-48 (PK 15.2 a 19.2)
Toledo,A-5,144.5,147.7,22220.0,3959.0,17.82,A-5 (PK 144.5 a 147.7)
Cáceres,A-5,170.4,177.4,20280.0,3027.0,14.93,A-5 (PK 170.4 a 177.4)
Badajoz,A-5,301815,309.7,8911.0,2054.0,23.05,A-5 (PK 301.815 a 309.7)
A Coruña,A-54,83.5,85.7,17883.0,2115.0,11.83,A-54 (PK 83.5 a 85.7)
Cáceres,A-66,454.7,462.9,12927.0,2640.0,20.42,A-66 (PK 454.7 a 462.9)
Guadalajara,N-2,125.5,127.5,110.0,27.0,24.55,N-2 (PK 125.5 a 127.5)
Teruel,N-232,109.8,112.5,1927.0,268.0,13.91,N-232 (PK 109.8 a 112.5)
Zaragoza,N-232,243.8,248.2,18075.0,646.0,3.57,N-232 (PK 243.8 a 248.2)
La Rioja,N-232,444.0,446.4,6715.0,506.0,7.54,N-232 (PK 444.0 a 446.4)
Burgos,N-232,531.5,533.1,702.0,110.0,15.67,N-232 (PK 531.5 a 533.1)
Guadalajara,N-320,302.0,303.4,8205.0,563.0,6.86,N-320 (PK 302.0 a 303.4)
Zaragoza,N-330,424.2,428.5,333.0,125.0,37.54,N-330 (PK 424.2 a 428.5)
Alicante/Alacant,N-332,94.5,95.81,30377.0,904.0,2.98,N-332 (PK 94.5 a 95.81)
Alicante/Alacant,N-332,149.3,151.4,26577.0,1274.0,4.79,N-332 (PK 149.3 a 151.4)
Alicante/Alacant,N-340,800.4,802.35,10156.0,624.0,6.14,N-340 (PK 800.4 a 802.35)
Tarragona,N-340,1195.4,1195.66,14516.0,1080.0,7.44,N-340 (PK 1195.4 a 1195.66)
Murcia,N-344,32.3,35.1,1484.0,109.0,7.35,N-344 (PK 32.3 a 35.1)
Cádiz,N-357,0.0,2.05,10757.0,2852.0,26.51,N-357 (PK 0.0 a 2.05)
Cuenca,N-400,116.3,119.8,567.0,63.0,11.11,N-400 (PK 116.3 a 119.8)
Toledo,N-401,144.0,149.1,2437.0,426.0,17.48,N-401 (PK 144.0 a 149.1)
Badajoz,N-432,51.2,56.8,3075.0,321.0,10.44,N-432 (PK 51.2 a 56.8)
León,N-536,12.8,15.0,1500.0,52.0,3.47,N-536 (PK 12.8 a 15.0)
Pontevedra,N-550,88.2,90.8,7122.0,658.0,9.24,N-550 (PK 88.2 a 90.8)
Ávila,N-6,103.7,108.3,5959.0,2104.0,35.31,N-6 (PK 103.7 a 108.3)
Burgos,N-623,8.1,11.5,3439.0,280.0,8.14,N-623 (PK 8.1 a 11.5)
Burgos,N-623,60.5,62.9,1088.0,59.0,5.42,N-623 (PK 60.5 a 62.9)
Burgos,N-623,75.0,77.9,1088.0,59.0,5.42,N-623 (PK 75.0 a 77.9)
A Coruña,N-6A,584.2,585625,5128.0,559.0,10.9,N-6A (PK 584.2 a 585.625)
Sevilla,SE-30,19.3,19.9,95354.0,6536.0,6.85,SE-30 (PK 19.3 a 19.9)
Valencia,A-7,306.6,310.9,69212.0,22194.0,32.07,A-7 (PK 306.6 a 310.9)
La Rioja,A-12,110.3,113.8,8317.0,1474.0,17.72,A-12 (PK 110.3 a 113.8)
La Rioja,A-12,126.8,130.0,3984.0,1433.0,35.97,A-12 (PK 126.8 a 130.0)
Soria,A-15,8.5,13.4,6179.0,1924.0,31.14,A-15 (PK 8.5 a 13.4)
Guadalajara,A-2,44.0,47.3,82173.0,12865.0,15.66,A-2 (PK 44.0 a 47.3)
Guadalajara,A-2,58.1,60.3,43761.0,8560.0,19.56,A-2 (PK 58.1 a 60.3)
Alicante/Alacant,A-31,193.2,194.3,35742.0,6271.0,17.55,A-31 (PK 193.2 a 194.3)
Sevilla,A-4,558.5,560.62,15810.0,1158.0,7.32,A-4 (PK 558.5 a 560.62)
Toledo,A-40,117.6,119.0,17082.0,1890.0,11.06,A-40 (PK 117.6 a 119.0)
Huelva,A-49,131.2,133.0,13365.0,751.0,5.62,A-49 (PK 131.2 a 133.0)
Toledo,A-5,162.7,168105,19673.0,3199.0,16.26,A-5 (PK 162.7 a 168.105)
Cáceres,A-5,252.4,258.3,9945.0,1804.0,18.14,A-5 (PK 252.4 a 258.3)
Ávila,A-50,0.84,4.2,11206.0,990.0,8.83,A-50 (PK 0.84 a 4.2)
Madrid,A-5R,0.0,2.1,131389.0,5794.0,4.41,A-5R (PK 0.0 a 2.1)
Alicante/Alacant,EL-20,0.0,1.2,28472.0,1677.0,5.89,EL-20 (PK 0.0 a 1.2)
Ávila,N-110,283.9,288.0,3911.0,206.0,5.27,N-110 (PK 283.9 a 288.0)
Burgos,N-122,248.3,251.6,5710.0,1761.0,30.84,N-122 (PK 248.3 a 251.6)
Burgos,N-122,286.6,291.1,5275.0,1762.0,33.4,N-122 (PK 286.6 a 291.1)
Guadalajara,N-211,2.4,4.2,2288.0,416.0,18.18,N-211 (PK 2.4 a 4.2)
La Rioja,N-232,379.5,384.0,5708.0,617.0,10.81,N-232 (PK 379.5 a 384.0)
Teruel,N-234,172.3,175.7,878.0,202.0,23.01,N-234 (PK 172.3 a 175.7)
Burgos,N-234,429.1,434.0,2345.0,335.0,14.29,N-234 (PK 429.1 a 434.0)
Madrid,N-320,331.6,332.3,3394.0,257.0,7.57,N-320 (PK 331.6 a 332.3)
Albacete,N-322,329.9,337.6,5167.0,460.0,8.9,N-322 (PK 329.9 a 337.6)
Granada,N-323A,466.5,469.26,544.0,53.0,9.74,N-323A (PK 466.5 a 469.26)
Alicante/Alacant,N-332,147.1,148.4,44974.0,1986.0,4.42,N-332 (PK 147.1 a 148.4)
Alicante/Alacant,N-332A,177.8,179.06,6395.0,375.0,5.86,N-332A (PK 177.8 a 179.06)
Barcelona,N-340,1222.1,1222.4,6721.0,384.0,5.71,N-340 (PK 1222.1 a 1222.4)
Córdoba,N-432A,228.2,231.8,20.0,1.0,5.0,N-432A (PK 228.2 a 231.8)
Huelva,N-433,152.6,155.3,1452.0,326.0,22.45,N-433 (PK 152.6 a 155.3)
Cáceres,N-521,108.2,114.1,1316.0,161.0,12.23,N-521 (PK 108.2 a 114.1)
A Coruña,N-550,20.2,21.8,3948.0,393.0,9.95,N-550 (PK 20.2 a 21.8)
Palencia,N-610,16.5,22.0,2402.0,807.0,33.6,N-610 (PK 16.5 a 22.0)
Burgos,N-627,54.3,58.7,298.0,61.0,20.47,N-627 (PK 54.3 a 58.7)
Cáceres,N-630,468.5,470.6,8347.0,869.0,10.41,N-630 (PK 468.5 a 470.6)
Cáceres,N-630,479.25,487.8,4496.0,424.0,9.43,N-630 (PK 479.25 a 487.8)
Badajoz,N-630,629.7,635.4,4651.0,332.0,7.14,N-630 (PK 629.7 a 635.4)
Asturias,N-634,295.2,296.5,956.0,50.0,5.23,N-634 (PK 295.2 a 296.5)
La Rioja,A-12,107.9,110.3,10330.0,1507.0,14.59,A-12 (PK 107.9 a 110.3)
Girona,A-26,79.25,81.4,16923.0,1021.0,6.03,A-26 (PK 79.25 a 81.4)
Murcia,A-30,155.0,157.1,48332.0,4095.0,8.47,A-30 (PK 155.0 a 157.1)
Jaén,A-32,8.6,12.7,9250.0,1173.0,12.68,A-32 (PK 8.6 a 12.7)
Murcia,A-33,41.3,54.83,26088.0,7565.0,29.0,A-33 (PK 41.3 a 54.83)
Toledo,A-4,63.4,65.7,29512.0,5862.0,19.86,A-4 (PK 63.4 a 65.7)
Toledo,A-4,93.2,97.6,26740.0,6343.0,23.72,A-4 (PK 93.2 a 97.6)
Toledo,A-40,184.0,186.2,8006.0,1576.0,19.69,A-40 (PK 184.0 a 186.2)
Toledo,A-42,55.1,57.6,44427.0,4384.0,9.87,A-42 (PK 55.1 a 57.6)
Madrid,A-5,13.3,14.1,122111.0,17274.0,14.15,A-5 (PK 13.3 a 14.1)
Ourense,A-52,262.3,267.11,16023.0,2486.0,15.52,A-52 (PK 262.3 a 267.11)
Lugo,A-56,42325,48525,1397.0,193.0,13.82,A-56 (PK 42.325 a 48.525)
Zaragoza,A-68,265.5,269.8,23729.0,10510.0,44.29,A-68 (PK 265.5 a 269.8)
León,LE-11,1.9,7.4,11656.0,886.0,7.6,LE-11 (PK 1.9 a 7.4)
Ávila,N-110,314.1,315.1,3716.0,283.0,7.62,N-110 (PK 314.1 a 315.1)
Burgos,N-120,67.9,71.2,3604.0,1374.0,38.12,N-120 (PK 67.9 a 71.2)
Huesca,N-123,9.6,11.7,4358.0,431.0,9.89,N-123 (PK 9.6 a 11.7)
Huesca,N-230,48.9,54.0,4073.0,588.0,14.44,N-230 (PK 48.9 a 54.0)
Valencia,N-234,2.8,3.71,6570.0,1709.0,26.01,N-234 (PK 2.8 a 3.71)
Toledo,N-301,120.9,123.1,3224.0,1226.0,38.03,N-301 (PK 120.9 a 123.1)
Albacete,N-322,356.4,360.9,15352.0,2051.0,13.36,N-322 (PK 356.4 a 360.9)
Murcia,N-344,55.9,59.1,196.0,18.0,9.18,N-344 (PK 55.9 a 59.1)
Sevilla,N-4,570.85,578.3,4245.0,567.0,13.36,N-4 (PK 570.85 a 578.3)
Cuenca,N-400,113.3,116.3,137.0,15.0,10.95,N-400 (PK 113.3 a 116.3)
Toledo,N-401A,90.97,92.4,5439.0,951.0,17.48,N-401A (PK 90.97 a 92.4)
Toledo,N-403,24.1,26.8,564.0,26.0,4.61,N-403 (PK 24.1 a 26.8)
Córdoba,N-420,79.1,81.5,2054.0,296.0,14.41,N-420 (PK 79.1 a 81.5)
Cuenca,N-420,324.8,325.3,789.0,51.0,6.46,N-420 (PK 324.8 a 325.3)
Granada,N-432,418.8,419.8,8154.0,1452.0,17.81,N-432 (PK 418.8 a 419.8)
Huelva,N-435,189.7,190.0,8150.0,709.0,8.7,N-435 (PK 189.7 a 190.0)
Toledo,N-502,114.9,119.9,6779.0,500.0,7.38,N-502 (PK 114.9 a 119.9)
Lugo,N-540,51.0,53.1,3606.0,523.0,14.5,N-540 (PK 51.0 a 53.1)
Valladolid,N-6,201.58,202.0,257.0,73.0,28.4,N-6 (PK 201.58 a 202.0)
León,N-6,295.2,298.4,1287.0,92.0,7.15,N-6 (PK 295.2 a 298.4)
Lugo,N-6,490.6,493.7,3957.0,222.0,5.61,N-6 (PK 490.6 a 493.7)
Valladolid,N-610,60.98,61.3,1493.0,705.0,47.22,N-610 (PK 60.98 a 61.3)
Burgos,N-623,19.0,20.3,1489.0,121.0,8.13,N-623 (PK 19.0 a 20.3)
Burgos,N-623,79.2,81.3,1088.0,59.0,5.42,N-623 (PK 79.2 a 81.3)
León,N-630,155189,157.5,2448.0,342.0,13.97,N-630 (PK 155.189 a 157.5)
León,N-630,152971,155189,4323.0,374.0,8.65,N-630 (PK 152.971 a 155.189)
Lugo,N-640,56.5,58.5,4861.0,437.0,8.99,N-640 (PK 56.5 a 58.5)
Albacete,A-30,47.8,51.5,15491.0,3126.0,20.18,A-30 (PK 47.8 a 51.5)
Córdoba,A-4,416.9,419.6,24672.0,4388.0,17.79,A-4 (PK 416.9 a 419.6)
Toledo,A-40,130.2,132.8,1222.0,284.0,23.24,A-40 (PK 130.2 a 132.8)
Cádiz,A-48,7.5,9.7,37754.0,2014.0,5.33,A-48 (PK 7.5 a 9.7)
Cáceres,A-66,436.0,442.0,12451.0,2882.0,23.15,A-66 (PK 436.0 a 442.0)
Asturias,A-8,352.7,355.9,9737.0,1129.0,11.59,A-8 (PK 352.7 a 355.9)
Granada,GR-14,2426,2.9,8972.0,545.0,6.07,GR-14 (PK 2.426 a 2.9)
Ávila,N-110,310.7,314.1,3716.0,283.0,7.62,N-110 (PK 310.7 a 314.1)
León,N-120A,345.5,346.05,2580.0,378.0,14.65,N-120A (PK 345.5 a 346.05)
Huesca,N-123A,36.1,37.6,1260.0,124.0,9.84,N-123A (PK 36.1 a 37.6)
Zaragoza,N-2,340.3,342.5,5506.0,1164.0,21.14,N-2 (PK 340.3 a 342.5)
Zaragoza,N-232,194.2,196.2,6096.0,787.0,12.91,N-232 (PK 194.2 a 196.2)
Burgos,N-232,505.2,508.8,1645.0,261.0,15.87,N-232 (PK 505.2 a 508.8)
Burgos,N-232,513.4,516.6,702.0,110.0,15.67,N-232 (PK 513.4 a 516.6)
Teruel,N-232A,131473,132.8,6036.0,543.0,9.0,N-232A (PK 131.473 a 132.8)
Teruel,N-234,166.3,172.3,878.0,202.0,23.01,N-234 (PK 166.3 a 172.3)
Zaragoza,N-240R,59.6,62415,692.0,61.0,8.82,N-240R (PK 59.6 a 62.415)
Girona,N-260,41.7,45.5,9265.0,337.0,3.64,N-260 (PK 41.7 a 45.5)
Jaén,N-323,38.0,39.1,10377.0,188.0,1.81,N-323 (PK 38.0 a 39.1)
Granada,N-323A,112.4,114.0,3820.0,376.0,9.84,N-323A (PK 112.4 a 114.0)
Huesca,N-330,630.0,632.8,6022.0,594.0,9.86,N-330 (PK 630.0 a 632.8)
Castellón,N-340A,970.07,971.35,38331.0,1879.0,4.9,N-340A (PK 970.07 a 971.35)
Toledo,N-400,82.5,87.0,127.0,14.0,11.02,N-400 (PK 82.5 a 87.0)
Ciudad Real,N-401,156.4,162.6,4441.0,249.0,5.61,N-401 (PK 156.4 a 162.6)
Teruel,N-420,611.9,617.5,2255.0,354.0,15.7,N-420 (PK 611.9 a 617.5)
Albacete,N-430A,455.7,457.0,2242.0,192.0,8.56,N-430A (PK 455.7 a 457.0)
Córdoba,N-432A,331.6,332742,1640.0,146.0,8.9,N-432A (PK 331.6 a 332.742)
Huelva,N-435,203.0,205.5,7370.0,1280.0,17.37,N-435 (PK 203.0 a 205.5)
Huelva,N-445,2.2,3.75,5978.0,264.0,4.42,N-445 (PK 2.2 a 3.75)
Toledo,N-502A,116.3,117.12,8065.0,1117.0,13.85,N-502A (PK 116.3 a 117.12)
Cáceres,N-521,4.1,10.3,78.0,2.0,2.56,N-521 (PK 4.1 a 10.3)
Ourense,N-525,237.0,238.75,31610.0,887.0,2.81,N-525 (PK 237.0 a 238.75)
Ourense,N-536,45.8,47.7,2526.0,87.0,3.44,N-536 (PK 45.8 a 47.7)
Pontevedra,N-550A,96.35,98.2,5544.0,494.0,8.91,N-550A (PK 96.35 a 98.2)
Pontevedra,N-551,0.0,1.68,9927.0,98.0,0.99,N-551 (PK 0.0 a 1.68)
A Coruña,N-6,584.0,585.7,21861.0,1190.0,5.44,N-6 (PK 584.0 a 585.7)
Palencia,N-611A,111.97,113.6,637.0,35.0,5.49,N-611A (PK 111.97 a 113.6)
León,N-621,67.1,71.0,1336.0,89.0,6.66,N-621 (PK 67.1 a 71.0)
Burgos,N-627,28.3,29.9,3526.0,842.0,23.88,N-627 (PK 28.3 a 29.9)
Asturias,N-630,29.45,30.2,6267.0,389.0,6.21,N-630 (PK 29.45 a 30.2)
Almería,A-7,817.9,820.2,35189.0,3775.0,10.73,A-7 (PK 817.9 a 820.2)
Zaragoza,A-2,180.97,185.7,15584.0,5633.0,36.15,A-2 (PK 180.97 a 185.7)
Murcia,A-30,143.5,146.0,100506.0,5449.0,5.42,A-30 (PK 143.5 a 146.0)
Murcia,A-30,176.0,179.6,37076.0,5950.0,16.05,A-30 (PK 176.0 a 179.6)
Toledo,A-40,180055,182.0,652.0,107.0,16.41,A-40 (PK 180.055 a 182.0)
Huelva,A-49,122.0,125.2,14428.0,1362.0,9.44,A-49 (PK 122.0 a 125.2)
A Coruña,A-6,582.8,585.6,26797.0,2490.0,9.29,A-6 (PK 582.8 a 585.6)
León,A-60,126.4,132.0,16746.0,1214.0,7.25,A-60 (PK 126.4 a 132.0)
Badajoz,A-66,665.8,670.4,15449.0,3487.0,22.57,A-66 (PK 665.8 a 670.4)
Palencia,A-67,80.0,87.7,9855.0,1147.0,11.64,A-67 (PK 80.0 a 87.7)
Palencia,A-67,93.5,100.1,10402.0,1280.0,12.31,A-67 (PK 93.5 a 100.1)
Almería,AL-14,0.0,1.74,21758.0,1148.0,5.28,AL-14 (PK 0.0 a 1.74)
Lugo,LU-11,2.1,3.8,8557.0,325.0,3.8,LU-11 (PK 2.1 a 3.8)
Cáceres,N-110,403.75,404.65,8071.0,119.0,1.47,N-110 (PK 403.75 a 404.65)
León,N-120,242.4,246.3,562.0,49.0,8.72,N-120 (PK 242.4 a 246.3)
Ourense,N-120,453.2,457.1,4362.0,569.0,13.04,N-120 (PK 453.2 a 457.1)
Huesca,N-230,44.5,46.7,4024.0,582.0,14.46,N-230 (PK 44.5 a 46.7)
Teruel,N-234,117.1,118.7,3145.0,262.0,8.33,N-234 (PK 117.1 a 118.7)
Burgos,N-234,454.1,456.9,3558.0,582.0,16.36,N-234 (PK 454.1 a 456.9)
Toledo,N-301,99.8,101.2,3462.0,1345.0,38.85,N-301 (PK 99.8 a 101.2)
Tarragona,N-340,1167.4,1167.7,10213.0,834.0,8.17,N-340 (PK 1167.4 a 1167.7)
Toledo,N-400,34388,37.1,8098.0,912.0,11.26,N-400 (PK 34.388 a 37.1)
Huelva,N-433,87.4,88.4,6652.0,509.0,7.65,N-433 (PK 87.4 a 88.4)
Ávila,N-502,70.0,71.3,2960.0,164.0,5.54,N-502 (PK 70.0 a 71.3)
Ourense,N-525,117.9,118.9,1787.0,173.0,9.68,N-525 (PK 117.9 a 118.9)
Ourense,N-525,252.7,254.2,2550.0,203.0,7.96,N-525 (PK 252.7 a 254.2)
Lugo,N-6,519.7,523.4,2514.0,332.0,13.21,N-6 (PK 519.7 a 523.4)
Burgos,N-623,62.9,66.3,1088.0,59.0,5.42,N-623 (PK 62.9 a 66.3)
Asturias,N-625,155.3,156.1,9240.0,510.0,5.52,N-625 (PK 155.3 a 156.1)
Cáceres,N-630,582.0,590.6,643.0,38.0,5.91,N-630 (PK 582.0 a 590.6)
Asturias,N-634R,382.21,384.5,2550.0,144.0,5.65,N-634R (PK 382.21 a 384.5)
Valencia,V-30,16.3,17.4,66253.0,7474.0,11.28,V-30 (PK 16.3 a 17.4)
Málaga,A-7,1001.9,1003.5,135574.0,6703.0,4.94,A-7 (PK 1001.9 a 1003.5)
Burgos,A-1,238.2,242.5,38337.0,11105.0,28.97,A-1 (PK 238.2 a 242.5)
Huesca,A-22,21.3,26.8,11143.0,1838.0,16.49,A-22 (PK 21.3 a 26.8)
Huesca,A-23,351.5,355.6,18090.0,1855.0,10.25,A-23 (PK 351.5 a 355.6)
Huesca,A-23,356.9,360.3,15892.0,1502.0,9.45,A-23 (PK 356.9 a 360.3)
Huesca,A-23,380.7,384.0,10015.0,886.0,8.85,A-23 (PK 380.7 a 384.0)
Albacete,A-31,37.7,39.1,25588.0,4719.0,18.44,A-31 (PK 37.7 a 39.1)
Ciudad Real,A-41,194.4,196.8,8213.0,355.0,4.32,A-41 (PK 194.4 a 196.8)
Granada,A-44,122.7,125.4,20562.0,1645.0,8.0,A-44 (PK 122.7 a 125.4)
Cádiz,A-48,9.7,15.2,27315.0,1341.0,4.91,A-48 (PK 9.7 a 15.2)
Huelva,A-49,125.2,129.1,14428.0,1362.0,9.44,A-49 (PK 125.2 a 129.1)
Lugo,A-54,0.0,5.9,5113.0,971.0,18.99,A-54 (PK 0.0 a 5.9)
Pontevedra,A-55,24.1,26.1,44997.0,5903.0,13.12,A-55 (PK 24.1 a 26.1)
León,A-6,313.5,318.4,7669.0,1730.0,22.56,A-6 (PK 313.5 a 318.4)
A Coruña,A-6,585.6,589.4,14697.0,1661.0,11.3,A-6 (PK 585.6 a 589.4)
Cantabria,A-67,198.7,198.9,70017.0,2910.0,4.16,A-67 (PK 198.7 a 198.9)
A Coruña,AC-10,0.5,2.5,12577.0,714.0,5.68,AC-10 (PK 0.5 a 2.5)
Madrid,M-13,0.0,1.2,47322.0,2998.0,6.34,M-13 (PK 0.0 a 1.2)
Segovia,N-110,218.8,222.6,2762.0,437.0,15.82,N-110 (PK 218.8 a 222.6)
Ávila,N-110,341.0,343.0,2316.0,176.0,7.6,N-110 (PK 341.0 a 343.0)
La Rioja,N-120,39.9,42.0,3969.0,307.0,7.73,N-120 (PK 39.9 a 42.0)
Ourense,N-120,603.98,605.2,1069.0,70.0,6.55,N-120 (PK 603.98 a 605.2)
Zaragoza,N-232,204.0,208.4,6096.0,787.0,12.91,N-232 (PK 204.0 a 208.4)
Toledo,N-301,95.0,99.1,3913.0,1094.0,27.96,N-301 (PK 95.0 a 99.1)
Zaragoza,N-330,453.7,458.8,431.0,162.0,37.59,N-330 (PK 453.7 a 458.8)
Córdoba,N-4,390.2,391.6,3668.0,209.0,5.7,N-4 (PK 390.2 a 391.6)
Ciudad Real,N-401,172.1,174.3,6668.0,373.0,5.59,N-401 (PK 172.1 a 174.3)
Madrid,N-403A,79.5,81.0,3110.0,236.0,7.59,N-403A (PK 79.5 a 81.0)
Valladolid,N-601,141.7,142.0,3477.0,1102.0,31.69,N-601 (PK 141.7 a 142.0)
Burgos,N-629,42.2,43.7,1262.0,91.0,7.21,N-629 (PK 42.2 a 43.7)
Cantabria,N-634,191.6,191.9,7276.0,392.0,5.39,N-634 (PK 191.6 a 191.9)
Asturias,N-634,351.8,354.5,6141.0,341.0,5.55,N-634 (PK 351.8 a 354.5)
Almería,A-7,783.55,786.3,42994.0,4237.0,9.85,A-7 (PK 783.55 a 786.3)
Madrid,A-1,66.0,67.1,24858.0,4050.0,16.29,A-1 (PK 66.0 a 67.1)
Madrid,A-1,67.1,68.7,24858.0,4050.0,16.29,A-1 (PK 67.1 a 68.7)
Burgos,A-11,112.9,119.3,3023.0,1360.0,44.99,A-11 (PK 112.9 a 119.3)
Valencia,A-23,1.6,2.6,25768.0,3747.0,14.54,A-23 (PK 1.6 a 2.6)
Cuenca,A-3,231.2,237.1,19951.0,5682.0,28.48,A-3 (PK 231.2 a 237.1)
Albacete,A-30,28.2,32.1,14838.0,3041.0,20.49,A-30 (PK 28.2 a 32.1)
Jaén,A-4,320.7,323.2,19782.0,5572.0,28.17,A-4 (PK 320.7 a 323.2)
Toledo,A-40,182.0,184.0,652.0,107.0,16.41,A-40 (PK 182.0 a 184.0)
Toledo,A-40,189.9,194.0,8006.0,1576.0,19.69,A-40 (PK 189.9 a 194.0)
Cuenca,A-40,256.5,259.7,4536.0,408.0,8.99,A-40 (PK 256.5 a 259.7)
Sevilla,A-49,27.7,31.55,43808.0,4717.0,10.77,A-49 (PK 27.7 a 31.55)
Ourense,A-52,187.6,192.5,11194.0,2208.0,19.72,A-52 (PK 187.6 a 192.5)
León,A-6,415.1,418.8,8926.0,2602.0,29.15,A-6 (PK 415.1 a 418.8)
Lugo,A-6,516.4,521.3,19780.0,2983.0,15.08,A-6 (PK 516.4 a 521.3)
Burgos,A-62,24.0,29.4,17769.0,6442.0,36.25,A-62 (PK 24.0 a 29.4)
Palencia,A-65,3.8,7.8,12003.0,1563.0,13.02,A-65 (PK 3.8 a 7.8)
Cantabria,A-8,209.8,213.7,18590.0,2608.0,14.03,A-8 (PK 209.8 a 213.7)
A Coruña,FE-14,0.0,1.3,12771.0,197.0,1.54,FE-14 (PK 0.0 a 1.3)
Burgos,N-1,249.5,253.5,2738.0,724.0,26.44,N-1 (PK 249.5 a 253.5)
Ávila,N-110,231.0,233.1,4221.0,639.0,15.14,N-110 (PK 231.0 a 233.1)
La Rioja,N-120,50.72,53277,3506.0,1336.0,38.11,N-120 (PK 50.72 a 53.277)
Burgos,N-120,57.66,59.4,3604.0,1374.0,38.12,N-120 (PK 57.66 a 59.4)
Burgos,N-120,88.99,92.2,4775.0,873.0,18.28,N-120 (PK 88.99 a 92.2)
Teruel,N-211,223.3,226.7,2217.0,269.0,12.13,N-211 (PK 223.3 a 226.7)
Zaragoza,N-232,248.2,251.96,13570.0,496.0,3.66,N-232 (PK 248.2 a 251.96)
Castellón,N-234,24.84,25.53,147.0,38.0,25.85,N-234 (PK 24.84 a 25.53)
Albacete,N-310,133.4,136.5,2064.0,216.0,10.47,N-310 (PK 133.4 a 136.5)
Jaén,N-322,183.8,185.9,365.0,47.0,12.88,N-322 (PK 183.8 a 185.9)
Albacete,N-322,394.9,398.2,2228.0,346.0,15.53,N-322 (PK 394.9 a 398.2)
Zaragoza,N-330,528.23,531.6,1498.0,148.0,9.88,N-330 (PK 528.23 a 531.6)
Cuenca,N-400,88.3,91.5,1678.0,188.0,11.2,N-400 (PK 88.3 a 91.5)
Huelva,N-433,103.7,106.1,3465.0,499.0,14.4,N-433 (PK 103.7 a 106.1)
Ourense,N-525,116.0,117.3,1787.0,173.0,9.68,N-525 (PK 116.0 a 117.3)
Pontevedra,N-525,303.5,305.8,7534.0,410.0,5.44,N-525 (PK 303.5 a 305.8)
Lugo,N-547,18.63,21.1,1043.0,120.0,11.51,N-547 (PK 18.63 a 21.1)
Lugo,N-547,28.7,33.1,1043.0,120.0,11.51,N-547 (PK 28.7 a 33.1)
A Coruña,N-550,69.0,71.5,14407.0,1012.0,7.02,N-550 (PK 69.0 a 71.5)
Segovia,N-601,114.9,121.4,2762.0,949.0,34.36,N-601 (PK 114.9 a 121.4)
Burgos,N-629,37.2,41.4,5365.0,393.0,7.33,N-629 (PK 37.2 a 41.4)
Asturias,N-634,370.8,373.2,7699.0,377.0,4.9,N-634 (PK 370.8 a 373.2)
Lugo,N-640,69.7,72.9,3808.0,368.0,9.66,N-640 (PK 69.7 a 72.9)
Pontevedra,N-640,198.0,200.8,4133.0,252.0,6.1,N-640 (PK 198.0 a 200.8)
A Coruña,N-651,8.6,10.6,12730.0,396.0,3.11,N-651 (PK 8.6 a 10.6)
Almería,A-7,747.6,750.0,26792.0,6125.0,22.86,A-7 (PK 747.6 a 750.0)
Cádiz,A-7,1107.3,1108.4,63952.0,4481.0,7.01,A-7 (PK 1107.3 a 1108.4)
Albacete,A-30,81.8,84.13,14204.0,3212.0,22.61,A-30 (PK 81.8 a 84.13)
Valencia,A-38,12.4,15.1,16476.0,1157.0,7.02,A-38 (PK 12.4 a 15.1)
Toledo,A-4,34.0,36.2,70863.0,11917.0,16.82,A-4 (PK 34.0 a 36.2)
Ciudad Real,A-4,144.4,146.9,26748.0,5651.0,21.13,A-4 (PK 144.4 a 146.9)
Toledo,A-40,103.7,108.2,17082.0,1890.0,11.06,A-40 (PK 103.7 a 108.2)
Cáceres,A-5,258.3,267.5,12652.0,2249.0,17.78,A-5 (PK 258.3 a 267.5)
Ávila,AV-20,0.0,3.0,13894.0,1093.0,7.87,AV-20 (PK 0.0 a 3.0)
Madrid,M-22,0.0,1.43,8160.0,771.0,9.45,M-22 (PK 0.0 a 1.43)
Ávila,N-110,308.0,310.7,3716.0,283.0,7.62,N-110 (PK 308.0 a 310.7)
Segovia,N-110A,205.08,206366,118.0,7.0,5.93,N-110A (PK 205.08 a 206.366)
La Rioja,N-120,23.3,24.76,1456.0,113.0,7.76,N-120 (PK 23.3 a 24.76)
León,N-120,307.67,311519,11948.0,400.0,3.35,N-120 (PK 307.67 a 311.519)
León,N-120,311519,312.3,10345.0,442.0,4.27,N-120 (PK 311.519 a 312.3)
Ourense,N-120,594.9,596.3,7207.0,474.0,6.58,N-120 (PK 594.9 a 596.3)
Zaragoza,N-122,86.1,88.7,4955.0,1385.0,27.95,N-122 (PK 86.1 a 88.7)
Zaragoza,N-232A,210.2,213.5,2500.0,353.0,14.12,N-232A (PK 210.2 a 213.5)
Girona,N-260,176.6,179.5,10792.0,518.0,4.8,N-260 (PK 176.6 a 179.5)
Valencia,N-3,253.5,255.8,948.0,119.0,12.55,N-3 (PK 253.5 a 255.8)
Cuenca,N-301,150.4,151.5,3772.0,1369.0,36.29,N-301 (PK 150.4 a 151.5)
Albacete,N-301,314.0,316.8,3452.0,170.0,4.92,N-301 (PK 314.0 a 316.8)
Jaén,N-322,135.4,137371,2543.0,382.0,15.02,N-322 (PK 135.4 a 137.371)
Albacete,N-322,373.4,375.3,5478.0,803.0,14.66,N-322 (PK 373.4 a 375.3)
Castellón,N-340,975.05,976.2,16453.0,658.0,4.0,N-340 (PK 975.05 a 976.2)
Castellón,N-340A,1051.2,1052.7,13182.0,465.0,3.53,N-340A (PK 1051.2 a 1052.7)
Ciudad Real,N-430,229.4,230.2,1250.0,394.0,31.52,N-430 (PK 229.4 a 230.2)
Córdoba,N-432,185.2,189.8,4456.0,497.0,11.15,N-432 (PK 185.2 a 189.8)
Badajoz,N-435A,33.4,35.84,3268.0,408.0,12.48,N-435A (PK 33.4 a 35.84)
Badajoz,N-435A,104.2,106.86,894.0,200.0,22.37,N-435A (PK 104.2 a 106.86)
Ourense,N-525,114.5,116.0,1787.0,173.0,9.68,N-525 (PK 114.5 a 116.0)
Lugo,N-540,46.4,49.4,4330.0,425.0,9.82,N-540 (PK 46.4 a 49.4)
Ourense,N-541,35.6,38.0,4757.0,262.0,5.51,N-541 (PK 35.6 a 38.0)
Valladolid,N-601,165.0,165.3,9699.0,1557.0,16.05,N-601 (PK 165.0 a 165.3)
León,N-621,71.0,74.3,1336.0,89.0,6.66,N-621 (PK 71.0 a 74.3)
Burgos,N-623,16.8,19.0,1037.0,84.0,8.1,N-623 (PK 16.8 a 19.0)
Pontevedra,N-640,200.8,203.1,4133.0,252.0,6.1,N-640 (PK 200.8 a 203.1)
Jaén,A-32,72.0,75.85,4422.0,559.0,12.64,A-32 (PK 72.0 a 75.85)
Burgos,A-1,179.6,185.0,21476.0,4001.0,18.63,A-1 (PK 179.6 a 185.0)
Soria,A-15,1.4,8.5,6179.0,1924.0,31.14,A-15 (PK 1.4 a 8.5)
Teruel,A-23,131.2,136.7,12663.0,3578.0,28.26,A-23 (PK 131.2 a 136.7)
Albacete,A-31,167.3,170.3,14283.0,1830.0,12.81,A-31 (PK 167.3 a 170.3)
Córdoba,A-4,363.9,367.5,21706.0,5330.0,24.56,A-4 (PK 363.9 a 367.5)
Sevilla,A-4,507.8,511.3,34509.0,6039.0,17.5,A-4 (PK 507.8 a 511.3)
Toledo,A-40,99.3,101.2,13078.0,1462.0,11.18,A-40 (PK 99.3 a 101.2)
Lugo,A-6,506.9,510.1,23869.0,3106.0,13.01,A-6 (PK 506.9 a 510.1)
Asturias,A-64,13.8,17.9,31569.0,1532.0,4.85,A-64 (PK 13.8 a 17.9)
Cáceres,A-66,555.2,563.9,13789.0,2569.0,18.63,A-66 (PK 555.2 a 563.9)
Palencia,A-67,6113,8.1,19709.0,2792.0,14.17,A-67 (PK 6.113 a 8.1)
Palencia,A-67,1.7,6113,14539.0,1430.0,9.84,A-67 (PK 1.7 a 6.113)
Palencia,A-67,21.1,29.8,8151.0,941.0,11.54,A-67 (PK 21.1 a 29.8)
Asturias,A-8,379.2,381.7,19840.0,1481.0,7.46,A-8 (PK 379.2 a 381.7)
León,LE-30,3.6,8.8,14562.0,1078.0,7.4,LE-30 (PK 3.6 a 8.8)
Burgos,N-1,314.7,318.5,3165.0,745.0,23.54,N-1 (PK 314.7 a 318.5)
Soria,N-110,66.84,68.0,1642.0,234.0,14.25,N-110 (PK 66.84 a 68.0)
La Rioja,N-111,290.8,291.8,2679.0,376.0,14.04,N-111 (PK 290.8 a 291.8)
Burgos,N-120,117.3,120.0,7792.0,680.0,8.73,N-120 (PK 117.3 a 120.0)
Castellón,N-225,22.4,23.36,7982.0,625.0,7.83,N-225 (PK 22.4 a 23.36)
La Rioja,N-232,367.1,371.5,7246.0,784.0,10.82,N-232 (PK 367.1 a 371.5)
Valencia,N-234,5.38,5.9,6570.0,1709.0,26.01,N-234 (PK 5.38 a 5.9)
Castellón,N-238,5.6,7.3,6511.0,626.0,9.61,N-238 (PK 5.6 a 7.3)
Tarragona,N-240,35385,35.65,4573.0,627.0,13.71,N-240 (PK 35.385 a 35.65)
Huesca,N-260A,474.4,476.4,1936.0,64.0,3.31,N-260A (PK 474.4 a 476.4)
Albacete,N-322,408.5,412.3,1385.0,224.0,16.17,N-322 (PK 408.5 a 412.3)
Alicante/Alacant,N-332,197.6,201.4,14129.0,1066.0,7.54,N-332 (PK 197.6 a 201.4)
Castellón,N-340,956.3,957.0,5448.0,1221.0,22.41,N-340 (PK 956.3 a 957.0)
Castellón,N-340,969.4,972.4,24683.0,1546.0,6.26,N-340 (PK 969.4 a 972.4)
Castellón,N-340,1050.1,1053.3,6178.0,557.0,9.02,N-340 (PK 1050.1 a 1053.3)
Cuenca,N-420,340.3,342.2,1216.0,139.0,11.43,N-420 (PK 340.3 a 342.2)
Teruel,N-420,625.0,629.5,2255.0,354.0,15.7,N-420 (PK 625.0 a 629.5)
Badajoz,N-5,334.4,338.55,4570.0,261.0,5.71,N-5 (PK 334.4 a 338.55)
Pontevedra,N-541,60.5,63.7,3341.0,290.0,8.68,N-541 (PK 60.5 a 63.7)
A Coruña,N-550R,0.0,1.24,14001.0,1186.0,8.47,N-550R (PK 0.0 a 1.24)
León,N-6,365.4,368.1,7178.0,301.0,4.19,N-6 (PK 365.4 a 368.1)
Palencia,N-611,51.9,56.5,1244.0,145.0,11.66,N-611 (PK 51.9 a 56.5)
Burgos,N-627,47.3,52.8,3608.0,862.0,23.89,N-627 (PK 47.3 a 52.8)
León,N-630,110.6,112.7,5522.0,387.0,7.01,N-630 (PK 110.6 a 112.7)
Zamora,N-630,294.9,295.2,268.0,41.0,15.3,N-630 (PK 294.9 a 295.2)
Salamanca,N-630,321.8,321.9,2547.0,100.0,3.93,N-630 (PK 321.8 a 321.9)
Pontevedra,N-640,144.35,148.6,1897.0,208.0,10.96,N-640 (PK 144.35 a 148.6)
Murcia,A-7,621.7,623.2,35747.0,10737.0,30.04,A-7 (PK 621.7 a 623.2)
Burgos,A-1,167.7,171.0,21476.0,4001.0,18.63,A-1 (PK 167.7 a 171.0)
Zaragoza,A-2,270.5,276.5,24500.0,6420.0,26.2,A-2 (PK 270.5 a 276.5)
Madrid,A-3,59.5,62.0,34308.0,4866.0,14.18,A-3 (PK 59.5 a 62.0)
Murcia,A-33,13.4,18.6,14327.0,4029.0,28.12,A-33 (PK 13.4 a 18.6)
Valencia,A-35,44.0,44.9,30172.0,9524.0,31.57,A-35 (PK 44.0 a 44.9)
Córdoba,A-4,431.6,435625,18556.0,4520.0,24.36,A-4 (PK 431.6 a 435.625)
Sevilla,A-4,481.5,485.8,22539.0,5122.0,22.73,A-4 (PK 481.5 a 485.8)
Cádiz,A-4,645.8,649.3,32155.0,1742.0,5.42,A-4 (PK 645.8 a 649.3)
Madrid,A-42,8.9,9.8,127016.0,7538.0,5.93,A-42 (PK 8.9 a 9.8)
Toledo,A-42,33.5,35.1,71576.0,7118.0,9.94,A-42 (PK 33.5 a 35.1)
Jaén,A-44,36.2,39.8,28747.0,4215.0,14.66,A-44 (PK 36.2 a 39.8)
La Rioja,LO-20,1.9,6.4,25022.0,2713.0,10.84,LO-20 (PK 1.9 a 6.4)
Madrid,M-14,0.0,0.8,139700.0,7737.0,5.54,M-14 (PK 0.0 a 0.8)
Lugo,N-120,526.0,529.9,4644.0,623.0,13.42,N-120 (PK 526.0 a 529.9)
Girona,N-260,58.7,61.1,7592.0,627.0,8.26,N-260 (PK 58.7 a 61.1)
Cuenca,N-3,228.0,228.9,1788.0,387.0,21.64,N-3 (PK 228.0 a 228.9)
Zaragoza,N-330,488.0,491.0,5217.0,358.0,6.86,N-330 (PK 488.0 a 491.0)
Alicante/Alacant,N-340,730.3,730.9,11762.0,534.0,4.54,N-340 (PK 730.3 a 730.9)
Alicante/Alacant,N-340,790.8,791.5,1209.0,31.0,2.56,N-340 (PK 790.8 a 791.5)
Toledo,N-400,7055,12.38,7983.0,558.0,6.99,N-400 (PK 7.055 a 12.38)
Badajoz,N-430,83.5,92.0,8392.0,1360.0,16.21,N-430 (PK 83.5 a 92.0)
Cáceres,N-521,0.7,4.1,3415.0,114.0,3.34,N-521 (PK 0.7 a 4.1)
Cáceres,N-521,37.7,41.6,531.0,20.0,3.77,N-521 (PK 37.7 a 41.6)
Ourense,N-525,246.2,249.0,7794.0,487.0,6.25,N-525 (PK 246.2 a 249.0)
Ourense,N-525,269.2,271.5,2046.0,162.0,7.92,N-525 (PK 269.2 a 271.5)
León,N-6,417.0,418.5,2559.0,107.0,4.18,N-6 (PK 417.0 a 418.5)
Cantabria,N-611,202.8,203.0,12749.0,457.0,3.58,N-611 (PK 202.8 a 203.0)
Badajoz,N-630,635.4,640.0,2188.0,155.0,7.08,N-630 (PK 635.4 a 640.0)
Huelva,N-630,742.2,744.31,1494.0,242.0,16.2,N-630 (PK 742.2 a 744.31)
Asturias,N-634,431.5,432.5,2287.0,192.0,8.4,N-634 (PK 431.5 a 432.5)
Lugo,N-642,52.0,54.4,7496.0,365.0,4.87,N-642 (PK 52.0 a 54.4)
Murcia,A-7,552.97,555.6,55706.0,8328.0,14.95,A-7 (PK 552.97 a 555.6)
Almería,A-7,777.7,780.5,32236.0,3769.0,11.69,A-7 (PK 777.7 a 780.5)
Almería,A-7,814.8,817.9,42625.0,4829.0,11.33,A-7 (PK 814.8 a 817.9)
Burgos,A-1,216.4,220.9,23362.0,4217.0,18.05,A-1 (PK 216.4 a 220.9)
Madrid,A-2,16.8,17732,120800.0,6765.0,5.6,A-2 (PK 16.8 a 17.732)
Madrid,A-2,17732,20.1,183173.0,20702.0,11.3,A-2 (PK 17.732 a 20.1)
Zaragoza,A-23,206.0,209.2,11437.0,3151.0,27.55,A-23 (PK 206.0 a 209.2)
Murcia,A-30,191.7,193.26,27346.0,5358.0,19.59,A-30 (PK 191.7 a 193.26)
Albacete,A-31,29.8,34.3,24708.0,3720.0,15.06,A-31 (PK 29.8 a 34.3)
Valencia,A-38,19.67,23485,16476.0,1157.0,7.02,A-38 (PK 19.67 a 23.485)
Sevilla,A-4,513.8,520.5,37296.0,5626.0,15.08,A-4 (PK 513.8 a 520.5)
Málaga,A-45,86.2,92.5,19193.0,2818.0,14.68,A-45 (PK 86.2 a 92.5)
León,A-6,394.0,398.9,11246.0,3005.0,26.72,A-6 (PK 394.0 a 398.9)
A Coruña,AC-12,1.4,1.6,15361.0,535.0,3.48,AC-12 (PK 1.4 a 1.6)
Murcia,CT-33,0.0,0.5,19480.0,681.0,3.5,CT-33 (PK 0.0 a 0.5)
Ourense,N-120,607.39,609.94,1069.0,70.0,6.55,N-120 (PK 607.39 a 609.94)
Ourense,N-120A,103.6,104.7,5245.0,406.0,7.74,N-120A (PK 103.6 a 104.7)
Girona,N-2,747.8,750.3,20245.0,2858.0,14.12,N-2 (PK 747.8 a 750.3)
Teruel,N-211,209.5,211.6,1913.0,139.0,7.27,N-211 (PK 209.5 a 211.6)
Huesca,N-230,61.8,64.2,4009.0,580.0,14.47,N-230 (PK 61.8 a 64.2)
Zaragoza,A-68,282734,287.5,17251.0,6610.0,38.32,A-68 (PK 282.734 a 287.5)
Teruel,N-234,115.8,117.1,3145.0,262.0,8.33,N-234 (PK 115.8 a 117.1)
Huesca,N-240,202.25,204.5,12186.0,1438.0,11.8,N-240 (PK 202.25 a 204.5)
Huesca,N-260,463.9,465.5,3247.0,136.0,4.19,N-260 (PK 463.9 a 465.5)
Guadalajara,N-320,248.5,252.2,6634.0,443.0,6.68,N-320 (PK 248.5 a 252.2)
Córdoba,N-331,46.4,49.7,6666.0,469.0,7.04,N-331 (PK 46.4 a 49.7)
Alicante/Alacant,N-332,190.2,190.6,16568.0,1283.0,7.74,N-332 (PK 190.2 a 190.6)
Sevilla,N-339,0.0,2.4,7855.0,439.0,5.59,N-339 (PK 0.0 a 2.4)
Cuenca,N-400,119.8,122.32,567.0,63.0,11.11,N-400 (PK 119.8 a 122.32)
Cuenca,N-400,129.0,132.1,24.0,0.0,0.0,N-400 (PK 129.0 a 132.1)
Toledo,N-403,42.2,48.1,6258.0,621.0,9.92,N-403 (PK 42.2 a 48.1)
Cuenca,N-420A,491.9,493.7,7.0,1.0,14.29,N-420A (PK 491.9 a 493.7)
Ciudad Real,N-430,375.1,378.1,1472.0,126.0,8.56,N-430 (PK 375.1 a 378.1)
Toledo,N-502,109.0,110.5,5548.0,763.0,13.75,N-502 (PK 109.0 a 110.5)
Cáceres,N-502,200.4,204.03,721.0,99.0,13.73,N-502 (PK 200.4 a 204.03)
Badajoz,N-523,37042,42.0,3078.0,403.0,13.09,N-523 (PK 37.042 a 42.0)
Ourense,N-541,50.2,51.15,2106.0,115.0,5.46,N-541 (PK 50.2 a 51.15)
Lugo,N-6,479.0,481.7,3957.0,222.0,5.61,N-6 (PK 479.0 a 481.7)
A Coruña,N-6,581.6,583.3,21861.0,1190.0,5.44,N-6 (PK 581.6 a 583.3)
Valladolid,N-601,259.3,260.2,4812.0,1385.0,28.78,N-601 (PK 259.3 a 260.2)
Palencia,N-611,102.4,104.4,2806.0,187.0,6.66,N-611 (PK 102.4 a 104.4)
Asturias,N-632,36.5,39.4,456.0,44.0,9.65,N-632 (PK 36.5 a 39.4)
Lugo,N-640,68.0,69.7,3808.0,368.0,9.66,N-640 (PK 68.0 a 69.7)
Lugo,N-640,72.9,77.1,3808.0,368.0,9.66,N-640 (PK 72.9 a 77.1)
Valencia,V-11,0.0,1.65,34870.0,778.0,2.23,V-11 (PK 0.0 a 1.65)
Alicante/Alacant,A-7,526.1,527.8,73600.0,9612.0,13.06,A-7 (PK 526.1 a 527.8)
Almería,A-7,742.3,747.6,19643.0,3119.0,15.88,A-7 (PK 742.3 a 747.6)
Cádiz,A-7,1091.6,1094.4,27212.0,2812.0,10.33,A-7 (PK 1091.6 a 1094.4)
Zaragoza,A-23,268.5,274.0,23556.0,2990.0,12.69,A-23 (PK 268.5 a 274.0)
Girona,A-26,67.2,68.85,16030.0,1408.0,8.78,A-26 (PK 67.2 a 68.85)
Madrid,A-3,28.5,32.9,40726.0,4017.0,9.86,A-3 (PK 28.5 a 32.9)
Albacete,A-30,51.5,56.1,14695.0,3250.0,22.12,A-30 (PK 51.5 a 56.1)
Valladolid,A-62,163042,176.9,14186.0,4280.0,30.17,A-62 (PK 163.042 a 176.9)
Valladolid,A-62,162.7,163042,14966.0,4290.0,28.66,A-62 (PK 162.7 a 163.042)
A Coruña,AC-14,3.4,7.2,31147.0,1587.0,5.1,AC-14 (PK 3.4 a 7.2)
Murcia,CT-33,0.5,2.33,19480.0,681.0,3.5,CT-33 (PK 0.5 a 2.33)
Segovia,N-110,126.4,128.4,2615.0,236.0,9.02,N-110 (PK 126.4 a 128.4)
Ourense,N-120,569.67,570.97,9884.0,413.0,4.18,N-120 (PK 569.67 a 570.97)
Pontevedra,N-120,652.0,653.4,9310.0,92.0,0.99,N-120 (PK 652.0 a 653.4)
Teruel,N-234,120.7,122.2,12552.0,603.0,4.8,N-234 (PK 120.7 a 122.2)
Zaragoza,N-234,300.9,304.01,1318.0,379.0,28.76,N-234 (PK 300.9 a 304.01)
Huesca,N-240,157.7,160.4,6301.0,629.0,9.98,N-240 (PK 157.7 a 160.4)
Zaragoza,N-240R,336.75,337.65,164.0,11.0,6.71,N-240R (PK 336.75 a 337.65)
Huesca,N-260,433.6,436.2,1882.0,92.0,4.89,N-260 (PK 433.6 a 436.2)
Jaén,N-322,133.8,135.4,2543.0,382.0,15.02,N-322 (PK 133.8 a 135.4)
Albacete,N-322A,406.3,409.0,1569.0,52.0,3.31,N-322A (PK 406.3 a 409.0)
Cádiz,N-349,0.0,0.9,16775.0,2015.0,12.01,N-349 (PK 0.0 a 0.9)
Ávila,N-403,160.1,164.8,3523.0,347.0,9.85,N-403 (PK 160.1 a 164.8)
Ciudad Real,N-420,229.9,231.1,4418.0,661.0,14.96,N-420 (PK 229.9 a 231.1)
Ciudad Real,N-430,280.8,285.0,2972.0,633.0,21.3,N-430 (PK 280.8 a 285.0)
Córdoba,N-432A,169225,171.6,46.0,5.0,10.87,N-432A (PK 169.225 a 171.6)
Pontevedra,N-525,298.1,302.6,9982.0,984.0,9.86,N-525 (PK 298.1 a 302.6)
Lugo,N-547,34.2,36.6,2573.0,281.0,10.92,N-547 (PK 34.2 a 36.6)
A Coruña,N-550,75.0,77.4,14407.0,1012.0,7.02,N-550 (PK 75.0 a 77.4)
Pontevedra,N-550,132.2,134.7,13236.0,1166.0,8.81,N-550 (PK 132.2 a 134.7)
Madrid,N-6,49.08,52.15,2269.0,83.0,3.66,N-6 (PK 49.08 a 52.15)
Valladolid,N-6,215346,215.7,257.0,73.0,28.4,N-6 (PK 215.346 a 215.7)
Segovia,N-601,121.4,128.3,2166.0,929.0,42.89,N-601 (PK 121.4 a 128.3)
Zamora,N-631,22.1,22.6,2637.0,325.0,12.32,N-631 (PK 22.1 a 22.6)
Lugo,N-640,19.4,23.06,2537.0,451.0,17.78,N-640 (PK 19.4 a 23.06)
Castellón,A-7,288.4,292.6,29785.0,4554.0,15.29,A-7 (PK 288.4 a 292.6)
Almería,A-7,696.5,700.7,14066.0,4021.0,28.59,A-7 (PK 696.5 a 700.7)
Madrid,A-2,14.8,16.8,139855.0,9963.0,7.12,A-2 (PK 14.8 a 16.8)
Castellón,A-23,30.6,32.8,19618.0,3828.0,19.51,A-23 (PK 30.6 a 32.8)
Madrid,A-3,33.3,35.3,42263.0,4703.0,11.13,A-3 (PK 33.3 a 35.3)
Murcia,A-30,160.6,163.2,39647.0,4015.0,10.13,A-30 (PK 160.6 a 163.2)
Murcia,A-30,179.6,181.1,37076.0,5950.0,16.05,A-30 (PK 179.6 a 181.1)
Alicante/Alacant,A-31,224.7,225.2,29626.0,2290.0,7.73,A-31 (PK 224.7 a 225.2)
Valladolid,A-62,117.9,120.3,26156.0,5114.0,19.55,A-62 (PK 117.9 a 120.3)
Cáceres,A-66,478.0,488.6,11851.0,2156.0,18.19,A-66 (PK 478.0 a 488.6)
A Coruña,AC-14,7.2,10745,27599.0,1151.0,4.17,AC-14 (PK 7.2 a 10.745)
Ávila,N-110,324.6,328.4,1832.0,139.0,7.59,N-110 (PK 324.6 a 328.4)
Cáceres,N-110,382.2,387.5,4983.0,180.0,3.61,N-110 (PK 382.2 a 387.5)
La Rioja,N-111,313.4,319.3,6726.0,788.0,11.72,N-111 (PK 313.4 a 319.3)
Zamora,N-122,458.7,458.93,8855.0,143.0,1.61,N-122 (PK 458.7 a 458.93)
Teruel,N-232B,131.74,132.95,730.0,64.0,8.77,N-232B (PK 131.74 a 132.95)
Girona,N-260,174.8,175.1,270.0,12.0,4.44,N-260 (PK 174.8 a 175.1)
Toledo,N-301,112.2,116.8,3462.0,1345.0,38.85,N-301 (PK 112.2 a 116.8)
Albacete,N-301,256.75,258.5,1919.0,231.0,12.04,N-301 (PK 256.75 a 258.5)
Albacete,N-322,423.0,425.6,1134.0,191.0,16.84,N-322 (PK 423.0 a 425.6)
Valencia,N-330,187.5,190.0,2049.0,371.0,18.11,N-330 (PK 187.5 a 190.0)
Almería,N-340A,557.6,560.15,4040.0,506.0,12.52,N-340A (PK 557.6 a 560.15)
Murcia,N-344,67.1,69.1,7296.0,710.0,9.73,N-344 (PK 67.1 a 69.1)
Ciudad Real,N-420A,190.35,192.6,8346.0,846.0,10.14,N-420A (PK 190.35 a 192.6)
Albacete,N-430,460.6,463.7,2639.0,222.0,8.41,N-430 (PK 460.6 a 463.7)
Badajoz,N-432,30.6,39.9,4680.0,694.0,14.83,N-432 (PK 30.6 a 39.9)
Badajoz,N-5,384.1,390.3,4847.0,190.0,3.92,N-5 (PK 384.1 a 390.3)
A Coruña,N-547,86.4,88.42,2389.0,260.0,10.88,N-547 (PK 86.4 a 88.42)
Pontevedra,N-550,139.8,141.5,13236.0,1166.0,8.81,N-550 (PK 139.8 a 141.5)
Pontevedra,N-559,0.0,1.3,818.0,80.0,9.78,N-559 (PK 0.0 a 1.3)
León,N-6,430.4,432.09,405.0,30.0,7.41,N-6 (PK 430.4 a 432.09)
Valladolid,N-620,182.1,182.4,1731.0,358.0,20.68,N-620 (PK 182.1 a 182.4)
Burgos,N-622,48.5,52.0,1332.0,246.0,18.47,N-622 (PK 48.5 a 52.0)
Asturias,N-632A,129.2,131.0,177.0,8.0,4.52,N-632A (PK 129.2 a 131.0)
Asturias,N-634,280.57,283.3,1148.0,89.0,7.75,N-634 (PK 280.57 a 283.3)
Asturias,N-634,390.22,390.4,14341.0,1036.0,7.22,N-634 (PK 390.22 a 390.4)
Cantabria,S-21,0.0,0.39,27710.0,1784.0,6.44,S-21 (PK 0.0 a 0.39)
Burgos,A-1,247.3,251.7,8028.0,1871.0,23.31,A-1 (PK 247.3 a 251.7)
Castellón,A-23,16.95,18.2,23216.0,3799.0,16.36,A-23 (PK 16.95 a 18.2)
Teruel,A-23,75.1,77.4,14141.0,3755.0,26.55,A-23 (PK 75.1 a 77.4)
Cuenca,A-40,223.3,228.0,5095.0,1436.0,28.18,A-40 (PK 223.3 a 228.0)
Ciudad Real,A-41,177.3,180.0,10756.0,894.0,8.31,A-41 (PK 177.3 a 180.0)
Badajoz,A-5,343.8,352.1,22694.0,2942.0,12.96,A-5 (PK 343.8 a 352.1)
Lugo,A-6,534.7,539.7,19786.0,3495.0,17.66,A-6 (PK 534.7 a 539.7)
Asturias,A-63,28.3,30.3,8089.0,462.0,5.71,A-63 (PK 28.3 a 30.3)
Zaragoza,A-68,223.78,229.7,13988.0,1554.0,11.11,A-68 (PK 223.78 a 229.7)
Asturias,A-8,433.6,437.0,19141.0,1862.0,9.73,A-8 (PK 433.6 a 437.0)
Ávila,N-110,292.3,293.7,3911.0,206.0,5.27,N-110 (PK 292.3 a 293.7)
Teruel,N-211,238.2,240.57,3683.0,393.0,10.67,N-211 (PK 238.2 a 240.57)
Alicante/Alacant,N-332,144.7,147.1,49261.0,1935.0,3.93,N-332 (PK 144.7 a 147.1)
Alicante/Alacant,N-340,721.7,722.5,14859.0,1074.0,7.23,N-340 (PK 721.7 a 722.5)
Córdoba,N-4,391.6,394.75,12497.0,714.0,5.71,N-4 (PK 391.6 a 394.75)
Cuenca,N-400,101.0,103.6,567.0,63.0,11.11,N-400 (PK 101.0 a 103.6)
Ciudad Real,N-401,162.6,165.1,4441.0,249.0,5.61,N-401 (PK 162.6 a 165.1)
Ávila,N-403,88.5,91.2,6701.0,324.0,4.84,N-403 (PK 88.5 a 91.2)
Albacete,N-430A,430735,432.5,788.0,59.0,7.49,N-430A (PK 430.735 a 432.5)
Huelva,N-435,169.2,171.4,6022.0,799.0,13.27,N-435 (PK 169.2 a 171.4)
Huelva,N-435,198.0,201.0,8150.0,709.0,8.7,N-435 (PK 198.0 a 201.0)
Cáceres,N-5,184025,187.0,6552.0,387.0,5.91,N-5 (PK 184.025 a 187.0)
Cáceres,N-5,254152,259334,1742.0,65.0,3.73,N-5 (PK 254.152 a 259.334)
Córdoba,N-502,357.5,360.2,880.0,105.0,11.93,N-502 (PK 357.5 a 360.2)
Pontevedra,N-550,115.2,117392,17057.0,803.0,4.71,N-550 (PK 115.2 a 117.392)
Ávila,N-6,98.0,103.2,8253.0,1703.0,20.63,N-6 (PK 98.0 a 103.2)
Lugo,N-6,459.3,461.3,2124.0,162.0,7.63,N-6 (PK 459.3 a 461.3)
Palencia,N-620,75.7,78.1,4621.0,716.0,15.49,N-620 (PK 75.7 a 78.1)
Asturias,N-634,430.0,431.5,2287.0,192.0,8.4,N-634 (PK 430.0 a 431.5)
Lugo,N-634,586.7,588.8,2483.0,173.0,6.97,N-634 (PK 586.7 a 588.8)
Lugo,N-640,38.6,40.2,1416.0,147.0,10.38,N-640 (PK 38.6 a 40.2)
Pontevedra,N-640,208.5,210.9,5717.0,450.0,7.87,N-640 (PK 208.5 a 210.9)
Almería,A-7,780.5,783.55,42994.0,4237.0,9.85,A-7 (PK 780.5 a 783.55)
Málaga,A-7,1041.9,1043.0,80002.0,14955.0,18.69,A-7 (PK 1041.9 a 1043.0)
Madrid,A-1,16.8,19.2,156308.0,5912.0,3.78,A-1 (PK 16.8 a 19.2)
Albacete,A-31,73.0,75.7,38496.0,5995.0,15.57,A-31 (PK 73.0 a 75.7)
Valencia,A-38,15.1,19.67,16476.0,1157.0,7.02,A-38 (PK 15.1 a 19.67)
Sevilla,A-4,526.0,528.4,50987.0,5496.0,10.78,A-4 (PK 526.0 a 528.4)
Toledo,A-42,72.4,75.7,45390.0,2911.0,6.41,A-42 (PK 72.4 a 75.7)
A Coruña,A-6,589.4,593.0,14697.0,1661.0,11.3,A-6 (PK 589.4 a 593.0)
Asturias,A-64,21.6,26.3,31569.0,1532.0,4.85,A-64 (PK 21.6 a 26.3)
Cáceres,A-66,462.9,470.7,11674.0,2611.0,22.37,A-66 (PK 462.9 a 470.7)
Alicante/Alacant,A-70,10.4,13.3,85592.0,5070.0,5.92,A-70 (PK 10.4 a 13.3)
La Rioja,LO-20,6.4,8092,30729.0,3624.0,11.79,LO-20 (PK 6.4 a 8.092)
La Rioja,LO-20,8092,9.1,61911.0,6079.0,9.82,LO-20 (PK 8.092 a 9.1)
Burgos,N-1,146.9,149.7,4459.0,976.0,21.89,N-1 (PK 146.9 a 149.7)
Burgos,N-1,296.9,302.0,2805.0,733.0,26.13,N-1 (PK 296.9 a 302.0)
Palencia,N-120,205.2,212.0,513.0,68.0,13.26,N-120 (PK 205.2 a 212.0)
Lugo,N-120,482.3,483.9,3185.0,510.0,16.01,N-120 (PK 482.3 a 483.9)
Huesca,N-123,31.6,36.2,1228.0,121.0,9.85,N-123 (PK 31.6 a 36.2)
Zaragoza,N-125,3.8,8.2,10143.0,791.0,7.8,N-125 (PK 3.8 a 8.2)
Madrid,N-1A,92.6,95.8,257.0,9.0,3.5,N-1A (PK 92.6 a 95.8)
Soria,N-2,178.1,178.5,158.0,4.0,2.53,N-2 (PK 178.1 a 178.5)
Zaragoza,N-240,325.2,327.8,692.0,61.0,8.82,N-240 (PK 325.2 a 327.8)
Murcia,N-301,357.3,359.3,842.0,118.0,14.01,N-301 (PK 357.3 a 359.3)
Albacete,N-322,249.4,253.3,264.0,25.0,9.47,N-322 (PK 249.4 a 253.3)
Valencia,N-322,446.6,453.9,1973.0,333.0,16.88,N-322 (PK 446.6 a 453.9)
Zaragoza,N-330,532.0,536.3,368.0,48.0,13.04,N-330 (PK 532.0 a 536.3)
Córdoba,N-331,100.1,102.59,656.0,108.0,16.46,N-331 (PK 100.1 a 102.59)
Alicante/Alacant,N-332,42.2,42.7,10867.0,452.0,4.16,N-332 (PK 42.2 a 42.7)
Alicante/Alacant,N-340,708.07,709.46,9978.0,463.0,4.64,N-340 (PK 708.07 a 709.46)
Córdoba,N-4,368742,371.3,6461.0,440.0,6.81,N-4 (PK 368.742 a 371.3)
Madrid,N-403,79.8,82825,6339.0,306.0,4.83,N-403 (PK 79.8 a 82.825)
Jaén,N-432,352105,354.8,5626.0,830.0,14.75,N-432 (PK 352.105 a 354.8)
Badajoz,N-435,46.4,53.8,2183.0,283.0,12.96,N-435 (PK 46.4 a 53.8)
A Coruña,N-550,15.0,17.2,13891.0,667.0,4.8,N-550 (PK 15.0 a 17.2)
Lugo,N-6,454.2,457.0,2124.0,162.0,7.63,N-6 (PK 454.2 a 457.0)
Lugo,N-6,504.4,507.2,13509.0,974.0,7.21,N-6 (PK 504.4 a 507.2)
Valladolid,N-601,231.6,232.1,5823.0,677.0,11.63,N-601 (PK 231.6 a 232.1)
Palencia,N-611,112.0,115.5,311.0,16.0,5.14,N-611 (PK 112.0 a 115.5)
León,N-625,121.1,122.4,760.0,26.0,3.42,N-625 (PK 121.1 a 122.4)
Badajoz,N-630,608.9,613.5,196.0,14.0,7.14,N-630 (PK 608.9 a 613.5)
Sevilla,SE-40,34882,40.9,9165.0,277.0,3.02,SE-40 (PK 34.882 a 40.9)
Sevilla,SE-40,34.2,34882,9234.0,266.0,2.88,SE-40 (PK 34.2 a 34.882)
Valencia,V-23,8.7,9.79,53973.0,7651.0,14.18,V-23 (PK 8.7 a 9.79)
Guadalajara,A-2,116.8,118.5,20864.0,7034.0,33.71,A-2 (PK 116.8 a 118.5)
Huesca,A-22,51.2,57.0,6252.0,1343.0,21.48,A-22 (PK 51.2 a 57.0)
Alicante/Alacant,A-31,215.3,216.5,49040.0,6236.0,12.72,A-31 (PK 215.3 a 216.5)
Ourense,A-52,155.4,160.3,11602.0,2516.0,21.69,A-52 (PK 155.4 a 160.3)
Lugo,A-54,16.8,23.3,5902.0,766.0,12.98,A-54 (PK 16.8 a 23.3)
Zamora,A-66,237.8,245.6,6535.0,1253.0,19.17,A-66 (PK 237.8 a 245.6)
Badajoz,A-66,730.0,739.92,17383.0,3896.0,22.41,A-66 (PK 730.0 a 739.92)
Palencia,A-67,87.7,93.5,9462.0,1127.0,11.91,A-67 (PK 87.7 a 93.5)
Murcia,A-91,0.25,3.1,13546.0,2370.0,17.5,A-91 (PK 0.25 a 3.1)
Badajoz,BA-20,0.1,2.8,19398.0,763.0,3.93,BA-20 (PK 0.1 a 2.8)
Granada,GR-30,1649,3406,49748.0,1924.0,3.87,GR-30 (PK 1.649 a 3.406)
Ávila,N-110,275.6,280.0,3786.0,287.0,7.58,N-110 (PK 275.6 a 280.0)
La Rioja,N-120,46.35,50.72,3969.0,1513.0,38.12,N-120 (PK 46.35 a 50.72)
Zamora,N-122,527.9,528.2,57.0,4.0,7.02,N-122 (PK 527.9 a 528.2)
Huesca,N-123,24.2,27.0,1228.0,121.0,9.85,N-123 (PK 24.2 a 27.0)
Girona,N-2,773757,774.21,19444.0,2129.0,10.95,N-2 (PK 773.757 a 774.21)
Teruel,N-234,122.2,122.6,12552.0,603.0,4.8,N-234 (PK 122.2 a 122.6)
Zaragoza,N-234,221.0,223.0,2000.0,393.0,19.65,N-234 (PK 221.0 a 223.0)
Lleida,N-260,204.2,204.5,6070.0,431.0,7.1,N-260 (PK 204.2 a 204.5)
Ciudad Real,N-310,75.4,79.1,350.0,38.0,10.86,N-310 (PK 75.4 a 79.1)
Ciudad Real,N-310,94.6,96.1,81.0,9.0,11.11,N-310 (PK 94.6 a 96.1)
Alicante/Alacant,N-332A,74922,75.85,3995.0,118.0,2.95,N-332A (PK 74.922 a 75.85)
Granada,N-340,328.5,332.2,22515.0,735.0,3.26,N-340 (PK 328.5 a 332.2)
Toledo,N-401,131.5,136.3,2981.0,363.0,12.18,N-401 (PK 131.5 a 136.3)
Badajoz,N-523,42.0,48.5,4349.0,643.0,14.79,N-523 (PK 42.0 a 48.5)
Ourense,N-525,120.5,122.3,1787.0,173.0,9.68,N-525 (PK 120.5 a 122.3)
Lugo,N-6,481.7,484.6,3957.0,222.0,5.61,N-6 (PK 481.7 a 484.6)
Valladolid,N-601,233.7,236.2,2438.0,701.0,28.75,N-601 (PK 233.7 a 236.2)
Zamora,N-630,218.5,220.3,397.0,53.0,13.35,N-630 (PK 218.5 a 220.3)
Salamanca,N-630,374.1,375.5,591.0,42.0,7.11,N-630 (PK 374.1 a 375.5)
Cáceres,N-630,505.1,508.2,382.0,29.0,7.59,N-630 (PK 505.1 a 508.2)
Asturias,N-634,349.4,351.8,6141.0,341.0,5.55,N-634 (PK 349.4 a 351.8)
Pontevedra,N-640,193.6,195.0,4133.0,252.0,6.1,N-640 (PK 193.6 a 195.0)
Pontevedra,VG-20,10.0,13.4,29266.0,1298.0,4.44,VG-20 (PK 10.0 a 13.4)
Murcia,A-7,593.4,597.9,47897.0,8682.0,18.13,A-7 (PK 593.4 a 597.9)
Granada,A-7,853.7,855.7,15278.0,2276.0,14.9,A-7 (PK 853.7 a 855.7)
Madrid,A-1,14.0,16.8,207675.0,6921.0,3.33,A-1 (PK 14.0 a 16.8)
Huesca,A-22,47.8,51.2,9803.0,1888.0,19.26,A-22 (PK 47.8 a 51.2)
Zaragoza,A-23,209.2,215.0,11343.0,3186.0,28.09,A-23 (PK 209.2 a 215.0)
Huesca,A-23,403293,405.9,8639.0,1111.0,12.86,A-23 (PK 403.293 a 405.9)
Madrid,A-4,6.1,8.8,99148.0,10102.0,10.19,A-4 (PK 6.1 a 8.8)
Sevilla,A-4,562749,566341,13807.0,1059.0,7.67,A-4 (PK 562.749 a 566.341)
Cuenca,A-40,230.2,234.9,6299.0,596.0,9.46,A-40 (PK 230.2 a 234.9)
Córdoba,A-45,71.4,74.7,16328.0,2083.0,12.76,A-45 (PK 71.4 a 74.7)
Cáceres,A-5,184.7,193.5,16863.0,2313.0,13.72,A-5 (PK 184.7 a 193.5)
Cáceres,A-66,544.1,551.2,11413.0,2581.0,22.61,A-66 (PK 544.1 a 551.2)
Alicante/Alacant,CV-80,16.0,19.0,14650.0,1380.0,9.42,CV-80 (PK 16.0 a 19.0)
Madrid,M-40,10.7,12.4,169060.0,11849.0,7.01,M-40 (PK 10.7 a 12.4)
Segovia,N-110,145.0,150.4,2423.0,263.0,10.85,N-110 (PK 145.0 a 150.4)
Ourense,N-120,447.9,453.2,4362.0,569.0,13.04,N-120 (PK 447.9 a 453.2)
Zaragoza,N-2,208.0,212.0,648.0,45.0,6.94,N-2 (PK 208.0 a 212.0)
Castellón,N-232A,34.57,35.7,18.0,2.0,11.11,N-232A (PK 34.57 a 35.7)
Lleida,N-260,308.3,308.6,3079.0,143.0,4.64,N-260 (PK 308.3 a 308.6)
Granada,N-323A,145.0,147.3,2814.0,169.0,6.01,N-323A (PK 145.0 a 147.3)
Córdoba,N-331,36.3,39.5,3987.0,267.0,6.7,N-331 (PK 36.3 a 39.5)
Cuenca,N-400,109.2,113.3,137.0,15.0,10.95,N-400 (PK 109.2 a 113.3)
Toledo,N-401,104.7,107.5,4948.0,866.0,17.5,N-401 (PK 104.7 a 107.5)
Tarragona,N-420,866.1,866.4,10291.0,1108.0,10.77,N-420 (PK 866.1 a 866.4)
Badajoz,N-430,92.2,104.2,6567.0,1064.0,16.2,N-430 (PK 92.2 a 104.2)
Badajoz,N-432,131.5,140.7,3547.0,574.0,16.18,N-432 (PK 131.5 a 140.7)
Badajoz,N-435,66.2,70.8,2375.0,379.0,15.96,N-435 (PK 66.2 a 70.8)
Ávila,N-501,22.9,27.4,569.0,42.0,7.38,N-501 (PK 22.9 a 27.4)
Toledo,N-502,105.4,109.0,5548.0,763.0,13.75,N-502 (PK 105.4 a 109.0)
Toledo,N-502,127.3,131.0,2959.0,219.0,7.4,N-502 (PK 127.3 a 131.0)
Badajoz,N-523,64.7,80.4,5627.0,579.0,10.29,N-523 (PK 64.7 a 80.4)
Ourense,N-532,10.1,11.9,2943.0,143.0,4.86,N-532 (PK 10.1 a 11.9)
León,N-536,0.0,3.8,1631.0,57.0,3.49,N-536 (PK 0.0 a 3.8)
Cantabria,N-621A,182.5,186.4,141.0,6.0,4.26,N-621A (PK 182.5 a 186.4)
A Coruña,N-634,692.9,696.3,4725.0,1180.0,24.97,N-634 (PK 692.9 a 696.3)
Asturias,N-641,0.0,2.51,19493.0,1231.0,6.32,N-641 (PK 0.0 a 2.51)
Valencia,V-30,12.3,14.2,80759.0,8194.0,10.15,V-30 (PK 12.3 a 14.2)
Girona,A-26,81.4,83.93,16923.0,1021.0,6.03,A-26 (PK 81.4 a 83.93)
Albacete,A-31,34.3,37.7,26431.0,4587.0,17.35,A-31 (PK 34.3 a 37.7)
Toledo,A-5,111.6,115.3,24829.0,3993.0,16.08,A-5 (PK 111.6 a 115.3)
Ourense,A-52,192.5,201.5,13919.0,2564.0,18.42,A-52 (PK 192.5 a 201.5)
Madrid,A-6,11.2,13.3,149353.0,7126.0,4.77,A-6 (PK 11.2 a 13.3)
Asturias,A-66,40.1,44.1,21121.0,1929.0,9.13,A-66 (PK 40.1 a 44.1)
Cáceres,A-66,470.7,478.0,12547.0,2618.0,20.87,A-66 (PK 470.7 a 478.0)
Palencia,A-67,29.8,38.8,8279.0,792.0,9.57,A-67 (PK 29.8 a 38.8)
Asturias,A-8,311.8,318.5,16498.0,1888.0,11.44,A-8 (PK 311.8 a 318.5)
Madrid,M-40,8.7,10.7,82553.0,6285.0,7.61,M-40 (PK 8.7 a 10.7)
Segovia,N-110,222.6,226.5,2762.0,437.0,15.82,N-110 (PK 222.6 a 226.5)
Palencia,N-120,178.5,183.8,513.0,68.0,13.26,N-120 (PK 178.5 a 183.8)
León,N-120,426.9,430.7,6643.0,724.0,10.9,N-120 (PK 426.9 a 430.7)
Burgos,N-122A,248.23,251.3,116.0,25.0,21.55,N-122A (PK 248.23 a 251.3)
La Rioja,N-232,371.5,374.6,6638.0,1249.0,18.82,N-232 (PK 371.5 a 374.6)
La Rioja,N-232,427.4,429.0,6704.0,504.0,7.52,N-232 (PK 427.4 a 429.0)
Tarragona,N-240,0.82,1.0,25130.0,802.0,3.19,N-240 (PK 0.82 a 1.0)
Albacete,N-322,246.4,249.4,1639.0,211.0,12.87,N-322 (PK 246.4 a 249.4)
Almería,N-341,0.0,2.5,3579.0,629.0,17.57,N-341 (PK 0.0 a 2.5)
Ciudad Real,N-420,178.2,180.6,605.0,34.0,5.62,N-420 (PK 178.2 a 180.6)
Albacete,N-430,455.8,460.6,1662.0,153.0,9.21,N-430 (PK 455.8 a 460.6)
Badajoz,N-432,79.8,95.7,4781.0,622.0,13.01,N-432 (PK 79.8 a 95.7)
Ourense,N-525,142.1,143.3,377.0,25.0,6.63,N-525 (PK 142.1 a 143.3)
Pontevedra,N-550,85.0,86.8,7122.0,658.0,9.24,N-550 (PK 85.0 a 86.8)
A Coruña,N-6,546.45,552.2,1133.0,123.0,10.86,N-6 (PK 546.45 a 552.2)
Salamanca,N-620,222.4,222.8,1257.0,102.0,8.11,N-620 (PK 222.4 a 222.8)
Asturias,N-630,40.6,43.4,5436.0,448.0,8.24,N-630 (PK 40.6 a 43.4)
Asturias,N-632,114.1,115.8,3556.0,167.0,4.7,N-632 (PK 114.1 a 115.8)
Burgos,A-1,189.5,196.2,21476.0,4001.0,18.63,A-1 (PK 189.5 a 196.2)
Valencia,A-3,331.6,333618,56796.0,12860.0,22.64,A-3 (PK 331.6 a 333.618)
Valencia,A-3,333618,336.1,61472.0,12104.0,19.69,A-3 (PK 333.618 a 336.1)
Granada,A-44,163.5,166.3,30302.0,1997.0,6.59,A-44 (PK 163.5 a 166.3)
León,A-6,382.6,387.7,11246.0,3005.0,26.72,A-6 (PK 382.6 a 387.7)
Córdoba,CO-32,0.8,3.4,16104.0,900.0,5.59,CO-32 (PK 0.8 a 3.4)
Málaga,MA-24,0.0,0.9,10467.0,343.0,3.28,MA-24 (PK 0.0 a 0.9)
La Rioja,N-120,42.0,43.44,3969.0,307.0,7.73,N-120 (PK 42.0 a 43.44)
Ourense,N-120,468.8,472.8,4177.0,624.0,14.94,N-120 (PK 468.8 a 472.8)
Ourense,N-120A,86.75,88.4,145.0,22.0,15.17,N-120A (PK 86.75 a 88.4)
Zaragoza,N-2,353.4,361.4,2197.0,963.0,43.83,N-2 (PK 353.4 a 361.4)
Teruel,N-234,187.6,188.5,1441.0,290.0,20.12,N-234 (PK 187.6 a 188.5)
Huelva,N-435,219.0,222.13,14362.0,1935.0,13.47,N-435 (PK 219.0 a 222.13)
Zamora,N-620,205.9,206.14,563.0,44.0,7.82,N-620 (PK 205.9 a 206.14)
Burgos,N-629,32.2,36.0,3812.0,279.0,7.32,N-629 (PK 32.2 a 36.0)
Pontevedra,N-640,223.1,224.88,7288.0,802.0,11.0,N-640 (PK 223.1 a 224.88)
Sevilla,SE-40,13.3,18.6,27124.0,6928.0,25.54,SE-40 (PK 13.3 a 18.6)
Cádiz,A-7,1108.4,1109.7,63952.0,4481.0,7.01,A-7 (PK 1108.4 a 1109.7)
Madrid,A-1,71.8,73.5,24858.0,4050.0,16.29,A-1 (PK 71.8 a 73.5)
Zaragoza,A-2,192.3,200.0,16439.0,5774.0,35.12,A-2 (PK 192.3 a 200.0)
Huesca,A-21,85.8,92.3,3785.0,226.0,5.97,A-21 (PK 85.8 a 92.3)
Huesca,A-22,88.8,93.6,9974.0,1339.0,13.42,A-22 (PK 88.8 a 93.6)
Huesca,A-23,363.7,368.1,11056.0,743.0,6.72,A-23 (PK 363.7 a 368.1)
Jaén,A-4,288.1,291.5,31591.0,7872.0,24.92,A-4 (PK 288.1 a 291.5)
Cádiz,A-4,657.9,660.4,45378.0,2379.0,5.24,A-4 (PK 657.9 a 660.4)
Toledo,A-40,127.1,130.2,4750.0,728.0,15.33,A-40 (PK 127.1 a 130.2)
Toledo,A-42,38.1,40.6,57710.0,5436.0,9.42,A-42 (PK 38.1 a 40.6)
Asturias,A-8,390.9,394.4,60099.0,6334.0,10.54,A-8 (PK 390.9 a 394.4)
Granada,GR-30,12505,15455,141696.0,5173.0,3.65,GR-30 (PK 12.505 a 15.455)
Burgos,N-1,264.5,270.5,2876.0,808.0,28.09,N-1 (PK 264.5 a 270.5)
Soria,N-2,178.5,179.3,158.0,4.0,2.53,N-2 (PK 178.5 a 179.3)
Tarragona,N-235,10.95,11.72,14661.0,1446.0,9.86,N-235 (PK 10.95 a 11.72)
Lleida,N-260,353986,354.3,1378.0,78.0,5.66,N-260 (PK 353.986 a 354.3)
Ciudad Real,N-310,79.1,81.2,5338.0,605.0,11.33,N-310 (PK 79.1 a 81.2)
Albacete,N-322,398.2,403.2,2119.0,311.0,14.68,N-322 (PK 398.2 a 403.2)
Albacete,N-322A,423.8,425.38,163.0,5.0,3.07,N-322A (PK 423.8 a 425.38)
Alicante/Alacant,N-340,790.0,790.8,1209.0,31.0,2.56,N-340 (PK 790.0 a 790.8)
Sevilla,N-4,595.1,600.2,2098.0,500.0,23.83,N-4 (PK 595.1 a 600.2)
Toledo,N-403,55.9,59.6,3649.0,393.0,10.77,N-403 (PK 55.9 a 59.6)
Ávila,N-501,16.6,21.4,613.0,45.0,7.34,N-501 (PK 16.6 a 21.4)
Palencia,N-627,74.4,76.2,4445.0,918.0,20.65,N-627 (PK 74.4 a 76.2)
Zamora,N-630,246.3,247.0,353.0,70.0,19.83,N-630 (PK 246.3 a 247.0)
Cáceres,N-630,539.2,546.4,1453.0,82.0,5.64,N-630 (PK 539.2 a 546.4)
Almería,A-7,682.4,686.3,22706.0,4374.0,19.26,A-7 (PK 682.4 a 686.3)
Segovia,A-1,116.8,120.6,17892.0,3770.0,21.07,A-1 (PK 116.8 a 120.6)
La Rioja,A-12,93535,96.0,15552.0,1725.0,11.09,A-12 (PK 93.535 a 96.0)
Huesca,A-22,73.0,77.0,9974.0,1339.0,13.42,A-22 (PK 73.0 a 77.0)
Valencia,A-3,284.7,288.2,28995.0,7325.0,25.26,A-3 (PK 284.7 a 288.2)
Córdoba,A-4,419.6,424.2,24672.0,4388.0,17.79,A-4 (PK 419.6 a 424.2)
Jaén,A-44,46.5,50.5,26455.0,3709.0,14.02,A-44 (PK 46.5 a 50.5)
Toledo,A-5,51.6,57.5,38484.0,4938.0,12.83,A-5 (PK 51.6 a 57.5)
Badajoz,A-5,365.3,372.8,16269.0,2351.0,14.45,A-5 (PK 365.3 a 372.8)
Ávila,A-50,23.9,35.3,8322.0,1316.0,15.81,A-50 (PK 23.9 a 35.3)
A Coruña,AC-14AL,0.0,2.0,11119.0,321.0,2.89,AC-14AL (PK 0.0 a 2.0)
Burgos,N-232,500.5,505.2,1645.0,261.0,15.87,N-232 (PK 500.5 a 505.2)
Cuenca,N-301,138.0,140.2,2726.0,1036.0,38.0,N-301 (PK 138.0 a 140.2)
Murcia,N-301,341.1,342.8,902.0,44.0,4.88,N-301 (PK 341.1 a 342.8)
Jaén,N-323,17.7,21.6,2359.0,233.0,9.88,N-323 (PK 17.7 a 21.6)
Huesca,N-330,553.95,558.8,514.0,66.0,12.84,N-330 (PK 553.95 a 558.8)
Huesca,N-330B,673.28,675.6,337.0,15.0,4.45,N-330B (PK 673.28 a 675.6)
Toledo,N-401,107.5,112.5,4948.0,866.0,17.5,N-401 (PK 107.5 a 112.5)
Jaén,N-432,379.8,383.8,4720.0,483.0,10.23,N-432 (PK 379.8 a 383.8)
Córdoba,N-432A,160.8,164.2,160.0,4.0,2.5,N-432A (PK 160.8 a 164.2)
Cáceres,N-5,198.9,201.8,75.0,4.0,5.33,N-5 (PK 198.9 a 201.8)
Badajoz,N-5,390.3,395265,4847.0,190.0,3.92,N-5 (PK 390.3 a 395.265)
Ávila,N-501,0.88,1.75,5568.0,413.0,7.42,N-501 (PK 0.88 a 1.75)
Cáceres,N-523,29.9,37042,3078.0,403.0,13.09,N-523 (PK 29.9 a 37.042)
A Coruña,N-550,72.0,75.0,14407.0,1012.0,7.02,N-550 (PK 72.0 a 75.0)
Segovia,N-6,84.0,89.82,9210.0,1217.0,13.21,N-6 (PK 84.0 a 89.82)
León,N-6,352.0,356.0,471.0,44.0,9.34,N-6 (PK 352.0 a 356.0)
Burgos,N-623,46.1,49.2,1088.0,59.0,5.42,N-623 (PK 46.1 a 49.2)
Lugo,N-634,618.8,623.1,2669.0,171.0,6.41,N-634 (PK 618.8 a 623.1)
Valencia,A-7,396.0,398.2,58181.0,12456.0,21.41,A-7 (PK 396.0 a 398.2)
Almería,A-7,700.7,704.0,18413.0,4219.0,22.91,A-7 (PK 700.7 a 704.0)
Burgos,A-1,163.1,167.7,21476.0,4001.0,18.63,A-1 (PK 163.1 a 167.7)
Madrid,A-2,10.1,14.8,133039.0,7122.0,5.35,A-2 (PK 10.1 a 14.8)
Huesca,A-22,26.8,32.9,9563.0,1531.0,16.01,A-22 (PK 26.8 a 32.9)
Albacete,A-35,0.0,8.5,5837.0,1560.0,26.73,A-35 (PK 0.0 a 8.5)
Toledo,A-4,65.7,69.4,30195.0,6991.0,23.15,A-4 (PK 65.7 a 69.4)
Ciudad Real,A-41,163.4,166.7,12800.0,1167.0,9.12,A-41 (PK 163.4 a 166.7)
Toledo,A-42,30.53,33.5,71576.0,7118.0,9.94,A-42 (PK 30.53 a 33.5)
Cáceres,A-66,448.3,454.7,12137.0,2636.0,21.72,A-66 (PK 448.3 a 454.7)
Córdoba,CO-32,3.4,6.5,14913.0,1013.0,6.79,CO-32 (PK 3.4 a 6.5)
Ávila,N-110,301.1,304.3,3716.0,283.0,7.62,N-110 (PK 301.1 a 304.3)
Madrid,N-1A,72.0,74.1,3464.0,126.0,3.64,N-1A (PK 72.0 a 74.1)
Guadalajara,N-211,0.0,2.4,2288.0,416.0,18.18,N-211 (PK 0.0 a 2.4)
La Rioja,N-232,333.8,336.7,8029.0,954.0,11.88,N-232 (PK 333.8 a 336.7)
La Rioja,N-232,452.4,454.6,5374.0,852.0,15.85,N-232 (PK 452.4 a 454.6)
Girona,N-260,53.2,56.7,7592.0,628.0,8.27,N-260 (PK 53.2 a 56.7)
Cuenca,N-301,184.5,190.9,3102.0,1123.0,36.2,N-301 (PK 184.5 a 190.9)
Valencia,N-330,135.2,136.4,1313.0,79.0,6.02,N-330 (PK 135.2 a 136.4)
Valencia,N-330,152.3,153.3,1411.0,109.0,7.73,N-330 (PK 152.3 a 153.3)
Barcelona,N-340,1197.7,1197.78,20525.0,2135.0,10.4,N-340 (PK 1197.7 a 1197.78)
Madrid,N-403A,78578,79.5,3110.0,236.0,7.59,N-403A (PK 78.578 a 79.5)
Jaén,N-432A,356407,358.8,1612.0,52.0,3.23,N-432A (PK 356.407 a 358.8)
Huelva,N-445,0.0,2.2,5978.0,264.0,4.42,N-445 (PK 0.0 a 2.2)
Ávila,N-502,46.8,48.9,1761.0,97.0,5.51,N-502 (PK 46.8 a 48.9)
Palencia,N-611,69.2,74.1,705.0,137.0,19.43,N-611 (PK 69.2 a 74.1)
Cantabria,N-621,186.0,186.4,4684.0,273.0,5.83,N-621 (PK 186.0 a 186.4)
Cantabria,N-634,193.7,194.0,6778.0,312.0,4.6,N-634 (PK 193.7 a 194.0)
Teruel,A-23,159.8,165.2,12663.0,3578.0,28.26,A-23 (PK 159.8 a 165.2)
Huesca,A-23,389.2,394.7,9537.0,839.0,8.8,A-23 (PK 389.2 a 394.7)
Córdoba,A-4,407.9,410.4,22975.0,5000.0,21.76,A-4 (PK 407.9 a 410.4)
Albacete,A-43,106905,116.7,12797.0,3946.0,30.84,A-43 (PK 106.905 a 116.7)
Jaén,A-44,12.1,16.4,25972.0,4474.0,17.23,A-44 (PK 12.1 a 16.4)
Granada,A-44,181.2,183.98,26362.0,1928.0,7.31,A-44 (PK 181.2 a 183.98)
Pontevedra,A-52,286.8,289.6,26713.0,2602.0,9.74,A-52 (PK 286.8 a 289.6)
León,A-6,387.7,394.0,11246.0,3005.0,26.72,A-6 (PK 387.7 a 394.0)
Asturias,A-63,4.1,9.0,19127.0,1140.0,5.96,A-63 (PK 4.1 a 9.0)
Málaga,MA-24,6.57,7.5,14724.0,889.0,6.04,MA-24 (PK 6.57 a 7.5)
Segovia,N-110,134.55,139.0,2496.0,282.0,11.3,N-110 (PK 134.55 a 139.0)
Ávila,N-110,266.5,271.3,3786.0,287.0,7.58,N-110 (PK 266.5 a 271.3)
Teruel,N-234,188.5,192.0,1441.0,290.0,20.12,N-234 (PK 188.5 a 192.0)
Teruel,N-234,207.0,212.9,1441.0,290.0,20.12,N-234 (PK 207.0 a 212.9)
Ciudad Real,N-310,72.0,75.4,350.0,38.0,10.86,N-310 (PK 72.0 a 75.4)
Cuenca,N-310,152.4,154.7,2248.0,158.0,7.03,N-310 (PK 152.4 a 154.7)
Alicante/Alacant,N-340,799.0,800115,22559.0,1080.0,4.79,N-340 (PK 799.0 a 800.115)
Castellón,N-340,957.0,958.5,20491.0,2511.0,12.25,N-340 (PK 957.0 a 958.5)
Córdoba,N-432,336.8,339.0,5505.0,930.0,16.89,N-432 (PK 336.8 a 339.0)
Huelva,N-435,205.5,211.0,7370.0,1280.0,17.37,N-435 (PK 205.5 a 211.0)
Ávila,N-501,27.9,32.2,569.0,42.0,7.38,N-501 (PK 27.9 a 32.2)
Ourense,N-541,29.6,33.4,4757.0,262.0,5.51,N-541 (PK 29.6 a 33.4)
Pontevedra,N-550,124202,127.5,20769.0,1289.0,6.21,N-550 (PK 124.202 a 127.5)
Palencia,N-611,97.3,101.4,2806.0,187.0,6.66,N-611 (PK 97.3 a 101.4)
Valencia,A-7,297.3,298.4,29579.0,5253.0,17.76,A-7 (PK 297.3 a 298.4)
Cádiz,A-7,1113.25,1115.5,68912.0,6129.0,8.89,A-7 (PK 1113.25 a 1115.5)
Guadalajara,A-2,94.4,101.2,24910.0,7123.0,28.59,A-2 (PK 94.4 a 101.2)
Valencia,A-23,0.2,1.6,25768.0,3747.0,14.54,A-23 (PK 0.2 a 1.6)
Zaragoza,A-23,240.4,245.2,13341.0,2859.0,21.43,A-23 (PK 240.4 a 245.2)
Cuenca,A-3,224.3,231.2,19951.0,5682.0,28.48,A-3 (PK 224.3 a 231.2)
Albacete,A-30,16.3,21.3,16580.0,3084.0,18.6,A-30 (PK 16.3 a 21.3)
Córdoba,A-45,74.7,78.4,16782.0,1996.0,11.89,A-45 (PK 74.7 a 78.4)
Zaragoza,A-68,257.3,262.1,45081.0,9363.0,20.77,A-68 (PK 257.3 a 262.1)
Asturias,A-8,501.2,504.3,13622.0,1870.0,13.73,A-8 (PK 501.2 a 504.3)
Granada,GR-30,15455,16774,109728.0,3438.0,3.13,GR-30 (PK 15.455 a 16.774)
Huesca,N-230,119.48,121.1,3133.0,533.0,17.01,N-230 (PK 119.48 a 121.1)
Burgos,N-234,419.7,424.6,2460.0,351.0,14.27,N-234 (PK 419.7 a 424.6)
Valencia,N-3,249.8,253.5,948.0,119.0,12.55,N-3 (PK 249.8 a 253.5)
Valencia,N-3,264.45,267.9,2399.0,244.0,10.17,N-3 (PK 264.45 a 267.9)
Cuenca,N-310,154.7,155.9,2348.0,156.0,6.64,N-310 (PK 154.7 a 155.9)
Madrid,N-320,332.3,333.4,2936.0,223.0,7.6,N-320 (PK 332.3 a 333.4)
Castellón,N-340,1039.7,1043.6,7548.0,884.0,11.71,N-340 (PK 1039.7 a 1043.6)
Toledo,N-403,68.0,70.97,2345.0,132.0,5.63,N-403 (PK 68.0 a 70.97)
Ciudad Real,N-430,369.3,375.1,1472.0,126.0,8.56,N-430 (PK 369.3 a 375.1)
Badajoz,N-432,56.8,64.7,5059.0,529.0,10.46,N-432 (PK 56.8 a 64.7)
Córdoba,N-432,334746,336.8,4330.0,882.0,20.37,N-432 (PK 334.746 a 336.8)
Córdoba,N-432,333.7,334746,3737.0,566.0,15.15,N-432 (PK 333.7 a 334.746)
Ávila,N-501,3.66,4.0,925.0,68.0,7.35,N-501 (PK 3.66 a 4.0)
Ourense,N-525,187.7,193.3,535.0,28.0,5.23,N-525 (PK 187.7 a 193.3)
Pontevedra,N-552,7.1,9791,9929.0,393.0,3.96,N-552 (PK 7.1 a 9.791)
Palencia,N-627,76.2,78161,4445.0,918.0,20.65,N-627 (PK 76.2 a 78.161)
Zamora,N-630,251.4,255.2,353.0,70.0,19.83,N-630 (PK 251.4 a 255.2)
Burgos,A-1,185.0,189.5,21476.0,4001.0,18.63,A-1 (PK 185.0 a 189.5)
Zaragoza,A-2,254.0,260.0,21366.0,5739.0,26.86,A-2 (PK 254.0 a 260.0)
Castellón,A-23,27.2,30.6,28258.0,4340.0,15.36,A-23 (PK 27.2 a 30.6)
Teruel,A-23,71.5,75.1,14141.0,3755.0,26.55,A-23 (PK 71.5 a 75.1)
Cuenca,A-3,80.3,84.5,30816.0,5643.0,18.31,A-3 (PK 80.3 a 84.5)
Valencia,A-3,345.5,348.1,67426.0,12817.0,19.01,A-3 (PK 345.5 a 348.1)
Cáceres,A-5,277.2,281213,12981.0,2225.0,17.14,A-5 (PK 277.2 a 281.213)
Cáceres,A-5,281213,287.5,12884.0,2169.0,16.83,A-5 (PK 281.213 a 287.5)
Madrid,N-3,29.3,32.4,4179.0,485.0,11.61,N-3 (PK 29.3 a 32.4)
Toledo,N-301,65.0,68.5,1885.0,527.0,27.96,N-301 (PK 65.0 a 68.5)
Cuenca,N-310,191.3,197.3,1160.0,326.0,28.1,N-310 (PK 191.3 a 197.3)
Almería,N-340A,518.2,519.4,1137.0,53.0,4.66,N-340A (PK 518.2 a 519.4)
Cádiz,N-4,615.8,619.3,5991.0,768.0,12.82,N-4 (PK 615.8 a 619.3)
Zamora,N-525,58.2,58.6,1081.0,105.0,9.71,N-525 (PK 58.2 a 58.6)
Ourense,N-525,208.3,209.5,2148.0,98.0,4.56,N-525 (PK 208.3 a 209.5)
Lugo,N-6,502.2,504.4,29074.0,1192.0,4.1,N-6 (PK 502.2 a 504.4)
Segovia,N-603,72.6,74.8,4784.0,556.0,11.62,N-603 (PK 72.6 a 74.8)
Pontevedra,N-640A,237.2,238.7,11319.0,693.0,6.12,N-640A (PK 237.2 a 238.7)
Albacete,A-30,32.1,36.9,14838.0,3041.0,20.49,A-30 (PK 32.1 a 36.9)
Córdoba,A-4,359.2,363.9,21706.0,5330.0,24.56,A-4 (PK 359.2 a 363.9)
Córdoba,A-4,424.2,429.4,22245.0,4804.0,21.6,A-4 (PK 424.2 a 429.4)
Madrid,A-42,14.4,15.9,136420.0,8405.0,6.16,A-42 (PK 14.4 a 15.9)
Asturias,A-8,495.3,501.2,12491.0,1851.0,14.82,A-8 (PK 495.3 a 501.2)
Madrid,M-21,0.9,3.3,64877.0,6138.0,9.46,M-21 (PK 0.9 a 3.3)
Segovia,N-110,140.5,144.0,2423.0,263.0,10.85,N-110 (PK 140.5 a 144.0)
Burgos,N-120,59.4,61.3,3604.0,1374.0,38.12,N-120 (PK 59.4 a 61.3)
Huesca,N-2,394.44,400.0,1943.0,893.0,45.96,N-2 (PK 394.44 a 400.0)
Guadalajara,N-320,291.2,293.5,13252.0,2271.0,17.14,N-320 (PK 291.2 a 293.5)
Valencia,N-330,261.0,262.5,766.0,158.0,20.63,N-330 (PK 261.0 a 262.5)
Huesca,N-330,651.6,654.4,3697.0,401.0,10.85,N-330 (PK 651.6 a 654.4)
Alicante/Alacant,N-332,97.85,98683,19096.0,568.0,2.97,N-332 (PK 97.85 a 98.683)
Cuenca,N-400A,116606,121.1,79.0,10.0,12.66,N-400A (PK 116.606 a 121.1)
Cuenca,N-420,496.6,500.5,774.0,99.0,12.79,N-420 (PK 496.6 a 500.5)
Teruel,N-420,764.9,768.6,1586.0,220.0,13.87,N-420 (PK 764.9 a 768.6)
Córdoba,N-432R,0.0,1.6,2236.0,292.0,13.06,N-432R (PK 0.0 a 1.6)
Huelva,N-435,129.3,131.1,1367.0,238.0,17.41,N-435 (PK 129.3 a 131.1)
Asturias,N-632A,124812,126.6,177.0,8.0,4.52,N-632A (PK 124.812 a 126.6)
Cantabria,N-634,136.1,136.4,1131.0,30.0,2.65,N-634 (PK 136.1 a 136.4)
Cantabria,N-634,179.7,180.1,7276.0,392.0,5.39,N-634 (PK 179.7 a 180.1)
Lugo,N-634,583.1,585.6,2483.0,173.0,6.97,N-634 (PK 583.1 a 585.6)
Pontevedra,N-640,204.6,207.9,5717.0,450.0,7.87,N-640 (PK 204.6 a 207.9)
Valencia,A-7,353.6,355.6,59626.0,14009.0,23.49,A-7 (PK 353.6 a 355.6)
Almería,A-7,686.3,691.9,22706.0,4374.0,19.26,A-7 (PK 686.3 a 691.9)
Málaga,A-7,966.7,968.5,59656.0,29823.0,49.99,A-7 (PK 966.7 a 968.5)
Zaragoza,A-2,185.7,192.3,15584.0,5633.0,36.15,A-2 (PK 185.7 a 192.3)
Madrid,A-42,26.5,30.53,71576.0,7118.0,9.94,A-42 (PK 26.5 a 30.53)
Ciudad Real,A-43,25.7,29.5,9548.0,1661.0,17.4,A-43 (PK 25.7 a 29.5)
Huelva,A-49,81.0,87.1,13232.0,2357.0,17.81,A-49 (PK 81.0 a 87.1)
Madrid,A-5,32.5,36281,57914.0,4064.0,7.02,A-5 (PK 32.5 a 36.281)
Madrid,A-5,36281,36672,58776.0,6044.0,10.28,A-5 (PK 36.281 a 36.672)
Cáceres,A-5,210.3,218.1,13966.0,2372.0,16.98,A-5 (PK 210.3 a 218.1)
Ourense,A-52,228.3,231.4,30115.0,3307.0,10.98,A-52 (PK 228.3 a 231.4)
León,A-6,305.8,313.5,6143.0,1581.0,25.74,A-6 (PK 305.8 a 313.5)
Asturias,A-64,26.8,31.85,52510.0,3621.0,6.9,A-64 (PK 26.8 a 31.85)
A Coruña,AC-15,0.0,4635,697.0,284.0,40.75,AC-15 (PK 0.0 a 4.635)
Huelva,H-30,11.5,15.5,20540.0,2550.0,12.41,H-30 (PK 11.5 a 15.5)
Murcia,MU-30,16.3,23453,9784.0,508.0,5.19,MU-30 (PK 16.3 a 23.453)
Soria,N-111,177.9,178.4,92.0,8.0,8.7,N-111 (PK 177.9 a 178.4)
La Rioja,N-111,291.8,293.0,2679.0,376.0,14.04,N-111 (PK 291.8 a 293.0)
Burgos,N-120,61.3,62.9,3604.0,1374.0,38.12,N-120 (PK 61.3 a 62.9)
Teruel,N-211A,134.5,135.77,55.0,9.0,16.36,N-211A (PK 134.5 a 135.77)
Teruel,N-234,80.9,83.3,241.0,20.0,8.3,N-234 (PK 80.9 a 83.3)
Soria,N-234,351.5,352.75,6055.0,521.0,8.6,N-234 (PK 351.5 a 352.75)
Girona,N-260,64.3,65.0,391.0,33.0,8.44,N-260 (PK 64.3 a 65.0)
Cuenca,N-400,98.08,101.0,567.0,63.0,11.11,N-400 (PK 98.08 a 101.0)
Toledo,N-403,48.1,51.9,6915.0,687.0,9.93,N-403 (PK 48.1 a 51.9)
Cuenca,N-420,359.8,363.4,776.0,87.0,11.21,N-420 (PK 359.8 a 363.4)
Badajoz,N-430,143.8,153.5,3715.0,602.0,16.2,N-430 (PK 143.8 a 153.5)
Ávila,N-501,13.4,16.6,613.0,45.0,7.34,N-501 (PK 13.4 a 16.6)
Ourense,N-525,238.75,240.3,11634.0,1305.0,11.22,N-525 (PK 238.75 a 240.3)
León,N-6,338.4,344.9,390.0,33.0,8.46,N-6 (PK 338.4 a 344.9)
Lugo,N-6,449.8,454.2,849.0,64.0,7.54,N-6 (PK 449.8 a 454.2)
Alicante/Alacant,A-7,527.8,529.1,77720.0,9616.0,12.37,A-7 (PK 527.8 a 529.1)
Valencia,A-3,280.4,284.7,28995.0,7325.0,25.26,A-3 (PK 280.4 a 284.7)
Valencia,A-38,9.7,12.4,16476.0,1157.0,7.02,A-38 (PK 9.7 a 12.4)
Ciudad Real,A-4,207.8,213.3,27035.0,8562.0,31.67,A-4 (PK 207.8 a 213.3)
Jaén,A-4,263.8,266.4,27388.0,7323.0,26.74,A-4 (PK 263.8 a 266.4)
Madrid,A-42,15.9,17.1,90376.0,4670.0,5.17,A-42 (PK 15.9 a 17.1)
Ciudad Real,A-43,50.3,54.3,10823.0,4431.0,40.94,A-43 (PK 50.3 a 54.3)
Toledo,A-5,123.7,130.0,24276.0,3970.0,16.35,A-5 (PK 123.7 a 130.0)
León,A-6,376.4,382.6,20833.0,2973.0,14.27,A-6 (PK 376.4 a 382.6)
Huelva,A-66,741.0,747.0,19051.0,3786.0,19.87,A-66 (PK 741.0 a 747.0)
Sevilla,A-66,789.3,793.9,26382.0,3922.0,14.87,A-66 (PK 789.3 a 793.9)
Granada,GR-43,1777,8.6,11727.0,799.0,6.81,GR-43 (PK 1.777 a 8.6)
Zamora,N-122,458.93,459.31,9165.0,408.0,4.45,N-122 (PK 458.93 a 459.31)
Guadalajara,N-211,60.3,66.5,2168.0,474.0,21.86,N-211 (PK 60.3 a 66.5)
Zaragoza,N-232,210.8,216.8,8029.0,1062.0,13.23,N-232 (PK 210.8 a 216.8)
Guadalajara,N-320,306.6,309.9,8205.0,563.0,6.86,N-320 (PK 306.6 a 309.9)
Alicante/Alacant,N-340,797.3,799.0,22559.0,1080.0,4.79,N-340 (PK 797.3 a 799.0)
Almería,N-340A,384.5,385862,5268.0,466.0,8.85,N-340A (PK 384.5 a 385.862)
Almería,N-347AL,0.0,4.17,6464.0,542.0,8.38,N-347AL (PK 0.0 a 4.17)
Teruel,N-420,581.2,584.2,3223.0,639.0,19.83,N-420 (PK 581.2 a 584.2)
Sevilla,N-4A,503.3,506.2,2707.0,171.0,6.32,N-4A (PK 503.3 a 506.2)
León,N-625,57.7,61.5,1709.0,180.0,10.53,N-625 (PK 57.7 a 61.5)
Asturias,N-632,2.5,4.0,5416.0,268.0,4.95,N-632 (PK 2.5 a 4.0)
Sevilla,SE-30,14.0,15.3,131813.0,8758.0,6.64,SE-30 (PK 14.0 a 15.3)
Madrid,A-1,83.2,85.4,25232.0,4171.0,16.53,A-1 (PK 83.2 a 85.4)
Burgos,A-1,146.3,152.0,19361.0,3936.0,20.33,A-1 (PK 146.3 a 152.0)
Burgos,A-11,105.3,111.5,4866.0,1653.0,33.97,A-11 (PK 105.3 a 111.5)
Cuenca,A-3,242.2,247195,22394.0,6220.0,27.78,A-3 (PK 242.2 a 247.195)
Badajoz,A-66,598.3,606.1,11073.0,2475.0,22.35,A-66 (PK 598.3 a 606.1)
Alicante/Alacant,A-70,15.5,17.0,96290.0,7167.0,7.44,A-70 (PK 15.5 a 17.0)
Lugo,A-8,551.4,557.0,9980.0,1529.0,15.32,A-8 (PK 551.4 a 557.0)
Lugo,A-8,557.0,563.0,8908.0,1266.0,14.21,A-8 (PK 557.0 a 563.0)
Lugo,A-8,569.5,575.4,8583.0,1294.0,15.08,A-8 (PK 569.5 a 575.4)
Burgos,BU-30,9.4,17.6,5012.0,1197.0,23.88,BU-30 (PK 9.4 a 17.6)
Castellón,CS-22,0.0,0.8,19148.0,2616.0,13.66,CS-22 (PK 0.0 a 0.8)
Madrid,M-23,0.3,2.4,99924.0,3818.0,3.82,M-23 (PK 0.3 a 2.4)
Málaga,MA-20,0.0,3.0,88634.0,2701.0,3.05,MA-20 (PK 0.0 a 3.0)
Teruel,N-232,131.2,135.7,4707.0,677.0,14.38,N-232 (PK 131.2 a 135.7)
Castellón,N-234,42.6,43.6,1631.0,549.0,33.66,N-234 (PK 42.6 a 43.6)
Albacete,N-301,316.8,320.2,3452.0,170.0,4.92,N-301 (PK 316.8 a 320.2)
Albacete,N-322,337.6,347.2,5615.0,496.0,8.83,N-322 (PK 337.6 a 347.2)
Valencia,N-330,164.1,167.8,127016.0,7538.0,5.93,N-330 (PK 164.1 a 167.8)
Alicante/Alacant,N-340,805.8,807.2,4978.0,306.0,6.15,N-340 (PK 805.8 a 807.2)
Tarragona,N-340A,1089145,1089.43,4216.0,217.0,5.15,N-340A (PK 1089.145 a 1089.43)
Alicante/Alacant,N-344,118.6,120.9,9893.0,3436.0,34.73,N-344 (PK 118.6 a 120.9)
Teruel,N-420,584.2,586.0,3223.0,639.0,19.83,N-420 (PK 584.2 a 586.0)
Córdoba,N-432,223.1,226.5,8550.0,1031.0,12.06,N-432 (PK 223.1 a 226.5)
Huelva,N-433,79.0,83.3,5131.0,443.0,8.63,N-433 (PK 79.0 a 83.3)
Cáceres,N-5,204.4,209.3,69.0,4.0,5.8,N-5 (PK 204.4 a 209.3)
Cáceres,N-630,454.4,461.6,480.0,50.0,10.42,N-630 (PK 454.4 a 461.6)
Cantabria,N-634,195.6,196.0,6778.0,312.0,4.6,N-634 (PK 195.6 a 196.0)
Asturias,N-634,365.1,369.2,7699.0,377.0,4.9,N-634 (PK 365.1 a 369.2)
Lugo,N-634,588.8,591.5,1061.0,109.0,10.27,N-634 (PK 588.8 a 591.5)
A Coruña,N-634,657.98,666.4,5522.0,1396.0,25.28,N-634 (PK 657.98 a 666.4)
Valencia,A-7,421.0,423.0,22036.0,2078.0,9.43,A-7 (PK 421.0 a 423.0)
Almería,A-7,675.4,679.7,22056.0,3431.0,15.56,A-7 (PK 675.4 a 679.7)
Cuenca,A-3,237.1,242.2,22394.0,6220.0,27.78,A-3 (PK 237.1 a 242.2)
Córdoba,A-4,384.4,390.8,28057.0,5573.0,19.86,A-4 (PK 384.4 a 390.8)
Toledo,A-42,35.1,38.1,57710.0,5436.0,9.42,A-42 (PK 35.1 a 38.1)
Sevilla,A-49,2.2,3.2,124779.0,6733.0,5.4,A-49 (PK 2.2 a 3.2)
Madrid,A-6,13.3,17.3,137784.0,5899.0,4.28,A-6 (PK 13.3 a 17.3)
León,A-6,318.4,323.2,7669.0,1730.0,22.56,A-6 (PK 318.4 a 323.2)
Murcia,A-91,3.1,5.9,13546.0,2370.0,17.5,A-91 (PK 3.1 a 5.9)
Ávila,N-110,235.0,239.0,4221.0,639.0,15.14,N-110 (PK 235.0 a 239.0)
Huesca,N-123A,26.2,29.0,3587.0,354.0,9.87,N-123A (PK 26.2 a 29.0)
Teruel,N-211,150.0,153.2,644.0,129.0,20.03,N-211 (PK 150.0 a 153.2)
Teruel,N-211,153.2,155.0,644.0,129.0,20.03,N-211 (PK 153.2 a 155.0)
Granada,N-323A,118.4,119.8,3820.0,376.0,9.84,N-323A (PK 118.4 a 119.8)
Alicante/Alacant,N-332,73.7,75.0,28250.0,842.0,2.98,N-332 (PK 73.7 a 75.0)
Alicante/Alacant,N-332A,175.6,177.8,6395.0,375.0,5.86,N-332A (PK 175.6 a 177.8)
Cuenca,N-420,335.7,340.3,1216.0,139.0,11.43,N-420 (PK 335.7 a 340.3)
Ciudad Real,N-430,328855,334.8,887.0,120.0,13.53,N-430 (PK 328.855 a 334.8)
Huelva,N-431,89.0,90.5,8593.0,751.0,8.74,N-431 (PK 89.0 a 90.5)
Córdoba,N-432,246.0,253.5,9554.0,2043.0,21.38,N-432 (PK 246.0 a 253.5)
Huelva,N-435,122.5,125.0,1360.0,236.0,17.35,N-435 (PK 122.5 a 125.0)
Huelva,N-435A,173784,177.04,47.0,2.0,4.26,N-435A (PK 173.784 a 177.04)
Pontevedra,N-554,0.8,2.3,8886.0,439.0,4.94,N-554 (PK 0.8 a 2.3)
Pontevedra,N-554,0.0,0.8,9125.0,481.0,5.27,N-554 (PK 0.0 a 0.8)
Lugo,N-6,536.9,540.8,1295.0,147.0,11.35,N-6 (PK 536.9 a 540.8)
Asturias,N-634,448.2,450.5,4335.0,608.0,14.03,N-634 (PK 448.2 a 450.5)
Cádiz,A-7,1106.0,1107.3,63952.0,4481.0,7.01,A-7 (PK 1106.0 a 1107.3)
Burgos,A-1,202.3,209.3,23362.0,4217.0,18.05,A-1 (PK 202.3 a 209.3)
Huesca,A-2,436.2,439.9,6176.0,1766.0,28.59,A-2 (PK 436.2 a 439.9)
Murcia,A-33,18.6,25.1,14327.0,4029.0,28.12,A-33 (PK 18.6 a 25.1)
Murcia,A-33,25.1,30.9,14327.0,4029.0,28.12,A-33 (PK 25.1 a 30.9)
Albacete,A-43,129.2,132.8,13300.0,4180.0,31.43,A-43 (PK 129.2 a 132.8)
Segovia,N-110,227.8,231.0,4221.0,639.0,15.14,N-110 (PK 227.8 a 231.0)
La Rioja,N-120,34.6,39.38,67.0,25.0,37.31,N-120 (PK 34.6 a 39.38)
Teruel,N-232A,92069,93.7,732.0,88.0,12.02,N-232A (PK 92.069 a 93.7)
Zaragoza,N-240,327.8,329.4,692.0,61.0,8.82,N-240 (PK 327.8 a 329.4)
Albacete,N-301,320.2,322.7,3452.0,170.0,4.92,N-301 (PK 320.2 a 322.7)
Jaén,N-322,225.1,228.5,2247.0,338.0,15.04,N-322 (PK 225.1 a 228.5)
Cuenca,N-400,91.5,94.7,1678.0,188.0,11.2,N-400 (PK 91.5 a 94.7)
Tarragona,N-420A,878.09,878.52,2749.0,260.0,9.46,N-420A (PK 878.09 a 878.52)
Ciudad Real,N-430A,394.6,397.0,522.0,36.0,6.9,N-430A (PK 394.6 a 397.0)
Huelva,N-435,117.0,119.3,1258.0,218.0,17.33,N-435 (PK 117.0 a 119.3)
Asturias,N-634,385.3,388.0,4230.0,411.0,9.72,N-634 (PK 385.3 a 388.0)
Sevilla,SE-30,19.9,22.2,76038.0,3306.0,4.35,SE-30 (PK 19.9 a 22.2)
Valencia,A-7,386.0,388.7,58181.0,12456.0,21.41,A-7 (PK 386.0 a 388.7)
Málaga,A-7,1008.8,1011.25,105686.0,12266.0,11.61,A-7 (PK 1008.8 a 1011.25)
Cádiz,A-7,1094.4,1098.1,47073.0,4239.0,9.01,A-7 (PK 1094.4 a 1098.1)
Murcia,A-30,134.6,135.8,134736.0,14478.0,10.75,A-30 (PK 134.6 a 135.8)
Toledo,A-40,89.24,93.9,10557.0,1876.0,17.77,A-40 (PK 89.24 a 93.9)
Sevilla,A-49,22.9,27.7,43808.0,4717.0,10.77,A-49 (PK 22.9 a 27.7)
Ávila,A-50,46.0,54.45,8322.0,1316.0,15.81,A-50 (PK 46.0 a 54.45)
A Coruña,FE-11,4.1,6.21,9863.0,298.0,3.02,FE-11 (PK 4.1 a 6.21)
Murcia,MU-30,7.3,10.24,39933.0,2496.0,6.25,MU-30 (PK 7.3 a 10.24)
Burgos,N-1,288.8,295.0,2986.0,838.0,28.06,N-1 (PK 288.8 a 295.0)
Segovia,N-110,166.7,172.6,3350.0,378.0,11.28,N-110 (PK 166.7 a 172.6)
Teruel,N-232A,132.8,134.5,6036.0,543.0,9.0,N-232A (PK 132.8 a 134.5)
Girona,N-260,25.5,31.6,12179.0,511.0,4.2,N-260 (PK 25.5 a 31.6)
Guadalajara,N-320,314.5,317.0,5402.0,411.0,7.61,N-320 (PK 314.5 a 317.0)
Valencia,N-332,216.4,217575,20192.0,1935.0,9.58,N-332 (PK 216.4 a 217.575)
Cádiz,N-340,67.65,70.25,12492.0,591.0,4.73,N-340 (PK 67.65 a 70.25)
Sevilla,N-4,607.9,613.1,5991.0,768.0,12.82,N-4 (PK 607.9 a 613.1)
Badajoz,N-432,146.3,153.6,3052.0,865.0,28.34,N-432 (PK 146.3 a 153.6)
A Coruña,N-525,336.0,337.74,14585.0,1039.0,7.12,N-525 (PK 336.0 a 337.74)
León,N-536,15.1,18.3,1500.0,52.0,3.47,N-536 (PK 15.1 a 18.3)
Ourense,N-536,42.2,45.8,2526.0,87.0,3.44,N-536 (PK 42.2 a 45.8)
Burgos,A-1,158.5,163.1,20151.0,4400.0,21.84,A-1 (PK 158.5 a 163.1)
Soria,A-2,178.4,180.97,13602.0,5633.0,41.41,A-2 (PK 178.4 a 180.97)
Huesca,A-22,57.0,62.2,5636.0,1037.0,18.4,A-22 (PK 57.0 a 62.2)
Huesca,A-23,416.0,423.5,9850.0,589.0,5.98,A-23 (PK 416.0 a 423.5)
Toledo,A-5,95.9,101.2,34751.0,4538.0,13.06,A-5 (PK 95.9 a 101.2)
Toledo,A-5,115.3,118.1,24829.0,3993.0,16.08,A-5 (PK 115.3 a 118.1)
Ávila,A-50,14.4,23.9,7989.0,782.0,9.79,A-50 (PK 14.4 a 23.9)
León,A-6,291.3,298.0,8684.0,1779.0,20.49,A-6 (PK 291.3 a 298.0)
León,A-66,159.7,172.5,13093.0,2282.0,17.43,A-66 (PK 159.7 a 172.5)
Burgos,N-120,62.9,66.3,3604.0,1374.0,38.12,N-120 (PK 62.9 a 66.3)
Teruel,N-211,101.4,107.8,2538.0,505.0,19.9,N-211 (PK 101.4 a 107.8)
Teruel,N-211,156.0,164.7,644.0,129.0,20.03,N-211 (PK 156.0 a 164.7)
Girona,N-260,31.6,35.8,14309.0,416.0,2.91,N-260 (PK 31.6 a 35.8)
Cuenca,N-3,191.9,194.4,1374.0,517.0,37.63,N-3 (PK 191.9 a 194.4)
Granada,N-340,332.2,334.4,9169.0,338.0,3.69,N-340 (PK 332.2 a 334.4)
Almería,N-340A,520.6,523.6,1137.0,53.0,4.66,N-340A (PK 520.6 a 523.6)
Córdoba,N-420,48.74,51.8,2894.0,419.0,14.48,N-420 (PK 48.74 a 51.8)
Córdoba,N-432,219.3,223.1,4903.0,605.0,12.34,N-432 (PK 219.3 a 223.1)
Huelva,N-433,109.3,112.0,3465.0,499.0,14.4,N-433 (PK 109.3 a 112.0)
A Coruña,N-550,11.45,15.0,13891.0,667.0,4.8,N-550 (PK 11.45 a 15.0)
Burgos,N-623,49.2,52.6,1088.0,59.0,5.42,N-623 (PK 49.2 a 52.6)
Badajoz,N-630,719.1,722.8,1866.0,125.0,6.7,N-630 (PK 719.1 a 722.8)
Asturias,N-633,1.3,2.0,18802.0,1893.0,10.07,N-633 (PK 1.3 a 2.0)
Lugo,N-634,623.1,625.1,3792.0,522.0,13.77,N-634 (PK 623.1 a 625.1)
Valencia,V-31,0.0,1292,57489.0,5127.0,8.92,V-31 (PK 0.0 a 1.292)
Valencia,V-31,1292,2.1,97782.0,8005.0,8.19,V-31 (PK 1.292 a 2.1)
Zaragoza,A-23,254.6,262.2,15964.0,2794.0,17.5,A-23 (PK 254.6 a 262.2)
Zaragoza,A-23,262.2,268.5,23556.0,2990.0,12.69,A-23 (PK 262.2 a 268.5)
Girona,A-26,75.1,79.25,16983.0,1620.0,9.54,A-26 (PK 75.1 a 79.25)
Albacete,A-31,68.9,73.0,28765.0,4533.0,15.76,A-31 (PK 68.9 a 73.0)
Cádiz,A-4,649.3,654.9,39566.0,2195.0,5.55,A-4 (PK 649.3 a 654.9)
Madrid,A-6,8.9,10.7,132215.0,5494.0,4.16,A-6 (PK 8.9 a 10.7)
Ávila,A-6,111.3,118.4,18350.0,2872.0,15.65,A-6 (PK 111.3 a 118.4)
A Coruña,A-6,540.46,548.8,15610.0,3134.0,20.08,A-6 (PK 540.46 a 548.8)
Palencia,A-67,70.5,80.0,9918.0,913.0,9.21,A-67 (PK 70.5 a 80.0)
Murcia,MU-30,1.6,5.6,37255.0,3990.0,10.71,MU-30 (PK 1.6 a 5.6)
Burgos,N-1,280.1,286.6,2986.0,838.0,28.06,N-1 (PK 280.1 a 286.6)
León,N-120,430.7,434.5,6643.0,724.0,10.9,N-120 (PK 430.7 a 434.5)
La Rioja,N-232,374.6,379.5,6638.0,1249.0,18.82,N-232 (PK 374.6 a 379.5)
Castellón,N-234,47.8,48.27,1631.0,549.0,33.66,N-234 (PK 47.8 a 48.27)
Girona,N-260,117.35,120.0,13113.0,710.0,5.41,N-260 (PK 117.35 a 120.0)
Huesca,N-330,576.68,579.6,228.0,29.0,12.72,N-330 (PK 576.68 a 579.6)
Sevilla,N-4,557215,558.75,9761.0,1041.0,10.66,N-4 (PK 557.215 a 558.75)
Ciudad Real,N-420A,192.6,195.6,8346.0,846.0,10.14,N-420A (PK 192.6 a 195.6)
Córdoba,N-432,177.7,185.2,4456.0,497.0,11.15,N-432 (PK 177.7 a 185.2)
Jaén,N-432,356.2,361.4,4654.0,493.0,10.59,N-432 (PK 356.2 a 361.4)
Huelva,N-433,93.9,96.3,5127.0,567.0,11.06,N-433 (PK 93.9 a 96.3)
A Coruña,N-547,42.6,46.8,8389.0,964.0,11.49,N-547 (PK 42.6 a 46.8)
León,N-6,377.3,381.1,13115.0,550.0,4.19,N-6 (PK 377.3 a 381.1)
A Coruña,N-6,570.3,573.7,4302.0,469.0,10.9,N-6 (PK 570.3 a 573.7)
Zamora,N-630,204.1,204.2,2406.0,321.0,13.34,N-630 (PK 204.1 a 204.2)
Salamanca,N-630A,413.0,413.4,928.0,15.0,1.62,N-630A (PK 413.0 a 413.4)
Asturias,N-632,0.0,2.5,5416.0,268.0,4.95,N-632 (PK 0.0 a 2.5)
Asturias,N-634,421.6,423.8,2287.0,192.0,8.4,N-634 (PK 421.6 a 423.8)
Asturias,N-634,505.3,507.4,7555.0,421.0,5.57,N-634 (PK 505.3 a 507.4)
Lugo,N-634,634.8,639.5,900.0,171.0,19.0,N-634 (PK 634.8 a 639.5)
Valencia,A-3,327.1,331.6,56796.0,12860.0,22.64,A-3 (PK 327.1 a 331.6)
Toledo,A-40,93.9,99.3,13078.0,1462.0,11.18,A-40 (PK 93.9 a 99.3)
Ciudad Real,A-43,0.0,4.0,14216.0,1465.0,10.31,A-43 (PK 0.0 a 4.0)
Huelva,A-49,113.0,116.8,18762.0,1913.0,10.2,A-49 (PK 113.0 a 116.8)
Burgos,A-73,0.0,9.0,6186.0,930.0,15.03,A-73 (PK 0.0 a 9.0)
Murcia,CT-34,3.1,5.8,11930.0,2888.0,24.21,CT-34 (PK 3.1 a 5.8)
Burgos,N-120,92.2,98.35,4775.0,873.0,18.28,N-120 (PK 92.2 a 98.35)
Burgos,N-120,139.5,144.2,1100.0,95.0,8.64,N-120 (PK 139.5 a 144.2)
Lugo,N-120,529.9,534.7,4644.0,623.0,13.42,N-120 (PK 529.9 a 534.7)
Pontevedra,N-120,609.94,614.2,1026.0,70.0,6.82,N-120 (PK 609.94 a 614.2)
Teruel,N-211,132.0,134.5,1026.0,164.0,15.98,N-211 (PK 132.0 a 134.5)
Ciudad Real,N-310,105.3,111.0,81.0,9.0,11.11,N-310 (PK 105.3 a 111.0)
Jaén,N-322,179.6,183.8,365.0,47.0,12.88,N-322 (PK 179.6 a 183.8)
Albacete,N-322A,394.95,398.7,1569.0,52.0,3.31,N-322A (PK 394.95 a 398.7)
Huesca,N-330,622.4,624625,1058.0,264.0,24.95,N-330 (PK 622.4 a 624.625)
Murcia,N-344,61.8,67.1,4125.0,306.0,7.42,N-344 (PK 61.8 a 67.1)
Albacete,N-430A,426454,428281,788.0,59.0,7.49,N-430A (PK 426.454 a 428.281)
Cantabria,N-621,150.7,151.1,3803.0,191.0,5.02,N-621 (PK 150.7 a 151.1)
Burgos,N-623,56.8,60.5,1088.0,59.0,5.42,N-623 (PK 56.8 a 60.5)
Asturias,N-630,45.8,48.09,4662.0,404.0,8.67,N-630 (PK 45.8 a 48.09)
Zamora,N-631,49.9,51.6,1859.0,229.0,12.32,N-631 (PK 49.9 a 51.6)
Castellón,A-7,283.5,285.7,30909.0,5469.0,17.69,A-7 (PK 283.5 a 285.7)
Almería,A-7,773.5,777.7,24410.0,3359.0,13.76,A-7 (PK 773.5 a 777.7)
Murcia,A-30,184.5,189.2,32725.0,3556.0,10.87,A-30 (PK 184.5 a 189.2)
Cádiz,A-4,641.6,645.0,27721.0,1809.0,6.53,A-4 (PK 641.6 a 645.0)
Valladolid,A-6,137.0,137.5,20739.0,3573.0,17.23,A-6 (PK 137.0 a 137.5)
Palencia,A-62,78.1,85.8,15119.0,5000.0,33.07,A-62 (PK 78.1 a 85.8)
Burgos,N-120,121.8,124.2,641.0,56.0,8.74,N-120 (PK 121.8 a 124.2)
Burgos,N-120,160.6,163.4,1629.0,188.0,11.54,N-120 (PK 160.6 a 163.4)
Girona,N-2,750.3,754.0,19406.0,2126.0,10.96,N-2 (PK 750.3 a 754.0)
Zaragoza,N-211,312.8,318.4,3595.0,393.0,10.93,N-211 (PK 312.8 a 318.4)
Valencia,N-220,0.0,1.7,40528.0,2532.0,6.25,N-220 (PK 0.0 a 1.7)
Girona,N-260,83.93,85.35,13764.0,791.0,5.75,N-260 (PK 83.93 a 85.35)
Cuenca,N-320,136425,137.3,5375.0,722.0,13.43,N-320 (PK 136.425 a 137.3)
Cuenca,N-320,134.7,136425,4780.0,433.0,9.06,N-320 (PK 134.7 a 136.425)
Granada,N-323A,463.8,465543,770.0,75.0,9.74,N-323A (PK 463.8 a 465.543)
Castellón,N-340,1043.6,1050.1,9817.0,889.0,9.06,N-340 (PK 1043.6 a 1050.1)
Murcia,N-344,8.64,9.6,26120.0,1541.0,5.9,N-344 (PK 8.64 a 9.6)
Sevilla,N-4,579.3,585.5,1676.0,390.0,23.27,N-4 (PK 579.3 a 585.5)
Toledo,N-401,136.3,144.0,2981.0,363.0,12.18,N-401 (PK 136.3 a 144.0)
Huelva,N-435,104.33,107.3,1501.0,219.0,14.59,N-435 (PK 104.33 a 107.3)
Pontevedra,N-525,318.8,321.31,5560.0,1011.0,18.18,N-525 (PK 318.8 a 321.31)
Burgos,N-622,68.8,73.09,411.0,76.0,18.49,N-622 (PK 68.8 a 73.09)
Burgos,N-627,32.9,37.7,3608.0,862.0,23.89,N-627 (PK 32.9 a 37.7)
Segovia,A-1,133.5,136.8,20531.0,3226.0,15.71,A-1 (PK 133.5 a 136.8)
Cuenca,A-3,165.4,167.4,27487.0,4712.0,17.14,A-3 (PK 165.4 a 167.4)
Cuenca,A-40,305.0,308.7,9259.0,826.0,8.92,A-40 (PK 305.0 a 308.7)
Burgos,A-62,31.5,38.8,17067.0,5107.0,29.92,A-62 (PK 31.5 a 38.8)
Asturias,A-66,28.7,31.0,53267.0,3893.0,7.31,A-66 (PK 28.7 a 31.0)
Soria,N-111,183.2,184.9,92.0,8.0,8.7,N-111 (PK 183.2 a 184.9)
Girona,N-260,175.1,176.6,270.0,12.0,4.44,N-260 (PK 175.1 a 176.6)
Huesca,N-260,383.8,385.8,1417.0,80.0,5.65,N-260 (PK 383.8 a 385.8)
Murcia,N-301,337.54,341.1,902.0,44.0,4.88,N-301 (PK 337.54 a 341.1)
Albacete,N-322,375.3,381.4,5478.0,803.0,14.66,N-322 (PK 375.3 a 381.4)
Huesca,N-330,545.1,552425,368.0,48.0,13.04,N-330 (PK 545.1 a 552.425)
Ávila,N-403,132.0,134.1,4731.0,354.0,7.48,N-403 (PK 132.0 a 134.1)
Cuenca,N-420,434.86,440.2,3181.0,263.0,8.27,N-420 (PK 434.86 a 440.2)
Teruel,N-420,607.1,611.9,2224.0,368.0,16.55,N-420 (PK 607.1 a 611.9)
Cáceres,N-521,137.9,141.8,2633.0,193.0,7.33,N-521 (PK 137.9 a 141.8)
Ourense,N-525,149.5,153.2,555.0,53.0,9.55,N-525 (PK 149.5 a 153.2)
A Coruña,N-550,17.5,20.2,3948.0,393.0,9.95,N-550 (PK 17.5 a 20.2)
León,N-6,390.4,397.1,7356.0,308.0,4.19,N-6 (PK 390.4 a 397.1)
Palencia,N-611,104.4,107.5,2806.0,187.0,6.66,N-611 (PK 104.4 a 107.5)
Palencia,N-611A,113.6,116.3,637.0,35.0,5.49,N-611A (PK 113.6 a 116.3)
Burgos,N-629,20.5,23.8,2696.0,255.0,9.46,N-629 (PK 20.5 a 23.8)
Zaragoza,Z-40,14.4,19.8,37470.0,2987.0,7.97,Z-40 (PK 14.4 a 19.8)
Albacete,A-30,56.1,62.6,14695.0,3250.0,22.12,A-30 (PK 56.1 a 62.6)
Toledo,A-42,50.8,55.1,44427.0,4384.0,9.87,A-42 (PK 50.8 a 55.1)
Albacete,A-43,132.8,141073,13300.0,4180.0,31.43,A-43 (PK 132.8 a 141.073)
Cuenca,A-43,154.5,161.5,7316.0,2928.0,40.02,A-43 (PK 154.5 a 161.5)
Toledo,A-5,101.2,106.0,34751.0,4538.0,13.06,A-5 (PK 101.2 a 106.0)
Cáceres,A-5,287.5,294.3,11745.0,2033.0,17.31,A-5 (PK 287.5 a 294.3)
Lugo,A-6,488.5,493.4,15449.0,2782.0,18.01,A-6 (PK 488.5 a 493.4)
Sevilla,A-66,803.8,809.1,49030.0,4877.0,9.95,A-66 (PK 803.8 a 809.1)
Valencia,N-225,7.0,9.3,6130.0,890.0,14.52,N-225 (PK 7.0 a 9.3)
La Rioja,N-232,347.3,351.4,7571.0,900.0,11.89,N-232 (PK 347.3 a 351.4)
Huesca,N-240,205.35,210.3,8778.0,1035.0,11.79,N-240 (PK 205.35 a 210.3)
Huesca,N-330,636.0,641.1,570.0,56.0,9.82,N-330 (PK 636.0 a 641.1)
Toledo,N-401,83.3,88.0,3460.0,605.0,17.49,N-401 (PK 83.3 a 88.0)
Huelva,N-433,84.0,86.4,6560.0,455.0,6.94,N-433 (PK 84.0 a 86.4)
Huelva,N-433,98.4,100.7,4673.0,606.0,12.97,N-433 (PK 98.4 a 100.7)
Ourense,N-525,204.0,207.7,2148.0,98.0,4.56,N-525 (PK 204.0 a 207.7)
Pontevedra,N-525,294.8,297.6,9982.0,984.0,9.86,N-525 (PK 294.8 a 297.6)
Cantabria,N-611,179.0,180.1,2951.0,528.0,17.89,N-611 (PK 179.0 a 180.1)
Burgos,N-623,52.6,56.8,1088.0,59.0,5.42,N-623 (PK 52.6 a 56.8)
Cáceres,N-630,528.3,539.2,1413.0,80.0,5.66,N-630 (PK 528.3 a 539.2)
Asturias,N-634,439.2,442.0,2287.0,192.0,8.4,N-634 (PK 439.2 a 442.0)
Toledo,TO-22,8.3,10.9,1204.0,48.0,3.99,TO-22 (PK 8.3 a 10.9)
Valencia,A-7,310.9,313.6,86905.0,22208.0,25.55,A-7 (PK 310.9 a 313.6)
Málaga,A-7,1078.4,1080.5,32753.0,2756.0,8.41,A-7 (PK 1078.4 a 1080.5)
Madrid,A-1,85.4,87.5,25232.0,4171.0,16.53,A-1 (PK 85.4 a 87.5)
Alicante/Alacant,A-31,216.5,217.9,49040.0,6236.0,12.72,A-31 (PK 216.5 a 217.9)
Pontevedra,A-52,267.11,271.0,18370.0,2447.0,13.32,A-52 (PK 267.11 a 271.0)
Asturias,A-63,9.0,13.1,12838.0,706.0,5.5,A-63 (PK 9.0 a 13.1)
Asturias,A-8,473.8,477.0,14004.0,1744.0,12.45,A-8 (PK 473.8 a 477.0)
Lugo,A-8,563.0,569.5,8281.0,1292.0,15.6,A-8 (PK 563.0 a 569.5)
Granada,GR-30,5389,5917,49748.0,1924.0,3.87,GR-30 (PK 5.389 a 5.917)
Granada,GR-30,5917,7933,76760.0,3647.0,4.75,GR-30 (PK 5.917 a 7.933)
Huelva,H-30,0.3,3.2,14604.0,891.0,6.1,H-30 (PK 0.3 a 3.2)
Segovia,N-110,177355,180.7,3505.0,168.0,4.79,N-110 (PK 177.355 a 180.7)
Segovia,N-110,172.6,177355,4156.0,353.0,8.49,N-110 (PK 172.6 a 177.355)
Teruel,N-232,170.1,178.6,3861.0,618.0,16.01,N-232 (PK 170.1 a 178.6)
Huesca,N-240,118.41,121.0,824.0,156.0,18.93,N-240 (PK 118.41 a 121.0)
Huesca,N-260,476.8,480.6,3247.0,136.0,4.19,N-260 (PK 476.8 a 480.6)
Cuenca,N-301,151.5,154.0,3772.0,1369.0,36.29,N-301 (PK 151.5 a 154.0)
Ciudad Real,N-310,83.0,84.9,5338.0,605.0,11.33,N-310 (PK 83.0 a 84.9)
Guadalajara,N-320,309.9,313.8,8205.0,563.0,6.86,N-320 (PK 309.9 a 313.8)
Huesca,N-330A,643.21,645.69,4880.0,636.0,13.03,N-330A (PK 643.21 a 645.69)
Almería,N-340A,510.2,511.3,2065.0,1066.0,51.62,N-340A (PK 510.2 a 511.3)
Córdoba,N-432,200.7,208.3,4532.0,546.0,12.05,N-432 (PK 200.7 a 208.3)
Ourense,N-525,233.08,236.1,20919.0,1068.0,5.11,N-525 (PK 233.08 a 236.1)
Asturias,N-634,423.8,425.6,2287.0,192.0,8.4,N-634 (PK 423.8 a 425.6)
A Coruña,N-634A,688755,690.76,764.0,189.0,24.74,N-634A (PK 688.755 a 690.76)
Pontevedra,N-640,233.0,237.4,12263.0,1511.0,12.32,N-640 (PK 233.0 a 237.4)
La Rioja,A-12,101.8,107.9,14334.0,1844.0,12.86,A-12 (PK 101.8 a 107.9)
Toledo,A-40,137.99,141.07,1632.0,108.0,6.62,A-40 (PK 137.99 a 141.07)
Córdoba,A-45,43.5,48.2,18130.0,1904.0,10.5,A-45 (PK 43.5 a 48.2)
Madrid,A-6,17.3,21.7,127292.0,5697.0,4.48,A-6 (PK 17.3 a 21.7)
A Coruña,FE-11,1.0,4.1,5217.0,72.0,1.38,FE-11 (PK 1.0 a 4.1)
Ávila,N-110,336.4,339.2,2316.0,176.0,7.6,N-110 (PK 336.4 a 339.2)
Segovia,N-110A,97.0,100.15,1270.0,180.0,14.17,N-110A (PK 97.0 a 100.15)
Soria,N-122,114.8,115.3,3938.0,1168.0,29.66,N-122 (PK 114.8 a 115.3)
Guadalajara,N-204,52.0,54.9,2093.0,179.0,8.55,N-204 (PK 52.0 a 54.9)
Teruel,N-234,182.6,185.3,1761.0,159.0,9.03,N-234 (PK 182.6 a 185.3)
Burgos,N-234,449.7,454.1,3558.0,582.0,16.36,N-234 (PK 449.7 a 454.1)
Burgos,N-234,456.9,464.0,3558.0,582.0,16.36,N-234 (PK 456.9 a 464.0)
Jaén,N-322,124.6,127.1,1114.0,100.0,8.98,N-322 (PK 124.6 a 127.1)
Almería,N-340A,550.9,553.0,4040.0,506.0,12.52,N-340A (PK 550.9 a 553.0)
Albacete,N-430A,589.82,595.62,2365.0,143.0,6.05,N-430A (PK 589.82 a 595.62)
Lugo,N-6,540.8,546.45,1549.0,134.0,8.65,N-6 (PK 540.8 a 546.45)
Badajoz,N-630,598145,604.6,249.0,17.0,6.83,N-630 (PK 598.145 a 604.6)
Asturias,N-632,39.4,42.0,456.0,44.0,9.65,N-632 (PK 39.4 a 42.0)
Almería,A-7,758.2,762.1,31019.0,4359.0,14.05,A-7 (PK 758.2 a 762.1)
Huesca,A-2,432.7,436.2,6176.0,1766.0,28.59,A-2 (PK 432.7 a 436.2)
Toledo,A-42,59.3,64.6,40324.0,2419.0,6.0,A-42 (PK 59.3 a 64.6)
Toledo,A-5,156.7,162.7,19673.0,3199.0,16.26,A-5 (PK 156.7 a 162.7)
Pontevedra,A-55,26.5,28.9,34915.0,3363.0,9.63,A-55 (PK 26.5 a 28.9)
Cáceres,A-58,21.0,34.4,5972.0,302.0,5.06,A-58 (PK 21.0 a 34.4)
Valladolid,A-6,201.5,202.5,18882.0,3669.0,19.43,A-6 (PK 201.5 a 202.5)
Zaragoza,A-68,249.0,255.4,40190.0,8105.0,20.17,A-68 (PK 249.0 a 255.4)
Madrid,N-1A,74.1,76.9,3464.0,126.0,3.64,N-1A (PK 74.1 a 76.9)
Zaragoza,N-2,344.6,353.4,2197.0,963.0,43.83,N-2 (PK 344.6 a 353.4)
Girona,N-2,739.5,742.9,5730.0,328.0,5.72,N-2 (PK 739.5 a 742.9)
Girona,N-2,759.7,762.2,14914.0,2030.0,13.61,N-2 (PK 759.7 a 762.2)
Valencia,N-225A,5002,6.0,68.0,3.0,4.41,N-225A (PK 5.002 a 6.0)
Huesca,N-240,175.6,180.4,185.0,21.0,11.35,N-240 (PK 175.6 a 180.4)
Albacete,N-301,304.2,308.8,4097.0,203.0,4.95,N-301 (PK 304.2 a 308.8)
Zaragoza,N-330,471.1,475.6,392.0,147.0,37.5,N-330 (PK 471.1 a 475.6)
Valencia,N-332R,250837,253.5,8011.0,604.0,7.54,N-332R (PK 250.837 a 253.5)
Alicante/Alacant,N-338,1552,3.1,41857.0,2107.0,5.03,N-338 (PK 1.552 a 3.1)
Alicante/Alacant,N-338,0.0,1552,32917.0,1498.0,4.55,N-338 (PK 0.0 a 1.552)
Alicante/Alacant,N-340,709.98,712.5,18316.0,827.0,4.52,N-340 (PK 709.98 a 712.5)
Tarragona,N-340A,1082.9,1083.3,15033.0,900.0,5.99,N-340A (PK 1082.9 a 1083.3)
Cuenca,N-420,354.5,359.8,776.0,87.0,11.21,N-420 (PK 354.5 a 359.8)
Huelva,N-435,171.4,175.0,5207.0,594.0,11.41,N-435 (PK 171.4 a 175.0)
A Coruña,N-550,23.4,26.7,3948.0,393.0,9.95,N-550 (PK 23.4 a 26.7)
Asturias,N-621,176.0,179.0,4684.0,273.0,5.83,N-621 (PK 176.0 a 179.0)
León,N-625,122.4,124.8,760.0,26.0,3.42,N-625 (PK 122.4 a 124.8)
Cantabria,N-629,72.0,72.5,6070.0,271.0,4.46,N-629 (PK 72.0 a 72.5)
Asturias,N-632,63.3,65.0,331.0,33.0,9.97,N-632 (PK 63.3 a 65.0)
Asturias,N-634,397.8,400.0,14341.0,1036.0,7.22,N-634 (PK 397.8 a 400.0)
Asturias,N-634,418.7,421.6,2287.0,192.0,8.4,N-634 (PK 418.7 a 421.6)
Tarragona,T-11,9.3,9.8,50896.0,3707.0,7.28,T-11 (PK 9.3 a 9.8)
Castellón,A-7,276.7,281.5,36294.0,5248.0,14.46,A-7 (PK 276.7 a 281.5)
Valencia,A-3,274.1,277.2,24919.0,6853.0,27.5,A-3 (PK 274.1 a 277.2)
Albacete,A-30,12.0,16.3,16580.0,3084.0,18.6,A-30 (PK 12.0 a 16.3)
León,A-6,400.3,406.4,11222.0,4027.0,35.88,A-6 (PK 400.3 a 406.4)
Lugo,A-6,528.8,534.7,18945.0,3449.0,18.21,A-6 (PK 528.8 a 534.7)
Asturias,A-66,31.0,35.2,34462.0,2613.0,7.58,A-66 (PK 31.0 a 35.2)
La Rioja,N-111,293.0,295.5,2679.0,376.0,14.04,N-111 (PK 293.0 a 295.5)
Huesca,N-123,11.7,14.6,4358.0,431.0,9.89,N-123 (PK 11.7 a 14.6)
Soria,N-2,150.6,151.1,730.0,179.0,24.52,N-2 (PK 150.6 a 151.1)
Zaragoza,N-2,221.6,227.8,1449.0,49.0,3.38,N-2 (PK 221.6 a 227.8)
Girona,N-2,755.43,759257,17093.0,1705.0,9.97,N-2 (PK 755.43 a 759.257)
Almería,N-340A,547.77,550.9,4040.0,506.0,12.52,N-340A (PK 547.77 a 550.9)
Cuenca,N-400,103.6,109.2,137.0,15.0,10.95,N-400 (PK 103.6 a 109.2)
Teruel,N-420,618.7,625.0,2255.0,354.0,15.7,N-420 (PK 618.7 a 625.0)
Cáceres,N-630,427.5,432.6,1784.0,185.0,10.37,N-630 (PK 427.5 a 432.6)
Pontevedra,N-640,225.35,229.2,9564.0,586.0,6.13,N-640 (PK 225.35 a 229.2)
Valencia,A-7,320.7,323.5,119357.0,19636.0,16.45,A-7 (PK 320.7 a 323.5)
Alicante/Alacant,A-7,441.4,443.6,17117.0,1621.0,9.47,A-7 (PK 441.4 a 443.6)
Ourense,A-52,150.1,155.4,11602.0,2516.0,21.69,A-52 (PK 150.1 a 155.4)
León,A-66R,149.43,150375,280.0,46.0,16.43,A-66R (PK 149.43 a 150.375)
Teruel,N-211,189.9,193.6,1674.0,432.0,25.81,N-211 (PK 189.9 a 193.6)
La Rioja,N-232,461.5,463.5,3889.0,752.0,19.34,N-232 (PK 461.5 a 463.5)
Huesca,N-240,160.8,165.4,4972.0,317.0,6.38,N-240 (PK 160.8 a 165.4)
Albacete,N-322,354.5,356.4,7142.0,1108.0,15.51,N-322 (PK 354.5 a 356.4)
Cádiz,N-340,123.8,127.2,1363.0,73.0,5.36,N-340 (PK 123.8 a 127.2)
Cádiz,N-350,0.0,1.2,18032.0,1098.0,6.09,N-350 (PK 0.0 a 1.2)
Badajoz,N-430,193.1,202.3,2300.0,489.0,21.26,N-430 (PK 193.1 a 202.3)
Cáceres,N-521,143.0,149.4,1654.0,121.0,7.32,N-521 (PK 143.0 a 149.4)
Zamora,N-525,54.0,56.0,1081.0,105.0,9.71,N-525 (PK 54.0 a 56.0)
Ourense,N-544,0.0,1.81,6727.0,434.0,6.45,N-544 (PK 0.0 a 1.81)
Cantabria,N-611,139.62,140.2,624.0,35.0,5.61,N-611 (PK 139.62 a 140.2)
Cantabria,N-611,149.4,150.0,624.0,35.0,5.61,N-611 (PK 149.4 a 150.0)
Zamora,N-630,272.1,272471,1345.0,157.0,11.67,N-630 (PK 272.1 a 272.471)
Badajoz,N-630,722.8,729.7,500.0,92.0,18.4,N-630 (PK 722.8 a 729.7)
Badajoz,N-630,730.4,738.4,134.0,24.0,17.91,N-630 (PK 730.4 a 738.4)
Asturias,N-632,99.0,102.2,20478.0,590.0,2.88,N-632 (PK 99.0 a 102.2)
Cantabria,N-634,184.8,185.2,7276.0,392.0,5.39,N-634 (PK 184.8 a 185.2)
Cantabria,N-635,7.7,8.1,5606.0,521.0,9.29,N-635 (PK 7.7 a 8.1)
Huesca,A-22,81.4,88.8,10314.0,1457.0,14.13,A-22 (PK 81.4 a 88.8)
Albacete,A-30,0.28,4.0,14664.0,3311.0,22.58,A-30 (PK 0.28 a 4.0)
Granada,A-44,152.4,156.5,33651.0,2340.0,6.95,A-44 (PK 152.4 a 156.5)
Cantabria,A-8,225.0,228.4,30734.0,3576.0,11.64,A-8 (PK 225.0 a 228.4)
A Coruña,FE-15,0.0,3.0,6790.0,380.0,5.6,FE-15 (PK 0.0 a 3.0)
Granada,GR-30,9245,12505,132004.0,4496.0,3.41,GR-30 (PK 9.245 a 12.505)
Burgos,N-120,134.6,139.5,1100.0,95.0,8.64,N-120 (PK 134.6 a 139.5)
Lugo,N-120,483.9,488.6,3185.0,510.0,16.01,N-120 (PK 483.9 a 488.6)
Lugo,N-120,495.9,500.67,3185.0,510.0,16.01,N-120 (PK 495.9 a 500.67)
Castellón,N-234,57.18,59.3,2298.0,598.0,26.02,N-234 (PK 57.18 a 59.3)
Teruel,N-234,156.4,166.3,647.0,170.0,26.28,N-234 (PK 156.4 a 166.3)
Burgos,N-234,443.2,447.4,3810.0,545.0,14.3,N-234 (PK 443.2 a 447.4)
Huesca,N-330,564.0,567853,514.0,66.0,12.84,N-330 (PK 564.0 a 567.853)
Alicante/Alacant,N-340,712.5,716.2,27548.0,922.0,3.35,N-340 (PK 712.5 a 716.2)
Ciudad Real,N-401,165.1,170.7,6668.0,373.0,5.59,N-401 (PK 165.1 a 170.7)
Toledo,N-403,51.9,55.9,3649.0,393.0,10.77,N-403 (PK 51.9 a 55.9)
Badajoz,N-430,154.3,166.6,1617.0,700.0,43.29,N-430 (PK 154.3 a 166.6)
Badajoz,N-432,39.9,51.2,3791.0,474.0,12.5,N-432 (PK 39.9 a 51.2)
Cáceres,N-521,30.8,37.7,78.0,2.0,2.56,N-521 (PK 30.8 a 37.7)
Valladolid,N-601,260.2,261.2,4812.0,1385.0,28.78,N-601 (PK 260.2 a 261.2)
Asturias,N-632A,127.4,129.2,177.0,8.0,4.52,N-632A (PK 127.4 a 129.2)
Asturias,N-634,390.4,393.2,14341.0,1036.0,7.22,N-634 (PK 390.4 a 393.2)
Valencia,V-31R,2.0,3.33,25945.0,2282.0,8.8,V-31R (PK 2.0 a 3.33)
Pontevedra,VG-20,2.08,5.0,29266.0,1298.0,4.44,VG-20 (PK 2.08 a 5.0)
Alicante/Alacant,A-7,479.6,481.5,25794.0,1869.0,7.25,A-7 (PK 479.6 a 481.5)
Murcia,A-7,591.2,593.4,47897.0,8682.0,18.13,A-7 (PK 591.2 a 593.4)
Castellón,A-23,36.8,41.2,14372.0,3752.0,26.11,A-23 (PK 36.8 a 41.2)
Valencia,A-33,85.3,89.2,21539.0,8185.0,38.0,A-33 (PK 85.3 a 89.2)
Madrid,A-42,19.3,23.2,73397.0,7047.0,9.6,A-42 (PK 19.3 a 23.2)
Cuenca,A-43,171.7,175.11,7316.0,2928.0,40.02,A-43 (PK 171.7 a 175.11)
Ávila,A-50,35.3,46.0,8322.0,1316.0,15.81,A-50 (PK 35.3 a 46.0)
León,A-66,143.1,148.7,12126.0,2114.0,17.43,A-66 (PK 143.1 a 148.7)
Zamora,A-66,275.6,275.9,10938.0,1384.0,12.65,A-66 (PK 275.6 a 275.9)
Guadalajara,N-211,55.9,60.0,2653.0,483.0,18.21,N-211 (PK 55.9 a 60.0)
Teruel,N-232A,134.5,136.77,6036.0,543.0,9.0,N-232A (PK 134.5 a 136.77)
Teruel,N-234,119.2,120.7,9447.0,727.0,7.7,N-234 (PK 119.2 a 120.7)
Zaragoza,N-234,217.9,221.0,1580.0,172.0,10.89,N-234 (PK 217.9 a 221.0)
Guadalajara,N-320,293.5,297.4,7094.0,483.0,6.81,N-320 (PK 293.5 a 297.4)
Madrid,N-320,334.7,337.8,7111.0,541.0,7.61,N-320 (PK 334.7 a 337.8)
Cádiz,N-340,10.29,15.43,4421.0,238.0,5.38,N-340 (PK 10.29 a 15.43)
Alicante/Alacant,N-340,694.1,695.7,7406.0,1063.0,14.35,N-340 (PK 694.1 a 695.7)
Córdoba,N-4,381909,389.4,3668.0,209.0,5.7,N-4 (PK 381.909 a 389.4)
Toledo,N-400,55.3,56554,4300.0,197.0,4.58,N-400 (PK 55.3 a 56.554)
Cuenca,N-420,502.4,507.3,774.0,99.0,12.79,N-420 (PK 502.4 a 507.3)
Valencia,N-420,536.2,538.1,839.0,108.0,12.87,N-420 (PK 536.2 a 538.1)
Huelva,N-433,70.6,73.1,2257.0,156.0,6.91,N-433 (PK 70.6 a 73.1)
Huelva,N-435,201.0,203.0,8150.0,709.0,8.7,N-435 (PK 201.0 a 203.0)
Cáceres,N-630,565.3,575.6,643.0,38.0,5.91,N-630 (PK 565.3 a 575.6)
Lugo,N-640,36.2,38.6,1407.0,142.0,10.09,N-640 (PK 36.2 a 38.6)
Castellón,A-7,274.01,276.7,21817.0,4236.0,19.42,A-7 (PK 274.01 a 276.7)
Alicante/Alacant,A-7,448.4,452.9,19783.0,1730.0,8.74,A-7 (PK 448.4 a 452.9)
Madrid,A-1,12.0,14.0,207675.0,6921.0,3.33,A-1 (PK 12.0 a 14.0)
Murcia,A-30,110.0,115.0,42772.0,6692.0,15.65,A-30 (PK 110.0 a 115.0)
Jaén,A-32,15.3,21.8,7386.0,704.0,9.53,A-32 (PK 15.3 a 21.8)
Jaén,A-44,39.8,46.5,24280.0,4032.0,16.61,A-44 (PK 39.8 a 46.5)
Toledo,A-5,78.3,86.3,35414.0,4557.0,12.87,A-5 (PK 78.3 a 86.3)
Toledo,A-5,87.5,95.9,35414.0,4557.0,12.87,A-5 (PK 87.5 a 95.9)
León,A-6,325.7,329.5,12920.0,3018.0,23.36,A-6 (PK 325.7 a 329.5)
Palencia,A-62,89.9,92015,35281.0,6667.0,18.9,A-62 (PK 89.9 a 92.015)
Palencia,A-62,92015,96165,32476.0,6650.0,20.48,A-62 (PK 92.015 a 96.165)
Palencia,A-62,96165,100.87,30961.0,6521.0,21.06,A-62 (PK 96.165 a 100.87)
Cáceres,A-66,507.7,522.4,15167.0,2910.0,19.19,A-66 (PK 507.7 a 522.4)
Asturias,A-8,277.3,285.0,15277.0,1652.0,10.81,A-8 (PK 277.3 a 285.0)
Asturias,A-8,293.9,300.0,14663.0,1943.0,13.25,A-8 (PK 293.9 a 300.0)
Asturias,A-8,305.5,311.8,17510.0,1980.0,11.31,A-8 (PK 305.5 a 311.8)
Barcelona,B-30,0.0,0.5,65202.0,3970.0,6.09,B-30 (PK 0.0 a 0.5)
Cádiz,CA-36,2.06,5.47,19133.0,983.0,5.14,CA-36 (PK 2.06 a 5.47)
La Rioja,N-120,17.8,21.6,1456.0,113.0,7.76,N-120 (PK 17.8 a 21.6)
Soria,N-122,207.7,211.6,4230.0,1361.0,32.17,N-122 (PK 207.7 a 211.6)
Girona,N-2,776.7,779.59,9139.0,482.0,5.27,N-2 (PK 776.7 a 779.59)
Huesca,N-260,480.6,487286,3247.0,136.0,4.19,N-260 (PK 480.6 a 487.286)
Albacete,N-322,412.3,417.5,1385.0,224.0,16.17,N-322 (PK 412.3 a 417.5)
Albacete,N-330,93.46,99056,2648.0,206.0,7.78,N-330 (PK 93.46 a 99.056)
Cádiz,N-340,36.7,44.1,4256.0,201.0,4.72,N-340 (PK 36.7 a 44.1)
Murcia,N-344,92.2,96.75,2870.0,289.0,10.07,N-344 (PK 92.2 a 96.75)
Ávila,N-403,83.2,88.5,6701.0,324.0,4.84,N-403 (PK 83.2 a 88.5)
Huelva,N-431,79.8,81.9,4346.0,490.0,11.27,N-431 (PK 79.8 a 81.9)
Córdoba,N-432,308.0,312.3,5301.0,592.0,11.17,N-432 (PK 308.0 a 312.3)
Jaén,N-432,371.0,374.3,4654.0,493.0,10.59,N-432 (PK 371.0 a 374.3)
Pontevedra,N-525,314.1,318.8,5560.0,1011.0,18.18,N-525 (PK 314.1 a 318.8)
Pontevedra,N-550,142.7,147.0,9737.0,1129.0,11.59,N-550 (PK 142.7 a 147.0)
Palencia,N-611,74.1,81.7,705.0,137.0,19.43,N-611 (PK 74.1 a 81.7)
Asturias,N-630,43.4,45.8,5436.0,448.0,8.24,N-630 (PK 43.4 a 45.8)
Almería,A-7,809.2,814.8,48998.0,4768.0,9.73,A-7 (PK 809.2 a 814.8)
Madrid,A-3,62.0,67.8,34308.0,4866.0,14.18,A-3 (PK 62.0 a 67.8)
Jaén,A-4,323.2,328.8,19782.0,5572.0,28.17,A-4 (PK 323.2 a 328.8)
Lugo,A-6,510.1,516.4,19780.0,2983.0,15.08,A-6 (PK 510.1 a 516.4)
Asturias,A-66,25.0,27146,36429.0,2864.0,7.86,A-66 (PK 25.0 a 27.146)
Asturias,A-66,27146,28.7,62521.0,3957.0,6.33,A-66 (PK 27.146 a 28.7)
Asturias,A-8,300.0,305.5,14663.0,1943.0,13.25,A-8 (PK 300.0 a 305.5)
Murcia,CT-31,1.0,2349,9698.0,2061.0,21.25,CT-31 (PK 1.0 a 2.349)
A Coruña,FE-14,1.3,4059,22223.0,249.0,1.12,FE-14 (PK 1.3 a 4.059)
A Coruña,FE-14,4059,4.8,16813.0,258.0,1.53,FE-14 (PK 4.059 a 4.8)
Asturias,GJ-10,2.7,4.2,29888.0,2474.0,8.28,GJ-10 (PK 2.7 a 4.2)
Pontevedra,N-120,614.2,618.5,620.0,31.0,5.0,N-120 (PK 614.2 a 618.5)
Soria,N-2,149.8,150.6,730.0,179.0,24.52,N-2 (PK 149.8 a 150.6)
Guadalajara,N-211,50.4,55.9,2653.0,483.0,18.21,N-211 (PK 50.4 a 55.9)
Castellón,N-232,12.2,15.9,11275.0,1898.0,16.83,N-232 (PK 12.2 a 15.9)
Lleida,N-260,280.2,280.8,3522.0,158.0,4.49,N-260 (PK 280.2 a 280.8)
Granada,N-323,193362,194.02,5172.0,478.0,9.24,N-323 (PK 193.362 a 194.02)
Granada,N-323,190.3,193362,4633.0,689.0,14.87,N-323 (PK 190.3 a 193.362)
Ciudad Real,N-401,149.1,155.8,2752.0,153.0,5.56,N-401 (PK 149.1 a 155.8)
Toledo,N-401A,96.49,99.35,5439.0,951.0,17.48,N-401A (PK 96.49 a 99.35)
Ciudad Real,N-420,139.9,144.7,2682.0,416.0,15.51,N-420 (PK 139.9 a 144.7)
Granada,N-432,410.7,413.1,8154.0,1452.0,17.81,N-432 (PK 410.7 a 413.1)
Lugo,N-6,523.9,528.8,1587.0,179.0,11.28,N-6 (PK 523.9 a 528.8)
Cantabria,N-621,140.6,141.0,922.0,46.0,4.99,N-621 (PK 140.6 a 141.0)
Huelva,N-630,745.8,748.2,249.0,8.0,3.21,N-630 (PK 745.8 a 748.2)
Asturias,N-634,297.4,299.7,956.0,50.0,5.23,N-634 (PK 297.4 a 299.7)
Lugo,N-640,40.2,42.7,1416.0,147.0,10.38,N-640 (PK 40.2 a 42.7)
Pontevedra,N-640A,233.4,237.2,11319.0,693.0,6.12,N-640A (PK 233.4 a 237.2)
Castellón,A-7,281.5,283.5,36294.0,5248.0,14.46,A-7 (PK 281.5 a 283.5)
Murcia,A-7,555.6,559.0,55706.0,8328.0,14.95,A-7 (PK 555.6 a 559.0)
Jaén,A-32,75.85,79.7,4422.0,559.0,12.64,A-32 (PK 75.85 a 79.7)
Valencia,A-3,348.1,352.05,67426.0,12817.0,19.01,A-3 (PK 348.1 a 352.05)
Córdoba,A-4,377.3,382.5,25162.0,4606.0,18.31,A-4 (PK 377.3 a 382.5)
Ciudad Real,A-43,4.0,9.1,14216.0,1465.0,10.31,A-43 (PK 4.0 a 9.1)
Ciudad Real,A-43,94.7,106905,9062.0,4076.0,44.98,A-43 (PK 94.7 a 106.905)
Toledo,A-5,147.7,151.6,22220.0,3959.0,17.82,A-5 (PK 147.7 a 151.6)
Lugo,A-54,34.0,38.1,5902.0,766.0,12.98,A-54 (PK 34.0 a 38.1)
Sevilla,A-66,797.0,803.8,32529.0,3494.0,10.74,A-66 (PK 797.0 a 803.8)
Lugo,N-120A,528.3,531.9,1280.0,114.0,8.91,N-120A (PK 528.3 a 531.9)
Burgos,N-232,487.9,492.1,977.0,154.0,15.76,N-232 (PK 487.9 a 492.1)
Castellón,N-234,25.69,27.13,147.0,38.0,25.85,N-234 (PK 25.69 a 27.13)
Soria,N-234,308.0,309.0,1590.0,340.0,21.38,N-234 (PK 308.0 a 309.0)
Albacete,N-310,136.5,145.0,2064.0,216.0,10.47,N-310 (PK 136.5 a 145.0)
Huesca,N-330A,673.3,675.18,344.0,16.0,4.65,N-330A (PK 673.3 a 675.18)
Valencia,N-332,221.9,223.3,19102.0,1741.0,9.11,N-332 (PK 221.9 a 223.3)
Córdoba,N-432A,238.8,241.9,40.0,6.0,15.0,N-432A (PK 238.8 a 241.9)
Pontevedra,N-525,291.15,294.8,9982.0,984.0,9.86,N-525 (PK 291.15 a 294.8)
Ourense,N-536,48.7,51.96,2526.0,87.0,3.44,N-536 (PK 48.7 a 51.96)
Burgos,N-622,62.8,68.8,411.0,76.0,18.49,N-622 (PK 62.8 a 68.8)
Sevilla,N-630,801.35,805.2,3620.0,312.0,8.62,N-630 (PK 801.35 a 805.2)
Cantabria,N-634,138.7,139.2,1131.0,30.0,2.65,N-634 (PK 138.7 a 139.2)
A Coruña,N-655,0.0,4.7,1470.0,46.0,3.13,N-655 (PK 0.0 a 4.7)
Murcia,A-7,611.4,616.2,29379.0,7562.0,25.74,A-7 (PK 611.4 a 616.2)
Almería,A-7,769.4,773.5,31019.0,4359.0,14.05,A-7 (PK 769.4 a 773.5)
Ciudad Real,A-43,90.9,94.7,7464.0,2887.0,38.68,A-43 (PK 90.9 a 94.7)
Málaga,A-45,92.5,98.0,15915.0,2132.0,13.4,A-45 (PK 92.5 a 98.0)
Asturias,A-63,0.5,4.1,23464.0,1206.0,5.14,A-63 (PK 0.5 a 4.1)
Palencia,A-67,38.8,50.6,7044.0,699.0,9.92,A-67 (PK 38.8 a 50.6)
Burgos,N-120,150.5,160.6,473.0,54.0,11.42,N-120 (PK 150.5 a 160.6)
Teruel,N-232,178.6,180.7,3861.0,618.0,16.01,N-232 (PK 178.6 a 180.7)
Soria,N-234,325.2,325.7,2509.0,228.0,9.09,N-234 (PK 325.2 a 325.7)
Tarragona,N-240,47.1,47.7,2317.0,146.0,6.3,N-240 (PK 47.1 a 47.7)
Huesca,N-240,296.7,303.0,621.0,73.0,11.76,N-240 (PK 296.7 a 303.0)
Cuenca,N-3,194.4,199.2,2519.0,947.0,37.59,N-3 (PK 194.4 a 199.2)
Guadalajara,N-320,241.2,248.5,5011.0,369.0,7.36,N-320 (PK 241.2 a 248.5)
Barcelona,N-340,1215.5,1216.0,22761.0,2086.0,9.16,N-340 (PK 1215.5 a 1216.0)
Almería,N-340A,480.4,488.8,2611.0,494.0,18.92,N-340A (PK 480.4 a 488.8)
Córdoba,N-432,328.5,333.7,2231.0,383.0,17.17,N-432 (PK 328.5 a 333.7)
Huelva,N-435,148.6,151.1,1645.0,286.0,17.39,N-435 (PK 148.6 a 151.1)
Huelva,N-446,0.0,1.87,4588.0,214.0,4.66,N-446 (PK 0.0 a 1.87)
Asturias,N-634,425.6,429.0,2287.0,192.0,8.4,N-634 (PK 425.6 a 429.0)
Valencia,V-30,14.2,16.3,66253.0,7474.0,11.28,V-30 (PK 14.2 a 16.3)
Soria,A-2,145.2,149.9,19348.0,6749.0,34.88,A-2 (PK 145.2 a 149.9)
Zaragoza,A-2,203.9,210.6,16358.0,5330.0,32.58,A-2 (PK 203.9 a 210.6)
Alicante/Alacant,A-31,194.3,195.9,38250.0,5834.0,15.25,A-31 (PK 194.3 a 195.9)
Cádiz,A-4,663.6,669.19,46335.0,2546.0,5.49,A-4 (PK 663.6 a 669.19)
Cáceres,A-5,199.8,210.3,14791.0,2263.0,15.3,A-5 (PK 199.8 a 210.3)
Pontevedra,A-55,18.4,22.8,44997.0,5903.0,13.12,A-55 (PK 18.4 a 22.8)
Valladolid,A-62,133.4,134.7,45070.0,5646.0,12.53,A-62 (PK 133.4 a 134.7)
Sevilla,A-66,759.38,764.2,17082.0,3407.0,19.94,A-66 (PK 759.38 a 764.2)
Granada,GR-30,3406,5389,49748.0,1924.0,3.87,GR-30 (PK 3.406 a 5.389)
Madrid,M-40,12.4,15.4,169060.0,11849.0,7.01,M-40 (PK 12.4 a 15.4)
Guadalajara,N-211,43.2,50.4,2653.0,483.0,18.21,N-211 (PK 43.2 a 50.4)
Ciudad Real,N-310,84.9,92.2,5338.0,605.0,11.33,N-310 (PK 84.9 a 92.2)
Córdoba,N-331,22.2,30.15,1660.0,273.0,16.45,N-331 (PK 22.2 a 30.15)
Cuenca,N-420,493.5,496.6,774.0,99.0,12.79,N-420 (PK 493.5 a 496.6)
Cuenca,N-420A,490.0,491.9,7.0,1.0,14.29,N-420A (PK 490.0 a 491.9)
Ourense,N-525,181.0,185.5,535.0,28.0,5.23,N-525 (PK 181.0 a 185.5)
Ourense,N-525,241.3,244.3,10876.0,499.0,4.59,N-525 (PK 241.3 a 244.3)
Segovia,N-603,64.1,68.2,5135.0,619.0,12.05,N-603 (PK 64.1 a 68.2)
Asturias,N-634,373.3,378.0,12216.0,609.0,4.99,N-634 (PK 373.3 a 378.0)
Valencia,A-7,350.5,353.6,59626.0,14009.0,23.49,A-7 (PK 350.5 a 353.6)
Asturias,A-63,36.8,42.0,2798.0,535.0,19.12,A-63 (PK 36.8 a 42.0)
Zaragoza,A-21,51809,55.6,3452.0,314.0,9.1,A-21 (PK 51.809 a 55.6)
Teruel,A-23,104.8,115.2,13850.0,3701.0,26.72,A-23 (PK 104.8 a 115.2)
Valencia,A-3,265.8,269.3,24919.0,6853.0,27.5,A-3 (PK 265.8 a 269.3)
Ourense,A-52,180.5,187.6,11194.0,2208.0,19.72,A-52 (PK 180.5 a 187.6)
Málaga,MA-20,5.1,8.0,163269.0,4496.0,2.75,MA-20 (PK 5.1 a 8.0)
Málaga,MA-22,0.7,4.4,19997.0,1339.0,6.7,MA-22 (PK 0.7 a 4.4)
Girona,N-156,0.0,0.4,9214.0,1517.0,16.46,N-156 (PK 0.0 a 0.4)
Huesca,N-240,121.0,126.5,824.0,156.0,18.93,N-240 (PK 121.0 a 126.5)
Jaén,N-322,232.2,235.9,2247.0,338.0,15.04,N-322 (PK 232.2 a 235.9)
Huesca,N-330,632.8,636.0,570.0,56.0,9.82,N-330 (PK 632.8 a 636.0)
Alicante/Alacant,N-338,3.1,5.37,45163.0,2289.0,5.07,N-338 (PK 3.1 a 5.37)
Castellón,N-340A,1048068,1051.2,16320.0,452.0,2.77,N-340A (PK 1048.068 a 1051.2)
Tarragona,N-340R,0.0,877,11810.0,1325.0,11.22,N-340R (PK 0.0 a 0.877)
Córdoba,N-502,354.5,357.5,880.0,105.0,11.93,N-502 (PK 354.5 a 357.5)
Córdoba,N-502A,379672,381.05,28.0,3.0,10.71,N-502A (PK 379.672 a 381.05)
Cáceres,N-521,114.1,127.1,1519.0,121.0,7.97,N-521 (PK 114.1 a 127.1)
Lugo,N-540,39.9,42.7,2714.0,385.0,14.19,N-540 (PK 39.9 a 42.7)
Toledo,TO-21,0.0,4.0,14743.0,953.0,6.46,TO-21 (PK 0.0 a 4.0)
Cuenca,A-40,276.3,280.8,4914.0,381.0,7.75,A-40 (PK 276.3 a 280.8)
Pontevedra,A-52,289.6,293.6,26713.0,2602.0,9.74,A-52 (PK 289.6 a 293.6)
Madrid,M-31,2.3,5.25,41116.0,2774.0,6.75,M-31 (PK 2.3 a 5.25)
La Rioja,N-111,319.3,322.3,18801.0,1004.0,5.34,N-111 (PK 319.3 a 322.3)
Burgos,N-120,71.2,77.1,3604.0,1374.0,38.12,N-120 (PK 71.2 a 77.1)
Ourense,N-120,565.4,568.06,7664.0,1359.0,17.73,N-120 (PK 565.4 a 568.06)
Cuenca,N-310,145.6,152.4,2248.0,158.0,7.03,N-310 (PK 145.6 a 152.4)
Jaén,N-323,7.8,12.2,2163.0,213.0,9.85,N-323 (PK 7.8 a 12.2)
Córdoba,N-331,34.03,36.3,3987.0,267.0,6.7,N-331 (PK 34.03 a 36.3)
Toledo,N-401,95.8,98.4,2710.0,473.0,17.45,N-401 (PK 95.8 a 98.4)
Cuenca,N-420,342.2,346.5,1478.0,170.0,11.5,N-420 (PK 342.2 a 346.5)
Granada,N-432,403.5,406.2,8154.0,1452.0,17.81,N-432 (PK 403.5 a 406.2)
Huelva,N-435A,210.0,211.7,6062.0,253.0,4.17,N-435A (PK 210.0 a 211.7)
Huelva,N-442,4.78,7.1,18626.0,1484.0,7.97,N-442 (PK 4.78 a 7.1)
Huelva,N-444,0.0,4.27,4980.0,303.0,6.08,N-444 (PK 0.0 a 4.27)
Cáceres,N-521,69.6,77.1,2677.0,327.0,12.22,N-521 (PK 69.6 a 77.1)
A Coruña,N-547,79.4,82.0,677.0,72.0,10.64,N-547 (PK 79.4 a 82.0)
León,N-6,356.0,363.9,471.0,44.0,9.34,N-6 (PK 356.0 a 363.9)
Cáceres,N-630,461.9,468.5,3419.0,193.0,5.64,N-630 (PK 461.9 a 468.5)
Asturias,N-632,112.2,114.1,5218.0,202.0,3.87,N-632 (PK 112.2 a 114.1)
Cantabria,N-635,7.19,7.7,5606.0,521.0,9.29,N-635 (PK 7.19 a 7.7)
A Coruña,N-6A,579245,580115,1880.0,467.0,24.84,N-6A (PK 579.245 a 580.115)
Pontevedra,VG-20,5.0,10.0,29266.0,1298.0,4.44,VG-20 (PK 5.0 a 10.0)
Cuenca,A-3,153.7,156.3,27293.0,5399.0,19.78,A-3 (PK 153.7 a 156.3)
Murcia,A-30,106.8,110.0,30141.0,4349.0,14.43,A-30 (PK 106.8 a 110.0)
Madrid,A-4,3.69,6.1,137137.0,10575.0,7.71,A-4 (PK 3.69 a 6.1)
Toledo,A-4,52.9,61.0,47308.0,10459.0,22.11,A-4 (PK 52.9 a 61.0)
Córdoba,A-45,26.6,36.9,17889.0,1843.0,10.3,A-45 (PK 26.6 a 36.9)
Huelva,A-49,116.8,122.0,14428.0,1362.0,9.44,A-49 (PK 116.8 a 122.0)
León,A-6,364.4,371.3,16377.0,2360.0,14.41,A-6 (PK 364.4 a 371.3)
Alicante/Alacant,A-79,5.1,6.0,11139.0,751.0,6.74,A-79 (PK 5.1 a 6.0)
Cádiz,CA-33,0.0,7.41,41047.0,1365.0,3.33,CA-33 (PK 0.0 a 7.41)
Madrid,M-21,4.96,5686,53124.0,6209.0,11.69,M-21 (PK 4.96 a 5.686)
Madrid,M-21,5686,7.9,53247.0,7130.0,13.39,M-21 (PK 5.686 a 7.9)
Madrid,M-21,3.3,4.96,64877.0,6138.0,9.46,M-21 (PK 3.3 a 4.96)
Madrid,M-40,57.6,61.13,123642.0,4858.0,3.93,M-40 (PK 57.6 a 61.13)
Soria,N-122,213.6,214.1,2134.0,123.0,5.76,N-122 (PK 213.6 a 214.1)
Huesca,N-123A,33.8,36.1,1260.0,124.0,9.84,N-123A (PK 33.8 a 36.1)
Teruel,N-211,226.9,235.4,5146.0,402.0,7.81,N-211 (PK 226.9 a 235.4)
Huesca,N-240,311.9,316.7,2556.0,301.0,11.78,N-240 (PK 311.9 a 316.7)
Huesca,N-260,354.3,356.3,1378.0,78.0,5.66,N-260 (PK 354.3 a 356.3)
Huesca,N-260A,464.0,468.3,1622.0,52.0,3.21,N-260A (PK 464.0 a 468.3)
Valencia,N-3,269.9,272.2,6893.0,1491.0,21.63,N-3 (PK 269.9 a 272.2)
Huesca,N-330,626.7,630.0,9863.0,855.0,8.67,N-330 (PK 626.7 a 630.0)
Alicante/Alacant,N-332,72.2,73.7,28250.0,842.0,2.98,N-332 (PK 72.2 a 73.7)
Valencia,N-337A,0.0,1.6,14279.0,1300.0,9.1,N-337A (PK 0.0 a 1.6)
Toledo,N-502,119.9,127.3,5070.0,377.0,7.44,N-502 (PK 119.9 a 127.3)
Cantabria,N-623,148.2,148.6,14869.0,636.0,4.28,N-623 (PK 148.2 a 148.6)
Asturias,N-634,503.1,505.3,7555.0,421.0,5.57,N-634 (PK 503.1 a 505.3)
A Coruña,N-634,682.7,688.8,4377.0,1088.0,24.86,N-634 (PK 682.7 a 688.8)
Soria,SO-20,22.0,22.54,7720.0,2102.0,27.23,SO-20 (PK 22.0 a 22.54)
Murcia,A-7,597.9,601.4,45288.0,9536.0,21.06,A-7 (PK 597.9 a 601.4)
Jaén,A-32,0.0,5.0,16199.0,1517.0,9.36,A-32 (PK 0.0 a 5.0)
Toledo,A-5,65.6,73.6,29619.0,3911.0,13.2,A-5 (PK 65.6 a 73.6)
Asturias,AI-82,0.0,2.16,4921.0,156.0,3.17,AI-82 (PK 0.0 a 2.16)
Murcia,MU-31,1.1,5566,12893.0,1525.0,11.83,MU-31 (PK 1.1 a 5.566)
Lugo,N-120,490.6,495.9,3185.0,510.0,16.01,N-120 (PK 490.6 a 495.9)
Teruel,N-211,144.2,148.0,644.0,129.0,20.03,N-211 (PK 144.2 a 148.0)
Girona,N-260,65.0,67.55,391.0,33.0,8.44,N-260 (PK 65.0 a 67.55)
Zaragoza,N-2A,223.31,227.11,564.0,39.0,6.91,N-2A (PK 223.31 a 227.11)
Albacete,N-322A,398.7,403.2,1569.0,52.0,3.31,N-322A (PK 398.7 a 403.2)
Ciudad Real,N-420,159.6,161.0,9888.0,219.0,2.21,N-420 (PK 159.6 a 161.0)
Huelva,N-431,90.5,93.0,8593.0,751.0,8.74,N-431 (PK 90.5 a 93.0)
Huelva,N-435,125.0,128.4,1360.0,236.0,17.35,N-435 (PK 125.0 a 128.4)
Pontevedra,N-525,272.1,275.9,2046.0,162.0,7.92,N-525 (PK 272.1 a 275.9)
Segovia,N-603,68.2,72.6,6350.0,737.0,11.61,N-603 (PK 68.2 a 72.6)
Asturias,N-634,344.7,349.4,6141.0,341.0,5.55,N-634 (PK 344.7 a 349.4)
Salamanca,SA-20,94.2,95.4,19559.0,1870.0,9.56,SA-20 (PK 94.2 a 95.4)
Málaga,A-7,929.8,933.6,27943.0,1868.0,6.69,A-7 (PK 929.8 a 933.6)
Cádiz,A-7,1102.7,1106.0,40963.0,3603.0,8.8,A-7 (PK 1102.7 a 1106.0)
Castellón,A-23,57.3,62.48,15133.0,3804.0,25.14,A-23 (PK 57.3 a 62.48)
Huesca,A-23,332.2,341.2,16881.0,1868.0,11.07,A-23 (PK 332.2 a 341.2)
Murcia,A-30,104.3,106.8,30141.0,4349.0,14.43,A-30 (PK 104.3 a 106.8)
Toledo,A-40,201.6,210.3,6188.0,1734.0,28.02,A-40 (PK 201.6 a 210.3)
Cuenca,A-43,148.7,154.5,7316.0,2928.0,40.02,A-43 (PK 148.7 a 154.5)
Córdoba,A-45,55.5,61.9,17039.0,1964.0,11.53,A-45 (PK 55.5 a 61.9)
A Coruña,A-6,559.8,565.2,17177.0,2684.0,15.63,A-6 (PK 559.8 a 565.2)
Asturias,A-63,23.7,28.3,8089.0,462.0,5.71,A-63 (PK 23.7 a 28.3)
Asturias,A-8,408.2,413.1,20558.0,1874.0,9.12,A-8 (PK 408.2 a 413.1)
Palencia,N-120,227.2,233.27,401.0,35.0,8.73,N-120 (PK 227.2 a 233.27)
Girona,N-2,727.1,730.2,3324.0,194.0,5.84,N-2 (PK 727.1 a 730.2)
Cuenca,N-301,154.0,158.7,4300.0,1365.0,31.74,N-301 (PK 154.0 a 158.7)
Cádiz,N-340,23.5,28.1,661.0,35.0,5.3,N-340 (PK 23.5 a 28.1)
Cádiz,N-346,0.0,1.0,4016.0,132.0,3.29,N-346 (PK 0.0 a 1.0)
Toledo,N-403,36.0,40.3,2436.0,239.0,9.81,N-403 (PK 36.0 a 40.3)
Salamanca,N-501A,52.3,52.8,1013.0,117.0,11.55,N-501A (PK 52.3 a 52.8)
León,N-6,414.3,417.0,600.0,63.0,10.5,N-6 (PK 414.3 a 417.0)
Cantabria,N-611,149.0,149.4,624.0,35.0,5.61,N-611 (PK 149.0 a 149.4)
Lugo,N-642,48.3,52.0,7263.0,355.0,4.89,N-642 (PK 48.3 a 52.0)
Málaga,A-7,948.9,953.6,38345.0,2616.0,6.82,A-7 (PK 948.9 a 953.6)
Madrid,A-1,79.1,83.2,25232.0,4171.0,16.53,A-1 (PK 79.1 a 83.2)
Castellón,A-23,41.2,46.6,14372.0,3752.0,26.11,A-23 (PK 41.2 a 46.6)
Murcia,A-30,124.0,128.2,58133.0,8209.0,14.12,A-30 (PK 124.0 a 128.2)
Murcia,A-33,0.0,5.4,15126.0,4107.0,27.15,A-33 (PK 0.0 a 5.4)
Jaén,A-4,250.7,257.2,31844.0,7394.0,23.22,A-4 (PK 250.7 a 257.2)
Ciudad Real,A-43,9.1,14.6,14216.0,1465.0,10.31,A-43 (PK 9.1 a 14.6)
Ciudad Real,A-43,54.3,64.0,10270.0,3436.0,33.46,A-43 (PK 54.3 a 64.0)
Palencia,N-120,197.7,205.2,513.0,68.0,13.26,N-120 (PK 197.7 a 205.2)
Teruel,N-234,175.7,180.4,2640.0,318.0,12.05,N-234 (PK 175.7 a 180.4)
Lleida,N-240,87.4,87.95,7308.0,589.0,8.06,N-240 (PK 87.4 a 87.95)
Jaén,N-322,142.5,145.9,2543.0,382.0,15.02,N-322 (PK 142.5 a 145.9)
Jaén,N-322,235.9,239.5,2247.0,338.0,15.04,N-322 (PK 235.9 a 239.5)
Albacete,N-322,270.3,275.0,1960.0,259.0,13.21,N-322 (PK 270.3 a 275.0)
Jaén,N-432,361.4,366.5,4654.0,493.0,10.59,N-432 (PK 361.4 a 366.5)
Huelva,N-433,100.7,103.4,4673.0,606.0,12.97,N-433 (PK 100.7 a 103.4)
Ciudad Real,N-502,318.0,322.5,222.0,101.0,45.5,N-502 (PK 318.0 a 322.5)
Sevilla,SE-30,16.6,17.1,117088.0,8556.0,7.31,SE-30 (PK 16.6 a 17.1)
Tarragona,T-11,17.4,17918,41380.0,2081.0,5.03,T-11 (PK 17.4 a 17.918)
Málaga,A-7,985.75,988.8,41406.0,3498.0,8.45,A-7 (PK 985.75 a 988.8)
Zaragoza,A-2,276.5,287.7,23548.0,5926.0,25.17,A-2 (PK 276.5 a 287.7)
Albacete,A-31,75.7,79.9,32465.0,5710.0,17.59,A-31 (PK 75.7 a 79.9)
Alicante/Alacant,A-31,237.0,239.75,44793.0,3090.0,6.9,A-31 (PK 237.0 a 239.75)
Burgos,A-62,7.6,15.6,20908.0,6909.0,33.04,A-62 (PK 7.6 a 15.6)
Asturias,A-8,450.7,454.8,15955.0,1726.0,10.82,A-8 (PK 450.7 a 454.8)
Madrid,M-11,2.9,6.7,59838.0,1477.0,2.47,M-11 (PK 2.9 a 6.7)
Burgos,N-1,270.5,278.1,2876.0,808.0,28.09,N-1 (PK 270.5 a 278.1)
León,N-120,256.5,264.72,562.0,49.0,8.72,N-120 (PK 256.5 a 264.72)
Pontevedra,N-120,634.1,637.4,4221.0,201.0,4.76,N-120 (PK 634.1 a 637.4)
Zaragoza,N-232,186.83,194.2,3280.0,501.0,15.27,N-232 (PK 186.83 a 194.2)
Ciudad Real,N-310,92.2,94.6,5338.0,605.0,11.33,N-310 (PK 92.2 a 94.6)
Jaén,N-322,239.5,244.8,1523.0,200.0,13.13,N-322 (PK 239.5 a 244.8)
Albacete,N-322,347.2,352.2,7363.0,651.0,8.84,N-322 (PK 347.2 a 352.2)
Jaén,N-323,15.05,17.7,2359.0,233.0,9.88,N-323 (PK 15.05 a 17.7)
Córdoba,N-331,57.21,61.8,1637.0,115.0,7.03,N-331 (PK 57.21 a 61.8)
Alicante/Alacant,N-340,802.35,805.8,8405.0,517.0,6.15,N-340 (PK 802.35 a 805.8)
Tarragona,N-340A,1159.8,1160558,21004.0,1008.0,4.8,N-340A (PK 1159.8 a 1160.558)
Cuenca,N-400,145.6,150.1,76.0,3.0,3.95,N-400 (PK 145.6 a 150.1)
Toledo,N-502,131.0,138.4,2959.0,219.0,7.4,N-502 (PK 131.0 a 138.4)
Lugo,N-540,0.0,3.18,13990.0,716.0,5.12,N-540 (PK 0.0 a 3.18)
Palencia,N-611,81.7,89.4,1003.0,109.0,10.87,N-611 (PK 81.7 a 89.4)
Cantabria,N-611,200.7,201.7,12749.0,457.0,3.58,N-611 (PK 200.7 a 201.7)
Murcia,A-7,651.6,655.3,16997.0,3969.0,23.35,A-7 (PK 651.6 a 655.3)
Málaga,A-7,992.6,995.8,72206.0,4057.0,5.62,A-7 (PK 992.6 a 995.8)
Málaga,A-7,1049.8,1053.2,95901.0,3263.0,3.4,A-7 (PK 1049.8 a 1053.2)
Guadalajara,A-2,82.7,94.4,25126.0,7706.0,30.67,A-2 (PK 82.7 a 94.4)
Zaragoza,A-23,245.2,254.6,13341.0,2859.0,21.43,A-23 (PK 245.2 a 254.6)
Alicante/Alacant,A-31,200.4,202.1,38250.0,5834.0,15.25,A-31 (PK 200.4 a 202.1)
Cuenca,A-40,300.0,305.0,6124.0,409.0,6.68,A-40 (PK 300.0 a 305.0)
León,A-60,115.0,126.4,12391.0,1020.0,8.23,A-60 (PK 115.0 a 126.4)
Castellón,CS-22,8.3,10.22,18139.0,2681.0,14.78,CS-22 (PK 8.3 a 10.22)
Burgos,N-1,254.0,262.2,2738.0,724.0,26.44,N-1 (PK 254.0 a 262.2)
Zaragoza,N-122,52.0,55.9,8147.0,2471.0,30.33,N-122 (PK 52.0 a 55.9)
Huesca,N-2,400.0,408.1,1943.0,893.0,45.96,N-2 (PK 400.0 a 408.1)
Castellón,N-232,1.6,2.3,11275.0,1898.0,16.83,N-232 (PK 1.6 a 2.3)
Burgos,N-232,492.7,500.5,977.0,154.0,15.76,N-232 (PK 492.7 a 500.5)
Jaén,N-322,228.5,232.2,2247.0,338.0,15.04,N-322 (PK 228.5 a 232.2)
Huesca,N-330,609.3,611.9,7587.0,658.0,8.67,N-330 (PK 609.3 a 611.9)
Málaga,N-331,102.59,107.6,370.0,61.0,16.49,N-331 (PK 102.59 a 107.6)
Tarragona,N-420,865.5,866.1,10291.0,1108.0,10.77,N-420 (PK 865.5 a 866.1)
Cáceres,N-5,209.3,216.4,69.0,4.0,5.8,N-5 (PK 209.3 a 216.4)
A Coruña,N-550,43.1,48.0,10763.0,1073.0,9.97,N-550 (PK 43.1 a 48.0)
Valladolid,N-601,232.1,232.8,5823.0,677.0,11.63,N-601 (PK 232.1 a 232.8)
Asturias,N-634,361.3,365.1,8503.0,476.0,5.6,N-634 (PK 361.3 a 365.1)
Málaga,A-7,983.9,985.75,83319.0,4834.0,5.8,A-7 (PK 983.9 a 985.75)
Albacete,A-30,23.2,28.2,15294.0,3287.0,21.49,A-30 (PK 23.2 a 28.2)
Murcia,A-30,171.6,176.0,37076.0,5950.0,16.05,A-30 (PK 171.6 a 176.0)
Madrid,A-4,47.1,52.0,44839.0,10329.0,23.04,A-4 (PK 47.1 a 52.0)
Jaén,A-4,279.6,282.7,29563.0,8898.0,30.1,A-4 (PK 279.6 a 282.7)
Toledo,A-40,196.0,201.6,8006.0,1576.0,19.69,A-40 (PK 196.0 a 201.6)
Zaragoza,N-2,227.8,234.01,1449.0,49.0,3.38,N-2 (PK 227.8 a 234.01)
Girona,N-2,721.3,724.8,12071.0,566.0,4.69,N-2 (PK 721.3 a 724.8)
Teruel,N-234,150.6,156.4,647.0,170.0,26.28,N-234 (PK 150.6 a 156.4)
Huesca,N-330A,629.85,631.0,1129.0,78.0,6.91,N-330A (PK 629.85 a 631.0)
Valencia,N-332,225.0,226.0,19102.0,1741.0,9.11,N-332 (PK 225.0 a 226.0)
Jaén,N-432,366.5,371.0,4654.0,493.0,10.59,N-432 (PK 366.5 a 371.0)
Ciudad Real,N-4A,243.1,245.0,88.0,6.0,6.82,N-4A (PK 243.1 a 245.0)
Palencia,N-620,80.9,85053,2171.0,436.0,20.08,N-620 (PK 80.9 a 85.053)
Palencia,N-620,85053,87347,7689.0,763.0,9.92,N-620 (PK 85.053 a 87.347)
Lleida,A-22-R1,0.0,0.73,2540.0,68.0,2.68,A-22-R1 (PK 0.0 a 0.73)
Jaén,A-4,282.7,288.1,26779.0,7440.0,27.78,A-4 (PK 282.7 a 288.1)
Cuenca,A-40,280.8,286.0,4914.0,381.0,7.75,A-40 (PK 280.8 a 286.0)
Ourense,A-52,142.8,150.1,11602.0,2516.0,21.69,A-52 (PK 142.8 a 150.1)
La Rioja,N-232,361.1,367.1,7246.0,784.0,10.82,N-232 (PK 361.1 a 367.1)
Lleida,N-240,68.7,69.3,7879.0,662.0,8.4,N-240 (PK 68.7 a 69.3)
Huesca,N-240,193.0,196.5,1129.0,71.0,6.29,N-240 (PK 193.0 a 196.5)
Huesca,N-330,558.8,563.3,514.0,66.0,12.84,N-330 (PK 558.8 a 563.3)
Huesca,N-330,643.8,646.4,1271.0,318.0,25.02,N-330 (PK 643.8 a 646.4)
Alicante/Alacant,N-334,0.0,0.94,60124.0,1488.0,2.47,N-334 (PK 0.0 a 0.94)
Madrid,N-400,27.26,34388,8098.0,912.0,11.26,N-400 (PK 27.26 a 34.388)
Toledo,N-401,80.0,83.3,10246.0,1020.0,9.96,N-401 (PK 80.0 a 83.3)
Córdoba,N-432,342.2,346.0,5505.0,930.0,16.89,N-432 (PK 342.2 a 346.0)
Ourense,N-541,21.6,24.8,2248.0,195.0,8.67,N-541 (PK 21.6 a 24.8)
Lugo,N-6,474.4,479.0,2126.0,191.0,8.98,N-6 (PK 474.4 a 479.0)
Salamanca,N-630,373.1,374.1,591.0,42.0,7.11,N-630 (PK 373.1 a 374.1)
Cáceres,N-630,509.7,515.4,382.0,29.0,7.59,N-630 (PK 509.7 a 515.4)
Cantabria,N-634,138.0,138.7,1131.0,30.0,2.65,N-634 (PK 138.0 a 138.7)
Castellón,A-7,286.3,288.4,29785.0,4554.0,15.29,A-7 (PK 286.3 a 288.4)
Alicante/Alacant,A-7,538.2,541.0,49639.0,6416.0,12.93,A-7 (PK 538.2 a 541.0)
Guadalajara,A-2,134.3,139.4,19667.0,7218.0,36.7,A-2 (PK 134.3 a 139.4)
Málaga,A-45,101.6,107.0,32500.0,3866.0,11.9,A-45 (PK 101.6 a 107.0)
Lugo,A-8,535.0,542.0,8244.0,1142.0,13.85,A-8 (PK 535.0 a 542.0)
La Rioja,N-120,28.25,28.6,1844.0,142.0,7.7,N-120 (PK 28.25 a 28.6)
Huesca,N-240,134.1,139.6,561.0,105.0,18.72,N-240 (PK 134.1 a 139.6)
Huesca,N-260,426.2,432.3,1882.0,92.0,4.89,N-260 (PK 426.2 a 432.3)
Huesca,N-260A,504.8,510.7,7076.0,237.0,3.35,N-260A (PK 504.8 a 510.7)
Alicante/Alacant,N-340,695.7,697.4,7406.0,1063.0,14.35,N-340 (PK 695.7 a 697.4)
Toledo,N-400,54.0,55.3,4300.0,197.0,4.58,N-400 (PK 54.0 a 55.3)
Cuenca,N-400,150.1,155.3,76.0,3.0,3.95,N-400 (PK 150.1 a 155.3)
Tarragona,N-420,836.0,836.4,6451.0,577.0,8.94,N-420 (PK 836.0 a 836.4)
Pontevedra,N-550,147.4,151.8,9737.0,1129.0,11.59,N-550 (PK 147.4 a 151.8)
Salamanca,N-630,346.0,346.8,2097.0,88.0,4.2,N-630 (PK 346.0 a 346.8)
Sevilla,N-630,794.8,798764,906.0,118.0,13.02,N-630 (PK 794.8 a 798.764)
Sevilla,N-630,798764,798.8,1751.0,271.0,15.48,N-630 (PK 798.764 a 798.8)
Pontevedra,N-640,217.1,222.5,7288.0,802.0,11.0,N-640 (PK 217.1 a 222.5)
Murcia,A-30,135.8,137.5,134736.0,14478.0,10.75,A-30 (PK 135.8 a 137.5)
Murcia,A-30,146.0,149.6,72398.0,3304.0,4.56,A-30 (PK 146.0 a 149.6)
Valencia,A-38,35.4,38.4,27950.0,2227.0,7.97,A-38 (PK 35.4 a 38.4)
Madrid,A-6,21.7,29.0,153382.0,10750.0,7.01,A-6 (PK 21.7 a 29.0)
Valladolid,A-6,209.1,210.7,18882.0,3669.0,19.43,A-6 (PK 209.1 a 210.7)
Teruel,N-232A,93.7,94.32,732.0,88.0,12.02,N-232A (PK 93.7 a 94.32)
Alicante/Alacant,N-325,6.0,8.2,11509.0,712.0,6.19,N-325 (PK 6.0 a 8.2)
Alicante/Alacant,N-340,706.1,708.07,9978.0,463.0,4.64,N-340 (PK 706.1 a 708.07)
Badajoz,N-430,113.6,118158,6956.0,1128.0,16.22,N-430 (PK 113.6 a 118.158)
Badajoz,N-430,118158,131.5,4801.0,985.0,20.52,N-430 (PK 118.158 a 131.5)
Zamora,N-525,85.2,86.5,1767.0,172.0,9.73,N-525 (PK 85.2 a 86.5)
Cantabria,N-634,242.1,242.7,4124.0,132.0,3.2,N-634 (PK 242.1 a 242.7)
Asturias,N-634,382.2,384.0,4230.0,411.0,9.72,N-634 (PK 382.2 a 384.0)
Alicante/Alacant,A-7,431.3,435.6,13997.0,1732.0,12.37,A-7 (PK 431.3 a 435.6)
Toledo,A-40,132.8,137.99,1112.0,40.0,3.6,A-40 (PK 132.8 a 137.99)
Ciudad Real,A-41,171.9,177.3,10756.0,894.0,8.31,A-41 (PK 171.9 a 177.3)
Cádiz,A-48,0.0,2991,69559.0,2947.0,4.24,A-48 (PK 0.0 a 2.991)
Cádiz,A-48,2991,7.5,40838.0,2086.0,5.11,A-48 (PK 2.991 a 7.5)
Asturias,A-8,460.1,464.6,14743.0,1657.0,11.24,A-8 (PK 460.1 a 464.6)
Málaga,MA-20,3.0,5.1,88634.0,2701.0,3.05,MA-20 (PK 3.0 a 5.1)
Guadalajara,N-211,68.0,76.2,2168.0,474.0,21.86,N-211 (PK 68.0 a 76.2)
Teruel,N-232,127.6,131.2,7279.0,886.0,12.17,N-232 (PK 127.6 a 131.2)
Córdoba,N-432,253.5,257.8,13028.0,1610.0,12.36,N-432 (PK 253.5 a 257.8)
Lugo,N-547,21.1,22.8,1043.0,120.0,11.51,N-547 (PK 21.1 a 22.8)
Burgos,N-622,52.0,57.2,1332.0,246.0,18.47,N-622 (PK 52.0 a 57.2)
León,N-625,105.3,109.4,760.0,26.0,3.42,N-625 (PK 105.3 a 109.4)
Asturias,N-632,56.7,59.0,331.0,33.0,9.97,N-632 (PK 56.7 a 59.0)
Burgos,A-1,220.9,229.3,26160.0,4955.0,18.94,A-1 (PK 220.9 a 229.3)
Castellón,A-23,18.2,21.4,27408.0,4042.0,14.75,A-23 (PK 18.2 a 21.4)
Valencia,A-3,269.3,274.1,24919.0,6853.0,27.5,A-3 (PK 269.3 a 274.1)
Madrid,A-42,23.2,26.5,73397.0,7047.0,9.6,A-42 (PK 23.2 a 26.5)
Ciudad Real,A-43,15.7,25.7,14263.0,1678.0,11.76,A-43 (PK 15.7 a 25.7)
Cáceres,A-66,563.9,575.1,12711.0,2179.0,17.14,A-66 (PK 563.9 a 575.1)
Sevilla,A-66,764.2,767.8,17762.0,3970.0,22.35,A-66 (PK 764.2 a 767.8)
Palencia,A-67,102.9,116.2,12457.0,1866.0,14.98,A-67 (PK 102.9 a 116.2)
Asturias,A-8,424.7,430.4,18071.0,1579.0,8.74,A-8 (PK 424.7 a 430.4)
Asturias,A-8,464.6,473.8,14153.0,1770.0,12.51,A-8 (PK 464.6 a 473.8)
Barcelona,B-22,1.6,2.3,26902.0,1241.0,4.61,B-22 (PK 1.6 a 2.3)
Girona,N-260,4.3,7.45,1611.0,68.0,4.22,N-260 (PK 4.3 a 7.45)
Huesca,N-260,402.4,405.3,1996.0,114.0,5.71,N-260 (PK 402.4 a 405.3)
Sevilla,N-4,600.2,607.9,2098.0,500.0,23.83,N-4 (PK 600.2 a 607.9)
Toledo,N-403,6.0,8.1,681.0,73.0,10.72,N-403 (PK 6.0 a 8.1)
Tarragona,N-420,801.0,801.5,3988.0,429.0,10.76,N-420 (PK 801.0 a 801.5)
Badajoz,N-430,182.1,193.1,2448.0,773.0,31.58,N-430 (PK 182.1 a 193.1)
Huelva,N-435A,106.86,110.8,894.0,200.0,22.37,N-435A (PK 106.86 a 110.8)
A Coruña,N-550,52.0,57.84,16022.0,1478.0,9.22,N-550 (PK 52.0 a 57.84)
Cantabria,N-623,146.3,146.8,12452.0,541.0,4.34,N-623 (PK 146.3 a 146.8)
Asturias,N-634,524895,527.3,3121.0,152.0,4.87,N-634 (PK 524.895 a 527.3)
Zaragoza,A-23,231.7,240.4,10191.0,2480.0,24.34,A-23 (PK 231.7 a 240.4)
Cuenca,A-40,270.0,276.3,4448.0,403.0,9.06,A-40 (PK 270.0 a 276.3)
Jaén,A-44,50.5,58.7,25508.0,3691.0,14.47,A-44 (PK 50.5 a 58.7)
Ourense,A-52,173.2,180.5,11194.0,2208.0,19.72,A-52 (PK 173.2 a 180.5)
Valladolid,A-62,117.1,117.9,27658.0,5474.0,19.79,A-62 (PK 117.1 a 117.9)
Almería,A-92,382.6,387.4,15093.0,1869.0,12.38,A-92 (PK 382.6 a 387.4)
Huesca,N-240,165.4,172.5,1055.0,124.0,11.75,N-240 (PK 165.4 a 172.5)
Albacete,N-310,111.0,121.0,139.0,14.0,10.07,N-310 (PK 111.0 a 121.0)
Cuenca,N-310,167.2,174.0,1381.0,330.0,23.9,N-310 (PK 167.2 a 174.0)
Guadalajara,N-320A,265.03,270.3,460.0,30.0,6.52,N-320A (PK 265.03 a 270.3)
Valencia,N-322,442.2,446.0,1973.0,333.0,16.88,N-322 (PK 442.2 a 446.0)
Cantabria,N-634,267.6,268.1,1707.0,178.0,10.43,N-634 (PK 267.6 a 268.1)
Albacete,A-31,147.3,155.3,18076.0,2886.0,15.97,A-31 (PK 147.3 a 155.3)
Granada,A-44,107.8,111.4,28840.0,3647.0,12.65,A-44 (PK 107.8 a 111.4)
Ourense,A-52,223.9,228.3,19054.0,3353.0,17.6,A-52 (PK 223.9 a 228.3)
Huesca,N-123,20.7,24.2,1228.0,121.0,9.85,N-123 (PK 20.7 a 24.2)
Zaragoza,N-232,216.8,223.82,8864.0,961.0,10.84,N-232 (PK 216.8 a 223.82)
Cuenca,N-400,125.67,129.0,24.0,0.0,0.0,N-400 (PK 125.67 a 129.0)
Huelva,N-435,211.0,219.0,8485.0,775.0,9.13,N-435 (PK 211.0 a 219.0)
Cáceres,N-521,52272,60.9,8380.0,437.0,5.21,N-521 (PK 52.272 a 60.9)
León,N-621,88.4,93.7,1336.0,89.0,6.66,N-621 (PK 88.4 a 93.7)
Asturias,N-630,73.0,74.2,3739.0,277.0,7.41,N-630 (PK 73.0 a 74.2)
Lugo,N-634,576.9,581.2,3150.0,191.0,6.06,N-634 (PK 576.9 a 581.2)
Cuenca,A-3,70.7,78.9,32352.0,4733.0,14.63,A-3 (PK 70.7 a 78.9)
Alicante/Alacant,A-33,77.5,84.28,16529.0,5850.0,35.39,A-33 (PK 77.5 a 84.28)
Cádiz,A-48,29.7,35.8,13884.0,853.0,6.14,A-48 (PK 29.7 a 35.8)
Toledo,A-5,118.1,122.8,24829.0,3993.0,16.08,A-5 (PK 118.1 a 122.8)
Asturias,A-63,13.1,18.9,11401.0,636.0,5.58,A-63 (PK 13.1 a 18.9)
Jaén,N-322,119.9,124.6,1114.0,100.0,8.98,N-322 (PK 119.9 a 124.6)
Jaén,N-322,214.5,222.4,4540.0,584.0,12.86,N-322 (PK 214.5 a 222.4)
Burgos,N-629,7.1,12.3,2696.0,255.0,9.46,N-629 (PK 7.1 a 12.3)
Lugo,N-640,60.6,65.6,3808.0,368.0,9.66,N-640 (PK 60.6 a 65.6)
Granada,A-7,869.0,873.6,14824.0,2504.0,16.89,A-7 (PK 869.0 a 873.6)
Granada,A-7,889.1,896.5,19571.0,2466.0,12.6,A-7 (PK 889.1 a 896.5)
Málaga,A-7,1012.1,1013.6,79320.0,3835.0,4.83,A-7 (PK 1012.1 a 1013.6)
Zaragoza,A-2,236.6,242378,20931.0,6369.0,30.43,A-2 (PK 236.6 a 242.378)
Zaragoza,A-2,242378,243.6,21599.0,5850.0,27.08,A-2 (PK 242.378 a 243.6)
Valencia,A-3,261.1,265.8,24919.0,6853.0,27.5,A-3 (PK 261.1 a 265.8)
Badajoz,A-66,613207,618.0,16277.0,2667.0,16.39,A-66 (PK 613.207 a 618.0)
Badajoz,A-66,606.1,613207,12762.0,2714.0,21.27,A-66 (PK 606.1 a 613.207)
Castellón,CS-22,6.3,8.3,18139.0,2681.0,14.78,CS-22 (PK 6.3 a 8.3)
Girona,N-155,0.0,565,2353.0,79.0,3.36,N-155 (PK 0.0 a 0.565)
Guadalajara,N-2,70.7,73.47,678.0,166.0,24.48,N-2 (PK 70.7 a 73.47)
Teruel,N-234,143.4,150.6,1248.0,245.0,19.63,N-234 (PK 143.4 a 150.6)
Lleida,N-260,193.84,194.4,6151.0,436.0,7.09,N-260 (PK 193.84 a 194.4)
Albacete,N-322,383.0,392.3,3202.0,558.0,17.43,N-322 (PK 383.0 a 392.3)
Alicante/Alacant,N-340,697.4,699.5,7406.0,1063.0,14.35,N-340 (PK 697.4 a 699.5)
Ciudad Real,N-4,144.35,149.1,1647.0,141.0,8.56,N-4 (PK 144.35 a 149.1)
Albacete,N-430,419.4,427.1,746.0,69.0,9.25,N-430 (PK 419.4 a 427.1)
Huelva,N-433,106.1,109.3,3465.0,499.0,14.4,N-433 (PK 106.1 a 109.3)
Huelva,N-435,119.3,122.5,1360.0,236.0,17.35,N-435 (PK 119.3 a 122.5)
León,N-6,381.1,386.6,13115.0,550.0,4.19,N-6 (PK 381.1 a 386.6)
Burgos,N-629,0.0,5.8,1852.0,135.0,7.29,N-629 (PK 0.0 a 5.8)
Salamanca,N-630A,413.4,414.0,928.0,15.0,1.62,N-630A (PK 413.4 a 414.0)
Valencia,V-30,0.0,2.7,52820.0,8857.0,16.77,V-30 (PK 0.0 a 2.7)
Valencia,V-31,2.1,6.4,118636.0,8010.0,6.75,V-31 (PK 2.1 a 6.4)
Cádiz,A-7,1098.1,1102.7,45888.0,3478.0,7.58,A-7 (PK 1098.1 a 1102.7)
Guadalajara,A-2,73.2,82.7,27787.0,7635.0,27.48,A-2 (PK 73.2 a 82.7)
Ciudad Real,A-41,189.1,194.4,10310.0,1029.0,9.98,A-41 (PK 189.1 a 194.4)
Córdoba,A-45,48.2,55.5,16598.0,1726.0,10.4,A-45 (PK 48.2 a 55.5)
Málaga,A-45,114.2,116.8,35089.0,4577.0,13.04,A-45 (PK 114.2 a 116.8)
Pontevedra,A-55,2.74,6.9,36372.0,1139.0,3.13,A-55 (PK 2.74 a 6.9)
León,A-6,333.0,339.0,14284.0,3296.0,23.07,A-6 (PK 333.0 a 339.0)
Madrid,M-11,6.7,10.1,50467.0,1518.0,3.01,M-11 (PK 6.7 a 10.1)
Zamora,N-122,517.3,517.8,4031.0,1191.0,29.55,N-122 (PK 517.3 a 517.8)
La Rioja,N-124,43237,45.4,5139.0,697.0,13.56,N-124 (PK 43.237 a 45.4)
La Rioja,N-124,39.0,43237,5255.0,686.0,13.05,N-124 (PK 39.0 a 43.237)
Cuenca,N-301,171.6,178.2,4300.0,1365.0,31.74,N-301 (PK 171.6 a 178.2)
Córdoba,N-331,62.7,67.85,3667.0,604.0,16.47,N-331 (PK 62.7 a 67.85)
Alicante/Alacant,N-340,727.2,729.5,11762.0,534.0,4.54,N-340 (PK 727.2 a 729.5)
Huelva,N-433,74.6,79.0,4879.0,450.0,9.22,N-433 (PK 74.6 a 79.0)
Cáceres,N-5,226.2,231828,69.0,4.0,5.8,N-5 (PK 226.2 a 231.828)
Zamora,N-525,31.7,32.3,2687.0,177.0,6.59,N-525 (PK 31.7 a 32.3)
Zamora,N-630A,306.1,306.7,259.0,3.0,1.16,N-630A (PK 306.1 a 306.7)
Asturias,N-634,512.4,515.4,3395.0,286.0,8.42,N-634 (PK 512.4 a 515.4)
Teruel,A-23,77.4,89.3,13526.0,3625.0,26.8,A-23 (PK 77.4 a 89.3)
Cáceres,A-5,218.1,231.9,14670.0,2493.0,16.99,A-5 (PK 218.1 a 231.9)
Badajoz,A-5,352.1,365.3,16236.0,2905.0,17.89,A-5 (PK 352.1 a 365.3)
Lleida,N-2,502.25,504.0,6864.0,186.0,2.71,N-2 (PK 502.25 a 504.0)
Huesca,N-240,132.5,134.1,824.0,156.0,18.93,N-240 (PK 132.5 a 134.1)
Albacete,N-301,277.6,281.4,214.0,15.0,7.01,N-301 (PK 277.6 a 281.4)
Guadalajara,N-320,303.4,306.6,8205.0,563.0,6.86,N-320 (PK 303.4 a 306.6)
Jaén,N-322,138559,142.5,2543.0,382.0,15.02,N-322 (PK 138.559 a 142.5)
Zaragoza,N-330,445.2,449.4,2208.0,832.0,37.68,N-330 (PK 445.2 a 449.4)
Ávila,N-403,150.2,157.3,4445.0,333.0,7.49,N-403 (PK 150.2 a 157.3)
Huelva,N-435A,211.7,214.5,6062.0,253.0,4.17,N-435A (PK 211.7 a 214.5)
Ciudad Real,N-502,322.5,327.1,525.0,54.0,10.29,N-502 (PK 322.5 a 327.1)
Lugo,N-540,53.1,59.3,3606.0,523.0,14.5,N-540 (PK 53.1 a 59.3)
Salamanca,N-630,321.0,321.8,2547.0,100.0,3.93,N-630 (PK 321.0 a 321.8)
Asturias,N-632,95.61,99.0,20478.0,590.0,2.88,N-632 (PK 95.61 a 99.0)
Asturias,N-632,144.83,149082,369.0,18.0,4.88,N-632 (PK 144.83 a 149.082)
Asturias,N-634,355.9,360.3,8503.0,476.0,5.6,N-634 (PK 355.9 a 360.3)
Madrid,A-1,87.5,90.5,25232.0,4171.0,16.53,A-1 (PK 87.5 a 90.5)
Huelva,A-49,98.8,105.7,22162.0,2070.0,9.34,A-49 (PK 98.8 a 105.7)
Lugo,A-8,587.9,594.8,12459.0,1574.0,12.63,A-8 (PK 587.9 a 594.8)
Ourense,N-120,459.5,464.5,7804.0,687.0,8.8,N-120 (PK 459.5 a 464.5)
Girona,N-2,725.2,727.1,9581.0,625.0,6.52,N-2 (PK 725.2 a 727.1)
Girona,N-260,187.7,191.1,3816.0,206.0,5.4,N-260 (PK 187.7 a 191.1)
Madrid,N-3,32.8,34.9,4179.0,485.0,11.61,N-3 (PK 32.8 a 34.9)
Albacete,N-301,289.9,297.0,214.0,15.0,7.01,N-301 (PK 289.9 a 297.0)
Zaragoza,N-330,483.9,488.0,5217.0,358.0,6.86,N-330 (PK 483.9 a 488.0)
Cádiz,N-340,28.1,34.23,661.0,35.0,5.3,N-340 (PK 28.1 a 34.23)
Sevilla,N-4,549.6,552.9,20610.0,453.0,2.2,N-4 (PK 549.6 a 552.9)
Ávila,N-502,12.4,20.7,2198.0,140.0,6.37,N-502 (PK 12.4 a 20.7)
León,N-625,40.8,46.7,1709.0,180.0,10.53,N-625 (PK 40.8 a 46.7)
A Coruña,N-651,17.9,20.1,12730.0,396.0,3.11,N-651 (PK 17.9 a 20.1)
Guadalajara,A-2,126.0,131.6,21726.0,7126.0,32.8,A-2 (PK 126.0 a 131.6)
Zaragoza,A-2,243.6,254.0,21599.0,5850.0,27.08,A-2 (PK 243.6 a 254.0)
Girona,A-2,702.6,704.4,40042.0,2820.0,7.04,A-2 (PK 702.6 a 704.4)
Ávila,A-50,4.2,14.4,9777.0,855.0,8.75,A-50 (PK 4.2 a 14.4)
Cáceres,A-66,426.8,436.0,12702.0,3039.0,23.93,A-66 (PK 426.8 a 436.0)
Sevilla,A-66,809.1,810.3,49030.0,4877.0,9.95,A-66 (PK 809.1 a 810.3)
Albacete,N-301,309.3,314.0,3452.0,170.0,4.92,N-301 (PK 309.3 a 314.0)
Albacete,N-344,115.2,118.3,6625.0,2197.0,33.16,N-344 (PK 115.2 a 118.3)
León,N-6,419.3,422.8,600.0,63.0,10.5,N-6 (PK 419.3 a 422.8)
Cantabria,N-611,201.9,202.8,12749.0,457.0,3.58,N-611 (PK 201.9 a 202.8)
León,N-630,105.4,110.6,3081.0,216.0,7.01,N-630 (PK 105.4 a 110.6)
Salamanca,N-630,358.7,359.9,285.0,12.0,4.21,N-630 (PK 358.7 a 359.9)
Cáceres,N-630,523.0,528.3,878.0,67.0,7.63,N-630 (PK 523.0 a 528.3)
A Coruña,SC-20,2.5,4152,38293.0,1199.0,3.13,SC-20 (PK 2.5 a 4.152)
A Coruña,SC-20,4152,6.9,61799.0,2047.0,3.31,SC-20 (PK 4.152 a 6.9)
Cuenca,A-3,124.0,130.4,25194.0,4076.0,16.18,A-3 (PK 124.0 a 130.4)
Cuenca,A-31,12.7,18.8,13149.0,2037.0,15.49,A-31 (PK 12.7 a 18.8)
Valencia,A-33,89.2,92.0,21539.0,8185.0,38.0,A-33 (PK 89.2 a 92.0)
La Rioja,N-111,268.7,274.0,2419.0,283.0,11.7,N-111 (PK 268.7 a 274.0)
Soria,N-113,56.0,56.4,4326.0,1879.0,43.44,N-113 (PK 56.0 a 56.4)
Burgos,N-120,53277,56.2,3604.0,1374.0,38.12,N-120 (PK 53.277 a 56.2)
Burgos,N-122,251.6,259.3,5710.0,1761.0,30.84,N-122 (PK 251.6 a 259.3)
La Rioja,N-232,463.5,467963,3889.0,752.0,19.34,N-232 (PK 463.5 a 467.963)
Cáceres,N-630,515.4,523.0,723.0,56.0,7.75,N-630 (PK 515.4 a 523.0)
Cantabria,N-634,196.0,196.6,6778.0,312.0,4.6,N-634 (PK 196.0 a 196.6)
Asturias,N-634,444.5,448.2,4335.0,608.0,14.03,N-634 (PK 444.5 a 448.2)
Málaga,A-7,1047.25,1049.8,80152.0,6423.0,8.01,A-7 (PK 1047.25 a 1049.8)
Alicante/Alacant,A-77,2.9,4.4,19605.0,2858.0,14.58,A-77 (PK 2.9 a 4.4)
Asturias,A-8,345.5,352.7,21451.0,2322.0,10.82,A-8 (PK 345.5 a 352.7)
Madrid,M-31,0.0,2.3,43759.0,3407.0,7.79,M-31 (PK 0.0 a 2.3)
Zaragoza,N-122,69.5,75.2,5422.0,1446.0,26.67,N-122 (PK 69.5 a 75.2)
Castellón,N-234,60.9,63.64,2298.0,598.0,26.02,N-234 (PK 60.9 a 63.64)
Córdoba,N-331,17.0,22.2,1660.0,273.0,16.45,N-331 (PK 17.0 a 22.2)
Cádiz,N-340,70.25,74.05,12492.0,591.0,4.73,N-340 (PK 70.25 a 74.05)
Cuenca,N-400,133.7,139.1,24.0,0.0,0.0,N-400 (PK 133.7 a 139.1)
Badajoz,N-435,23.2,32.8,3723.0,316.0,8.49,N-435 (PK 23.2 a 32.8)
Huelva,N-435A,203.9,206.0,3891.0,173.0,4.45,N-435A (PK 203.9 a 206.0)
Zamora,N-6,260.15,260919,4307.0,1010.0,23.45,N-6 (PK 260.15 a 260.919)
Cantabria,N-611,208.2,208632,7865.0,414.0,5.26,N-611 (PK 208.2 a 208.632)
Almería,A-7,709.0,713.0,17406.0,4430.0,25.45,A-7 (PK 709.0 a 713.0)
Cantabria,A-67,203.9,205233,41432.0,2889.0,6.97,A-67 (PK 203.9 a 205.233)
Madrid,A-2,27.8,31.3,160564.0,18129.0,11.29,A-2 (PK 27.8 a 31.3)
Murcia,A-30,115.0,120.6,42772.0,6692.0,15.65,A-30 (PK 115.0 a 120.6)
Ourense,A-52,217.1,223.9,20962.0,3143.0,14.99,A-52 (PK 217.1 a 223.9)
Valladolid,A-6,215.7,221.9,16951.0,3784.0,22.32,A-6 (PK 215.7 a 221.9)
A Coruña,A-6,568.5,573.8,14258.0,2125.0,14.9,A-6 (PK 568.5 a 573.8)
Zamora,N-122,459.31,459.9,5201.0,1088.0,20.92,N-122 (PK 459.31 a 459.9)
Teruel,N-232,141.0,149.0,5668.0,599.0,10.57,N-232 (PK 141.0 a 149.0)
Teruel,N-232,180.7,186.83,3861.0,618.0,16.01,N-232 (PK 180.7 a 186.83)
Castellón,N-238,0.0,1.9,6693.0,1127.0,16.84,N-238 (PK 0.0 a 1.9)
Ciudad Real,N-420,161.2,164.3,595.0,25.0,4.2,N-420 (PK 161.2 a 164.3)
Ciudad Real,N-420,170.2,176.4,605.0,34.0,5.62,N-420 (PK 170.2 a 176.4)
Teruel,N-420,586.0,589.5,3294.0,353.0,10.72,N-420 (PK 586.0 a 589.5)
Córdoba,N-432,191.1,198.9,5354.0,585.0,10.93,N-432 (PK 191.1 a 198.9)
Toledo,N-502A,115.3,116.3,8065.0,1117.0,13.85,N-502A (PK 115.3 a 116.3)
Zamora,N-525,57.7,58.2,1081.0,105.0,9.71,N-525 (PK 57.7 a 58.2)
Palencia,N-610A,1.2,6.25,1853.0,98.0,5.29,N-610A (PK 1.2 a 6.25)
León,N-625,46.7,57.7,1709.0,180.0,10.53,N-625 (PK 46.7 a 57.7)
Salamanca,N-630,342.31,343.0,22113.0,728.0,3.29,N-630 (PK 342.31 a 343.0)
Asturias,N-632,109.6,112.2,5218.0,202.0,3.87,N-632 (PK 109.6 a 112.2)
Cuenca,A-3,84.5,90.6,28067.0,5405.0,19.26,A-3 (PK 84.5 a 90.6)
Cuenca,A-40,244.2,254.0,5215.0,507.0,9.72,A-40 (PK 244.2 a 254.0)
Madrid,M-40,50.4,57.6,133985.0,5569.0,4.16,M-40 (PK 50.4 a 57.6)
Zamora,N-122,506.6,508.8,4216.0,881.0,20.9,N-122 (PK 506.6 a 508.8)
Valencia,N-420,525.19,528.0,839.0,108.0,12.87,N-420 (PK 525.19 a 528.0)
Cáceres,N-521,16.3,30.8,78.0,2.0,2.56,N-521 (PK 16.3 a 30.8)
Cáceres,N-521,41.6,42747,9130.0,352.0,3.86,N-521 (PK 41.6 a 42.747)
Cáceres,N-521,42747,46.2,6844.0,352.0,5.14,N-521 (PK 42.747 a 46.2)
A Coruña,N-525,332.5,336.0,9881.0,805.0,8.15,N-525 (PK 332.5 a 336.0)
Palencia,N-611,89.7,97.3,778.0,81.0,10.41,N-611 (PK 89.7 a 97.3)
León,N-625,98.6,102.4,760.0,26.0,3.42,N-625 (PK 98.6 a 102.4)
León,N-630,115.2,119.6,5522.0,387.0,7.01,N-630 (PK 115.2 a 119.6)
Cantabria,N-634,234.0,234.6,6158.0,188.0,3.05,N-634 (PK 234.0 a 234.6)
Lugo,N-640,30.9,36.2,1407.0,142.0,10.09,N-640 (PK 30.9 a 36.2)
Lugo,N-6A,459.6,462.7,64.0,5.0,7.81,N-6A (PK 459.6 a 462.7)
Madrid,A-1,76.2,79.1,24858.0,4050.0,16.29,A-1 (PK 76.2 a 79.1)
Segovia,A-1,103.7,109.1,21492.0,3895.0,18.12,A-1 (PK 103.7 a 109.1)
Madrid,A-4,29.2,34.0,70863.0,11917.0,16.82,A-4 (PK 29.2 a 34.0)
Lugo,A-54,23.3,34.0,5902.0,766.0,12.98,A-54 (PK 23.3 a 34.0)
Granada,GR-43,8.7,12.55,9151.0,1523.0,16.64,GR-43 (PK 8.7 a 12.55)
La Rioja,N-111,262.48,268.7,1937.0,262.0,13.53,N-111 (PK 262.48 a 268.7)
Teruel,N-211,121.9,129.9,1026.0,164.0,15.98,N-211 (PK 121.9 a 129.9)
Huesca,N-230,56.6,61.8,4009.0,580.0,14.47,N-230 (PK 56.6 a 61.8)
Castellón,N-232,15.9,20.0,5257.0,366.0,6.96,N-232 (PK 15.9 a 20.0)
Zaragoza,N-232,196.2,204.0,6096.0,787.0,12.91,N-232 (PK 196.2 a 204.0)
Zaragoza,N-234,294.2,300.9,1318.0,379.0,28.76,N-234 (PK 294.2 a 300.9)
Lleida,N-260R,0.0,0.4,5345.0,144.0,2.69,N-260R (PK 0.0 a 0.4)
Cuenca,N-3,187.1,191.9,1374.0,517.0,37.63,N-3 (PK 187.1 a 191.9)
Almería,N-340A,471.4,478.7,4083.0,1123.0,27.5,N-340A (PK 471.4 a 478.7)
Pontevedra,N-541,87.3,91106,5831.0,324.0,5.56,N-541 (PK 87.3 a 91.106)
A Coruña,N-6,555.5,562.9,1145.0,125.0,10.92,N-6 (PK 555.5 a 562.9)
Cantabria,N-611,196.7,197.6,9289.0,347.0,3.74,N-611 (PK 196.7 a 197.6)
Salamanca,N-630A,397976,398.5,164.0,11.0,6.71,N-630A (PK 397.976 a 398.5)
Valencia,A-7,398.2,400.2,17215.0,3018.0,17.53,A-7 (PK 398.2 a 400.2)
Segovia,A-1,130.0,133.5,20531.0,3226.0,15.71,A-1 (PK 130.0 a 133.5)
Guadalajara,A-2,131.6,134.3,21726.0,7126.0,32.8,A-2 (PK 131.6 a 134.3)
Sevilla,A-4,552.7,558.5,47890.0,4843.0,10.11,A-4 (PK 552.7 a 558.5)
Valladolid,A-62,113.1,117.1,27658.0,5474.0,19.79,A-62 (PK 113.1 a 117.1)
Alicante/Alacant,A-70,0.0,5.0,40241.0,2879.0,7.15,A-70 (PK 0.0 a 5.0)
Asturias,A-8,454.8,460.1,16311.0,2079.0,12.75,A-8 (PK 454.8 a 460.1)
Madrid,M-40,18.1,20.8,150090.0,7166.0,4.77,M-40 (PK 18.1 a 20.8)
Palencia,N-120,214.3,223.2,207.0,24.0,11.59,N-120 (PK 214.3 a 223.2)
La Rioja,N-232,420.7,426.6,6704.0,504.0,7.52,N-232 (PK 420.7 a 426.6)
Ourense,N-525,145.0,148.3,377.0,25.0,6.63,N-525 (PK 145.0 a 148.3)
Asturias,N-634,543.1,546.8,3259.0,199.0,6.11,N-634 (PK 543.1 a 546.8)
Lugo,N-642,26.95,30.4,11640.0,684.0,5.88,N-642 (PK 26.95 a 30.4)
Cuenca,A-31,18.8,29.8,13149.0,2037.0,15.49,A-31 (PK 18.8 a 29.8)
Cuenca,A-40,262.7,270.0,4536.0,408.0,8.99,A-40 (PK 262.7 a 270.0)
Badajoz,A-5,309.7,316.1,8763.0,1778.0,20.29,A-5 (PK 309.7 a 316.1)
Girona,N-2,710.9,714.5,11155.0,628.0,5.63,N-2 (PK 710.9 a 714.5)
Cuenca,N-320,144.1,147.9,4185.0,380.0,9.08,N-320 (PK 144.1 a 147.9)
Jaén,N-322,207.4,214.5,4540.0,584.0,12.86,N-322 (PK 207.4 a 214.5)
Valencia,N-332,204.64,206.8,10475.0,1004.0,9.58,N-332 (PK 204.64 a 206.8)
Cuenca,N-420,386.1,394.0,1379.0,239.0,17.33,N-420 (PK 386.1 a 394.0)
Badajoz,N-430,166.6,182.1,1539.0,667.0,43.34,N-430 (PK 166.6 a 182.1)
Sevilla,N-433,54.2,58.5,2858.0,289.0,10.11,N-433 (PK 54.2 a 58.5)
Sevilla,N-4A,508.25,512.6,2707.0,171.0,6.32,N-4A (PK 508.25 a 512.6)
Ourense,N-525,174.0,177.3,2931.0,160.0,5.46,N-525 (PK 174.0 a 177.3)
Sevilla,SE-40,7.2,13.3,37957.0,5995.0,15.79,SE-40 (PK 7.2 a 13.3)
Córdoba,A-4,397.8,403.2,57552.0,7170.0,12.46,A-4 (PK 397.8 a 403.2)
Lugo,A-6,522.9,528.8,19789.0,3701.0,18.7,A-6 (PK 522.9 a 528.8)
Zamora,A-66,275.9,276.6,7980.0,1009.0,12.64,A-66 (PK 275.9 a 276.6)
Ávila,N-501,34.2,41.0,569.0,42.0,7.38,N-501 (PK 34.2 a 41.0)
Toledo,N-502,92.7,103.3,3322.0,246.0,7.41,N-502 (PK 92.7 a 103.3)
Cáceres,N-630,546.4,553.0,16047.0,905.0,5.64,N-630 (PK 546.4 a 553.0)
Asturias,N-632A,159.29,161.33,369.0,18.0,4.88,N-632A (PK 159.29 a 161.33)
A Coruña,N-651,22.0,26.0,9404.0,301.0,3.2,N-651 (PK 22.0 a 26.0)
Valencia,A-7,358293,361.3,81206.0,14726.0,18.13,A-7 (PK 358.293 a 361.3)
Valencia,A-7,355.6,358293,87156.0,16270.0,18.67,A-7 (PK 355.6 a 358.293)
Almería,A-7,786.3,790.8,48839.0,5111.0,10.46,A-7 (PK 786.3 a 790.8)
Madrid,A-1,57.1,60.1,30223.0,4654.0,15.4,A-1 (PK 57.1 a 60.1)
Albacete,A-31,79.9,87.9,18247.0,1981.0,10.86,A-31 (PK 79.9 a 87.9)
Jaén,A-32,39.0,42.5,6575.0,541.0,8.23,A-32 (PK 39.0 a 42.5)
Badajoz,A-5,381.0,394.2,20867.0,3525.0,16.89,A-5 (PK 381.0 a 394.2)
León,A-6,339.0,347.5,14284.0,3296.0,23.07,A-6 (PK 339.0 a 347.5)
Alicante/Alacant,A-70,21.5,25.7,78977.0,6018.0,7.62,A-70 (PK 21.5 a 25.7)
Lugo,A-8,542.0,551.4,9010.0,1423.0,15.79,A-8 (PK 542.0 a 551.4)
Cádiz,CA-33,7.41,13.24,50778.0,2062.0,4.06,CA-33 (PK 7.41 a 13.24)
Alicante/Alacant,N-332,95.81,97.85,31990.0,953.0,2.98,N-332 (PK 95.81 a 97.85)
Teruel,N-420,759.7,764.9,1586.0,220.0,13.87,N-420 (PK 759.7 a 764.9)
Granada,N-432,407.0,410.0,8154.0,1452.0,17.81,N-432 (PK 407.0 a 410.0)
Burgos,N-620A,6.5,12.15,1944.0,512.0,26.34,N-620A (PK 6.5 a 12.15)
León,N-625,20.2,29.5,3193.0,335.0,10.49,N-625 (PK 20.2 a 29.5)
Zamora,N-630,204.2,205.3,2406.0,321.0,13.34,N-630 (PK 204.2 a 205.3)
Badajoz,N-630,702.7,715.9,1866.0,125.0,6.7,N-630 (PK 702.7 a 715.9)
Asturias,N-634,515.4,517.3,3395.0,286.0,8.42,N-634 (PK 515.4 a 517.3)
Valencia,A-7,361.3,366.4,87156.0,16270.0,18.67,A-7 (PK 361.3 a 366.4)
Murcia,A-7,569.45,575.4,77141.0,9621.0,12.47,A-7 (PK 569.45 a 575.4)
Albacete,A-31,39.9,50.5,29269.0,4915.0,16.79,A-31 (PK 39.9 a 50.5)
Sevilla,A-66,782.1,789.3,26589.0,4169.0,15.68,A-66 (PK 782.1 a 789.3)
Guadalajara,N-204,47.4,52.0,2093.0,179.0,8.55,N-204 (PK 47.4 a 52.0)
Valencia,N-330,153.3,157.7,1411.0,109.0,7.73,N-330 (PK 153.3 a 157.7)
Tarragona,N-420A,830.2,830.91,5902.0,254.0,4.3,N-420A (PK 830.2 a 830.91)
Ciudad Real,N-430,289.2,294.7,2972.0,633.0,21.3,N-430 (PK 289.2 a 294.7)
León,N-630,99.1,105.4,3081.0,216.0,7.01,N-630 (PK 99.1 a 105.4)
León,N-630,186.9,197.5,1351.0,271.0,20.06,N-630 (PK 186.9 a 197.5)
Cantabria,N-634,193.1,193.7,6778.0,312.0,4.6,N-634 (PK 193.1 a 193.7)
Madrid,A-6,30.0,36.9,104900.0,16025.0,15.28,A-6 (PK 30.0 a 36.9)
Teruel,N-211,183.5,189.9,1674.0,432.0,25.81,N-211 (PK 183.5 a 189.9)
Castellón,N-234,17.78,19.5,202.0,52.0,25.74,N-234 (PK 17.78 a 19.5)
Cuenca,N-320,165.7,172.2,1223.0,215.0,17.58,N-320 (PK 165.7 a 172.2)
Guadalajara,N-320,224.0,227.1,3469.0,320.0,9.22,N-320 (PK 224.0 a 227.1)
Córdoba,N-502,385.0,391.0,4868.0,501.0,10.29,N-502 (PK 385.0 a 391.0)
Pontevedra,N-541,56.6,59.9,2008.0,206.0,10.26,N-541 (PK 56.6 a 59.9)
Zamora,N-630,295.2,295.8,268.0,41.0,15.3,N-630 (PK 295.2 a 295.8)
Zaragoza,Z-40,19.8,27.6,49160.0,2983.0,6.07,Z-40 (PK 19.8 a 27.6)
Alicante/Alacant,A-31,217.9,220.6,61529.0,8308.0,13.5,A-31 (PK 217.9 a 220.6)
Asturias,A-63,18.9,23.7,7611.0,522.0,6.86,A-63 (PK 18.9 a 23.7)
Huesca,N-123,14.6,20.7,4588.0,453.0,9.87,N-123 (PK 14.6 a 20.7)
Toledo,N-301,124.6,131.3,3224.0,1226.0,38.03,N-301 (PK 124.6 a 131.3)
Valencia,N-322,437.2,441.2,1973.0,333.0,16.88,N-322 (PK 437.2 a 441.2)
Alicante/Alacant,N-340,726.1,726.9,15543.0,707.0,4.55,N-340 (PK 726.1 a 726.9)
Cádiz,N-349,0.9,3.22,16775.0,2015.0,12.01,N-349 (PK 0.9 a 3.22)
Toledo,N-400,63843,69.0,284.0,32.0,11.27,N-400 (PK 63.843 a 69.0)
Ciudad Real,N-420,165.2,170.2,1540.0,198.0,12.86,N-420 (PK 165.2 a 170.2)
Huelva,N-431,127.7,130.4,8834.0,462.0,5.23,N-431 (PK 127.7 a 130.4)
Toledo,N-502A,109758,114.6,8735.0,588.0,6.73,N-502A (PK 109.758 a 114.6)
Segovia,N-6,66.7,75.7,7580.0,1002.0,13.22,N-6 (PK 66.7 a 75.7)
Valladolid,N-6,202.0,203.3,257.0,73.0,28.4,N-6 (PK 202.0 a 203.3)
Cáceres,N-630,556.5,563.6,2725.0,159.0,5.83,N-630 (PK 556.5 a 563.6)
Huesca,A-22,43.7,47.8,9803.0,1888.0,19.26,A-22 (PK 43.7 a 47.8)
Albacete,A-31,110.9,123.4,16886.0,2756.0,16.32,A-31 (PK 110.9 a 123.4)
Ciudad Real,A-4,220.1,230.4,26242.0,6128.0,23.35,A-4 (PK 220.1 a 230.4)
Jaén,A-4,328.8,334.7,16658.0,5203.0,31.23,A-4 (PK 328.8 a 334.7)
Córdoba,A-4,410.4,416.9,25389.0,4758.0,18.74,A-4 (PK 410.4 a 416.9)
Ourense,A-52,210.3,217.1,20962.0,3143.0,14.99,A-52 (PK 210.3 a 217.1)
Lugo,A-6,500171,506.9,25909.0,3434.0,13.25,A-6 (PK 500.171 a 506.9)
Lugo,A-6,497.0,500171,16637.0,2990.0,17.97,A-6 (PK 497.0 a 500.171)
Alicante/Alacant,A-70,13.3,15.5,87576.0,5399.0,6.16,A-70 (PK 13.3 a 15.5)
Ávila,N-110,297.6,301.1,3716.0,283.0,7.62,N-110 (PK 297.6 a 301.1)
Soria,N-122,237.3,238.1,148.0,45.0,30.41,N-122 (PK 237.3 a 238.1)
Valencia,N-225,2.3,4.1,6130.0,890.0,14.52,N-225 (PK 2.3 a 4.1)
Huesca,N-240,186.0,193.0,519.0,32.0,6.17,N-240 (PK 186.0 a 193.0)
Guadalajara,N-320,214.8,219.6,2660.0,245.0,9.21,N-320 (PK 214.8 a 219.6)
Madrid,N-320,317.0,323.6,3394.0,257.0,7.57,N-320 (PK 317.0 a 323.6)
Huesca,N-330,646.4,651.6,3697.0,401.0,10.85,N-330 (PK 646.4 a 651.6)
Cádiz,N-340,127.2,130.9,1363.0,73.0,5.36,N-340 (PK 127.2 a 130.9)
Toledo,N-401,120.9,131.5,2981.0,363.0,12.18,N-401 (PK 120.9 a 131.5)
Badajoz,N-435,35.7,45.4,2867.0,320.0,11.16,N-435 (PK 35.7 a 45.4)
Ávila,N-502,6149,12.4,3728.0,207.0,5.55,N-502 (PK 6.149 a 12.4)
Ávila,N-502,59.9,62.7,1761.0,97.0,5.51,N-502 (PK 59.9 a 62.7)
Ciudad Real,N-502,310.7,311.6,613.0,40.0,6.53,N-502 (PK 310.7 a 311.6)
Ourense,N-532,11.9,14.82,2377.0,78.0,3.28,N-532 (PK 11.9 a 14.82)
Lugo,N-540,42.7,46.4,4330.0,425.0,9.82,N-540 (PK 42.7 a 46.4)
Ourense,N-541,13.6,16.7,2248.0,195.0,8.67,N-541 (PK 13.6 a 16.7)
Pontevedra,N-541,76.2,82.0,4176.0,364.0,8.72,N-541 (PK 76.2 a 82.0)
Pontevedra,N-550,109.5,115.2,8765.0,519.0,5.92,N-550 (PK 109.5 a 115.2)
Burgos,N-622,57.2,62.8,1332.0,246.0,18.47,N-622 (PK 57.2 a 62.8)
Valencia,A-7,380.7,382.6,58181.0,12456.0,21.41,A-7 (PK 380.7 a 382.6)
Segovia,A-1,109.1,115.4,21492.0,3895.0,18.12,A-1 (PK 109.1 a 115.4)
Madrid,A-2,5.9,10.1,125529.0,5888.0,4.69,A-2 (PK 5.9 a 10.1)
Teruel,A-23,62.7,70.1,14141.0,3755.0,26.55,A-23 (PK 62.7 a 70.1)
Jaén,A-32,42.5,62.75,5654.0,432.0,7.64,A-32 (PK 42.5 a 62.75)
Jaén,A-44,2.4,12.1,22766.0,3934.0,17.28,A-44 (PK 2.4 a 12.1)
Alicante/Alacant,EL-20,1.2,2.9,28472.0,1677.0,5.89,EL-20 (PK 1.2 a 2.9)
Ávila,N-110,328.9,335.8,1930.0,102.0,5.28,N-110 (PK 328.9 a 335.8)
Lleida,N-2,504.0,504.84,4306.0,116.0,2.69,N-2 (PK 504.0 a 504.84)
Teruel,N-211,129.9,132.0,1026.0,164.0,15.98,N-211 (PK 129.9 a 132.0)
Zaragoza,N-240,317.0,325.2,189.0,17.0,8.99,N-240 (PK 317.0 a 325.2)
Toledo,N-401,90.4,95.8,3460.0,605.0,17.49,N-401 (PK 90.4 a 95.8)
Ávila,N-502,78.4,83.3,2552.0,162.0,6.35,N-502 (PK 78.4 a 83.3)
León,N-601,279.3,285697,2710.0,487.0,17.97,N-601 (PK 279.3 a 285.697)
León,N-601,285697,288.2,2478.0,426.0,17.19,N-601 (PK 285.697 a 288.2)
Teruel,A-23,144.0,150.5,12663.0,3578.0,28.26,A-23 (PK 144.0 a 150.5)
Ciudad Real,A-4,213.3,220.1,27035.0,8562.0,31.67,A-4 (PK 213.3 a 220.1)
Ciudad Real,A-41,159.7,163.4,10448.0,658.0,6.3,A-41 (PK 159.7 a 163.4)
La Rioja,N-232,351.4,360.6,9116.0,1077.0,11.81,N-232 (PK 351.4 a 360.6)
Girona,N-260,37.55,40.3,10904.0,290.0,2.66,N-260 (PK 37.55 a 40.3)
Valencia,N-330,199.6,202.8,2568.0,200.0,7.79,N-330 (PK 199.6 a 202.8)
Sevilla,N-630,790.56,794.8,1400.0,68.0,4.86,N-630 (PK 790.56 a 794.8)
Tarragona,A-7,1151.6,1152.6,37067.0,1887.0,5.09,A-7 (PK 1151.6 a 1152.6)
Madrid,A-1,68.7,71.8,24858.0,4050.0,16.29,A-1 (PK 68.7 a 71.8)
Albacete,A-31,87.9,91.2,18247.0,1981.0,10.86,A-31 (PK 87.9 a 91.2)
Murcia,A-33,5.4,13.4,14327.0,4029.0,28.12,A-33 (PK 5.4 a 13.4)
Ciudad Real,A-4,136.5,144.4,22408.0,5144.0,22.96,A-4 (PK 136.5 a 144.4)
Sevilla,A-49,16.2,22.9,43808.0,4717.0,10.77,A-49 (PK 16.2 a 22.9)
Palencia,A-67,54.8,70.5,9351.0,1104.0,11.81,A-67 (PK 54.8 a 70.5)
Alicante/Alacant,A-70,18333,21.3,91019.0,5456.0,5.99,A-70 (PK 18.333 a 21.3)
Alicante/Alacant,A-70,17.0,18333,53939.0,3306.0,6.13,A-70 (PK 17.0 a 18.333)
Almería,A-92,375465,382.6,12720.0,2300.0,18.08,A-92 (PK 375.465 a 382.6)
Guadalajara,N-211,33.8,43.0,2653.0,483.0,18.21,N-211 (PK 33.8 a 43.0)
Ciudad Real,N-430,414.8,419.4,776.0,69.0,8.89,N-430 (PK 414.8 a 419.4)
Córdoba,N-502,381.0,385.0,4615.0,555.0,12.03,N-502 (PK 381.0 a 385.0)
Cáceres,N-521,97.4,108.2,1354.0,165.0,12.19,N-521 (PK 97.4 a 108.2)
Zamora,N-525,94.0,94.9,373.0,37.0,9.92,N-525 (PK 94.0 a 94.9)
A Coruña,N-550,36.9,43.1,10763.0,1073.0,9.97,N-550 (PK 36.9 a 43.1)
Palencia,N-611,42.2,51.9,655.0,164.0,25.04,N-611 (PK 42.2 a 51.9)
Salamanca,N-630,320.1,321.0,2547.0,100.0,3.93,N-630 (PK 320.1 a 321.0)
A Coruña,N-634,696.3,701.9,4725.0,1180.0,24.97,N-634 (PK 696.3 a 701.9)
Zaragoza,A-68,287.5,289543,14254.0,5904.0,41.42,A-68 (PK 287.5 a 289.543)
Zaragoza,A-68,289543,292935,14254.0,5904.0,41.42,A-68 (PK 289.543 a 292.935)
Córdoba,A-4,395.72,397.8,34332.0,5734.0,16.7,A-4 (PK 395.72 a 397.8)
Córdoba,A-4,390.8,395.72,28057.0,5573.0,19.86,A-4 (PK 390.8 a 395.72)
Madrid,A-42,17.1,19.3,90376.0,4670.0,5.17,A-42 (PK 17.1 a 19.3)
Madrid,A-5,24.4,31.2,79755.0,3963.0,4.97,A-5 (PK 24.4 a 31.2)
Cádiz,CA-34,0.0,3.1,38039.0,2103.0,5.53,CA-34 (PK 0.0 a 3.1)
Burgos,N-1,302.0,306.7,3159.0,692.0,21.91,N-1 (PK 302.0 a 306.7)
Huesca,N-123,3078,5.9,8487.0,637.0,7.51,N-123 (PK 3.078 a 5.9)
Huesca,N-123,0.0,3078,6884.0,516.0,7.5,N-123 (PK 0.0 a 3.078)
Albacete,N-301,322.7,327.78,260.0,12.0,4.62,N-301 (PK 322.7 a 327.78)
Córdoba,N-331,39.5,45.1,7603.0,536.0,7.05,N-331 (PK 39.5 a 45.1)
Tarragona,N-340A,1171435,1172.4,10213.0,834.0,8.17,N-340A (PK 1171.435 a 1172.4)
Ávila,N-502,67.5,70.0,2960.0,164.0,5.54,N-502 (PK 67.5 a 70.0)
Badajoz,N-523,50.6,64.7,4349.0,643.0,14.79,N-523 (PK 50.6 a 64.7)
Zamora,N-630,232.6,233.3,397.0,53.0,13.35,N-630 (PK 232.6 a 233.3)
Asturias,N-634,341.4,344.7,6141.0,341.0,5.55,N-634 (PK 341.4 a 344.7)
Lugo,N-634,600.6,605.95,1061.0,109.0,10.27,N-634 (PK 600.6 a 605.95)
Tarragona,A-27,1.6,2.6,40075.0,4442.0,11.08,A-27 (PK 1.6 a 2.6)
Huesca,N-230,41.6,44.5,4024.0,582.0,14.46,N-230 (PK 41.6 a 44.5)
Ciudad Real,N-310,96.1,104.3,81.0,9.0,11.11,N-310 (PK 96.1 a 104.3)
Granada,N-323,166.97,168.5,1244.0,43.0,3.46,N-323 (PK 166.97 a 168.5)
Valencia,N-330,149.5,152.3,1411.0,109.0,7.73,N-330 (PK 149.5 a 152.3)
Cuenca,N-400,139.1,145.5,76.0,3.0,3.95,N-400 (PK 139.1 a 145.5)
Córdoba,N-432A,257.7,262065,203.0,17.0,8.37,N-432A (PK 257.7 a 262.065)
Segovia,N-603,81.0,88.7,5484.0,376.0,6.86,N-603 (PK 81.0 a 88.7)
Palencia,N-611,31.3,34.5,932.0,141.0,15.13,N-611 (PK 31.3 a 34.5)
Madrid,A-3,7182,9.7,161776.0,7348.0,4.54,A-3 (PK 7.182 a 9.7)
Madrid,A-3,5.8,7182,149456.0,4447.0,2.98,A-3 (PK 5.8 a 7.182)
Pontevedra,N-120,631.1,634.1,4221.0,201.0,4.76,N-120 (PK 631.1 a 634.1)
Granada,N-323A,86.6,87.92,1336.0,131.0,9.81,N-323A (PK 86.6 a 87.92)
Ciudad Real,N-420,133.1,139.5,1814.0,261.0,14.39,N-420 (PK 133.1 a 139.5)
A Coruña,N-547,82.0,86.4,2389.0,260.0,10.88,N-547 (PK 82.0 a 86.4)
Cantabria,N-634,191.0,191.6,7276.0,392.0,5.39,N-634 (PK 191.0 a 191.6)
Soria,SO-20,7.8,8.9,9356.0,911.0,9.74,SO-20 (PK 7.8 a 8.9)
Murcia,A-7,585.0,588.01,47951.0,8563.0,17.86,A-7 (PK 585.0 a 588.01)
Murcia,A-7,588.01,591.2,47897.0,8682.0,18.13,A-7 (PK 588.01 a 591.2)
Almería,A-7,715.5,718.7,14393.0,2956.0,20.54,A-7 (PK 715.5 a 718.7)
Granada,A-44,111.4,114.9,28840.0,3647.0,12.65,A-44 (PK 111.4 a 114.9)
Toledo,A-5,130.0,142.1,22220.0,3959.0,17.82,A-5 (PK 130.0 a 142.1)
Zaragoza,N-2,364.5,373.5,1309.0,758.0,57.91,N-2 (PK 364.5 a 373.5)
Burgos,N-232,562.0,569.72,1001.0,74.0,7.39,N-232 (PK 562.0 a 569.72)
Segovia,N-6,56.98,62.4,13302.0,1759.0,13.22,N-6 (PK 56.98 a 62.4)
Valladolid,N-610,44.8,45.3,2220.0,779.0,35.09,N-610 (PK 44.8 a 45.3)
Zaragoza,A-21,65.7,72679,3294.0,221.0,6.71,A-21 (PK 65.7 a 72.679)
Valencia,A-3,339.6,345.5,67426.0,12817.0,19.01,A-3 (PK 339.6 a 345.5)
Guadalajara,N-211,82.4,91.55,1916.0,428.0,22.34,N-211 (PK 82.4 a 91.55)
La Rioja,N-232,384.1,390.8,6933.0,857.0,12.36,N-232 (PK 384.1 a 390.8)
Zaragoza,N-234,245.5,250.4,2441.0,266.0,10.9,N-234 (PK 245.5 a 250.4)
Zaragoza,N-234,250.4,255.8,3663.0,401.0,10.95,N-234 (PK 250.4 a 255.8)
Guadalajara,N-320,265.2,271.8,19068.0,1371.0,7.19,N-320 (PK 265.2 a 271.8)
Málaga,N-331,114.3,118.39,3458.0,293.0,8.47,N-331 (PK 114.3 a 118.39)
Cádiz,N-351,4.6,7.3,21997.0,1156.0,5.26,N-351 (PK 4.6 a 7.3)
Madrid,N-400,12.8,23.93,8098.0,912.0,11.26,N-400 (PK 12.8 a 23.93)
Cuenca,N-420,394.0,400.9,4344.0,283.0,6.51,N-420 (PK 394.0 a 400.9)
Teruel,N-420,754.4,759.7,1586.0,220.0,13.87,N-420 (PK 754.4 a 759.7)
Valencia,N-420A,527.0,529.25,33.0,5.0,15.15,N-420A (PK 527.0 a 529.25)
Albacete,N-430,449.0,455.8,1714.0,158.0,9.22,N-430 (PK 449.0 a 455.8)
Cáceres,N-5,216.4,226.2,69.0,4.0,5.8,N-5 (PK 216.4 a 226.2)
Toledo,N-502,138.9,146.6,2582.0,191.0,7.4,N-502 (PK 138.9 a 146.6)
Ourense,N-525,159.0,164.5,555.0,53.0,9.55,N-525 (PK 159.0 a 164.5)
Pontevedra,N-640,157.9,163.6,4115.0,578.0,14.05,N-640 (PK 157.9 a 163.6)
Salamanca,SA-11,336.1,336.83,11305.0,443.0,3.92,SA-11 (PK 336.1 a 336.83)
Valencia,A-7,372.9,376.3,64296.0,13876.0,21.58,A-7 (PK 372.9 a 376.3)
Alicante/Alacant,A-7,435.6,441.4,17117.0,1621.0,9.47,A-7 (PK 435.6 a 441.4)
Albacete,A-31,155.3,165.54,14214.0,1767.0,12.43,A-31 (PK 155.3 a 165.54)
Toledo,A-42,40.6,47.2,44427.0,4384.0,9.87,A-42 (PK 40.6 a 47.2)
Asturias,A-64,0.0,11.0,11509.0,795.0,6.91,A-64 (PK 0.0 a 11.0)
Asturias,A-8,483.1,487.5,10512.0,1689.0,16.07,A-8 (PK 483.1 a 487.5)
Ávila,N-110,239.0,246.1,4221.0,639.0,15.14,N-110 (PK 239.0 a 246.1)
Zaragoza,N-122,76.3,83.8,5422.0,1446.0,26.67,N-122 (PK 76.3 a 83.8)
Castellón,N-225,49.2,51.49,3984.0,202.0,5.07,N-225 (PK 49.2 a 51.49)
Huesca,N-260A,468.3,474.4,1622.0,52.0,3.21,N-260A (PK 468.3 a 474.4)
Murcia,N-301,363.0,368.5,842.0,118.0,14.01,N-301 (PK 363.0 a 368.5)
Murcia,N-344,44.1,49.4,196.0,18.0,9.18,N-344 (PK 44.1 a 49.4)
Murcia,N-344,49.4,55.9,196.0,18.0,9.18,N-344 (PK 49.4 a 55.9)
Cuenca,N-420,346.6,354.5,776.0,87.0,11.21,N-420 (PK 346.6 a 354.5)
Huelva,N-435,145.4,148.6,1673.0,291.0,17.39,N-435 (PK 145.4 a 148.6)
A Coruña,N-525,327.9,331.6,9881.0,805.0,8.15,N-525 (PK 327.9 a 331.6)
Lugo,N-6,470.7,474.4,2126.0,191.0,8.98,N-6 (PK 470.7 a 474.4)
Cantabria,N-634,249.2,249.9,2384.0,76.0,3.19,N-634 (PK 249.2 a 249.9)
Murcia,A-7,601.8,608.6,45288.0,9536.0,21.06,A-7 (PK 601.8 a 608.6)
Barcelona,A-2,575.5,576.2,45715.0,7089.0,15.51,A-2 (PK 575.5 a 576.2)
Ciudad Real,A-43,80.9,85.6,9442.0,3625.0,38.39,A-43 (PK 80.9 a 85.6)
Barcelona,B-20,2.7,3.5,153790.0,7890.0,5.13,B-20 (PK 2.7 a 3.5)
La Rioja,N-111,283.47,285.0,2516.0,341.0,13.55,N-111 (PK 283.47 a 285.0)
La Rioja,N-111,282.0,283.47,2419.0,283.0,11.7,N-111 (PK 282.0 a 283.47)
Tarragona,N-420,794.4,795.3,3257.0,499.0,15.32,N-420 (PK 794.4 a 795.3)
Ciudad Real,N-430,306676,308.6,14809.0,285.0,1.92,N-430 (PK 306.676 a 308.6)
Valladolid,N-6,196.4,197.5,88.0,25.0,28.41,N-6 (PK 196.4 a 197.5)
Asturias,N-632A,97.25,100.7,10110.0,417.0,4.12,N-632A (PK 97.25 a 100.7)
Valladolid,VA-30,0.0,2.6,12394.0,2277.0,18.37,VA-30 (PK 0.0 a 2.6)
Madrid,A-3,3.8,5.8,149456.0,4447.0,2.98,A-3 (PK 3.8 a 5.8)
Cuenca,A-43,161.5,171.7,7316.0,2928.0,40.02,A-43 (PK 161.5 a 171.7)
Madrid,M-40,15.4,18.1,150090.0,7166.0,4.77,M-40 (PK 15.4 a 18.1)
Soria,N-122,109.6,110.4,7159.0,740.0,10.34,N-122 (PK 109.6 a 110.4)
Madrid,N-320,327.1,331.6,3394.0,257.0,7.57,N-320 (PK 327.1 a 331.6)
Toledo,N-403,13.8,21.7,564.0,26.0,4.61,N-403 (PK 13.8 a 21.7)
Ourense,N-525,126.4,130.6,1787.0,173.0,9.68,N-525 (PK 126.4 a 130.6)
Alicante/Alacant,A-31,220.6,223.3,61529.0,8308.0,13.5,A-31 (PK 220.6 a 223.3)
Ávila,N-110,347.0,352.04,2316.0,176.0,7.6,N-110 (PK 347.0 a 352.04)
Alicante/Alacant,N-332,54.4,57.3,45590.0,1305.0,2.86,N-332 (PK 54.4 a 57.3)
Granada,N-340,351.9,353.3,5470.0,277.0,5.06,N-340 (PK 351.9 a 353.3)
Teruel,N-420,653.0,656.4,2707.0,213.0,7.87,N-420 (PK 653.0 a 656.4)
Ourense,N-525,153.2,158.0,555.0,53.0,9.55,N-525 (PK 153.2 a 158.0)
Lugo,N-6,528.8,535.2,1295.0,147.0,11.35,N-6 (PK 528.8 a 535.2)
Asturias,N-632,59.6,63.3,331.0,33.0,9.97,N-632 (PK 59.6 a 63.3)
Madrid,A-3,22.3,28.5,60348.0,5050.0,8.37,A-3 (PK 22.3 a 28.5)
Murcia,A-30,84.13,89.0,14911.0,3633.0,24.36,A-30 (PK 84.13 a 89.0)
Murcia,A-30,163.2,169.1,38728.0,6903.0,17.82,A-30 (PK 163.2 a 169.1)
Castellón,N-232,27.2,29.0,4311.0,726.0,16.84,N-232 (PK 27.2 a 29.0)
La Rioja,N-232,429.0,434.0,5689.0,428.0,7.52,N-232 (PK 429.0 a 434.0)
Soria,N-234,320.1,320.6,1665.0,397.0,23.84,N-234 (PK 320.1 a 320.6)
Huesca,N-240,180.4,186.0,519.0,32.0,6.17,N-240 (PK 180.4 a 186.0)
Granada,N-323,181.2,187.1,2619.0,150.0,5.73,N-323 (PK 181.2 a 187.1)
Málaga,N-340A,263.5,269.3,10410.0,617.0,5.93,N-340A (PK 263.5 a 269.3)
Murcia,N-344,59.1,61.8,4125.0,306.0,7.42,N-344 (PK 59.1 a 61.8)
Córdoba,N-432,257.8,264.7,13547.0,1070.0,7.9,N-432 (PK 257.8 a 264.7)
Córdoba,N-432,315.4,322.3,3783.0,505.0,13.35,N-432 (PK 315.4 a 322.3)
Tarragona,T-11,12.2,13.2,41380.0,2081.0,5.03,T-11 (PK 12.2 a 13.2)
Almería,A-7,735.3,742.3,19643.0,3119.0,15.88,A-7 (PK 735.3 a 742.3)
Málaga,A-7,989.0,991.0,52210.0,7407.0,14.19,A-7 (PK 989.0 a 991.0)
Girona,A-26,68.85,75.1,15050.0,1321.0,8.78,A-26 (PK 68.85 a 75.1)
Lugo,A-8,515.6,523.5,10927.0,1539.0,14.08,A-8 (PK 515.6 a 523.5)
Soria,N-2,143.1,144.15,730.0,179.0,24.52,N-2 (PK 143.1 a 144.15)
Granada,N-340,359.25,363.5,885.0,39.0,4.41,N-340 (PK 359.25 a 363.5)
Murcia,N-342,92.1,95.2,295.0,28.0,9.49,N-342 (PK 92.1 a 95.2)
Murcia,N-345,0.0,2.9,1125.0,141.0,12.53,N-345 (PK 0.0 a 2.9)
Segovia,N-6,75.7,84.0,6555.0,1353.0,20.64,N-6 (PK 75.7 a 84.0)
Cantabria,N-623,144.9,145.5,12452.0,541.0,4.34,N-623 (PK 144.9 a 145.5)
Valencia,V-31R,0.0,2.0,25945.0,2282.0,8.8,V-31R (PK 0.0 a 2.0)
Almería,A-7,805.4,809.2,41849.0,3999.0,9.56,A-7 (PK 805.4 a 809.2)
Málaga,A-7,1028.1,1033.55,68391.0,3456.0,5.05,A-7 (PK 1028.1 a 1033.55)
Teruel,A-23,136.7,144.0,12663.0,3578.0,28.26,A-23 (PK 136.7 a 144.0)
Ciudad Real,A-41,166.7,171.9,14052.0,1117.0,7.95,A-41 (PK 166.7 a 171.9)
Madrid,M-40,29.6,35.0,109608.0,5242.0,4.78,M-40 (PK 29.6 a 35.0)
Lugo,N-120,512.2,521271,3138.0,435.0,13.86,N-120 (PK 512.2 a 521.271)
Lugo,N-120,521271,523.3,4307.0,530.0,12.31,N-120 (PK 521.271 a 523.3)
Teruel,N-234,138.0,143.4,1248.0,245.0,19.63,N-234 (PK 138.0 a 143.4)
Granada,N-432,419.8,425.6,6585.0,305.0,4.63,N-432 (PK 419.8 a 425.6)
Palencia,N-611,59.9,68.9,705.0,137.0,19.43,N-611 (PK 59.9 a 68.9)
Salamanca,N-620,291.2,292.5,969.0,200.0,20.64,N-620 (PK 291.2 a 292.5)
Asturias,N-632,31208,36.5,456.0,44.0,9.65,N-632 (PK 31.208 a 36.5)
Valencia,A-7,313.6,320.7,119357.0,19636.0,16.45,A-7 (PK 313.6 a 320.7)
Madrid,A-1,40.2,44.1,41405.0,4422.0,10.68,A-1 (PK 40.2 a 44.1)
Segovia,A-1,123.3,130.0,20337.0,4002.0,19.68,A-1 (PK 123.3 a 130.0)
Valencia,A-3,288.2,296.0,33862.0,7586.0,22.4,A-3 (PK 288.2 a 296.0)
Segovia,N-110,119.8,124.8,3725.0,270.0,7.25,N-110 (PK 119.8 a 124.8)
Tarragona,N-240,13.0,13.7,6773.0,549.0,8.11,N-240 (PK 13.0 a 13.7)
Valencia,N-332,241.4,242.65,10592.0,1015.0,9.58,N-332 (PK 241.4 a 242.65)
Ciudad Real,N-430,378.1,385.4,1472.0,126.0,8.56,N-430 (PK 378.1 a 385.4)
Ourense,N-540,69.2,78.57,3564.0,349.0,9.79,N-540 (PK 69.2 a 78.57)
Lugo,N-6,507.2,513.7,6466.0,544.0,8.41,N-6 (PK 507.2 a 513.7)
León,N-621,9.0,14.7,1524.0,52.0,3.41,N-621 (PK 9.0 a 14.7)
Salamanca,N-630,341.7,342.31,22113.0,728.0,3.29,N-630 (PK 341.7 a 342.31)
Cantabria,N-634,244.2,245.0,2669.0,171.0,6.41,N-634 (PK 244.2 a 245.0)
Cuenca,A-3,103.7,114.6,26406.0,5188.0,19.65,A-3 (PK 103.7 a 114.6)
Cuenca,A-3,130.4,140.8,27014.0,5073.0,18.78,A-3 (PK 130.4 a 140.8)
Albacete,A-31,136.1,145.1,17671.0,2648.0,14.99,A-31 (PK 136.1 a 145.1)
Sevilla,A-4,544.68,549.2,60084.0,3383.0,5.63,A-4 (PK 544.68 a 549.2)
Cuenca,A-40,286.0,293.2,4984.0,558.0,11.2,A-40 (PK 286.0 a 293.2)
Pontevedra,A-55,7.9,12.3,64322.0,4315.0,6.71,A-55 (PK 7.9 a 12.3)
Alicante/Alacant,N-332,75.0,79.3,28250.0,842.0,2.98,N-332 (PK 75.0 a 79.3)
Córdoba,N-4,372.7,377.55,6461.0,440.0,6.81,N-4 (PK 372.7 a 377.55)
Cantabria,N-621,182.55,183.3,4684.0,273.0,5.83,N-621 (PK 182.55 a 183.3)
Asturias,N-640,25.1,30.36,2537.0,451.0,17.78,N-640 (PK 25.1 a 30.36)
Sevilla,SE-30,0.0,2.0,92295.0,3897.0,4.22,SE-30 (PK 0.0 a 2.0)
Almería,A-7,829.3,838.0,23566.0,2695.0,11.44,A-7 (PK 829.3 a 838.0)
Soria,A-15,39.2,41.1,8028.0,958.0,11.93,A-15 (PK 39.2 a 41.1)
Ciudad Real,A-4,199.9,207.8,27035.0,8562.0,31.67,A-4 (PK 199.9 a 207.8)
Huesca,N-240,303.8,311.3,3007.0,270.0,8.98,N-240 (PK 303.8 a 311.3)
Guadalajara,N-320,219.6,223.4,3063.0,283.0,9.24,N-320 (PK 219.6 a 223.4)
Córdoba,N-331,89.1,94.9,1534.0,252.0,16.43,N-331 (PK 89.1 a 94.9)
Murcia,N-344,37.3,44.1,2783.0,163.0,5.86,N-344 (PK 37.3 a 44.1)
Córdoba,N-432A,328.9,331.6,1640.0,146.0,8.9,N-432A (PK 328.9 a 331.6)
A Coruña,N-547,64.4,67.9,6614.0,760.0,11.49,N-547 (PK 64.4 a 67.9)
Pontevedra,N-552,0.0,4.6,13494.0,547.0,4.05,N-552 (PK 0.0 a 4.6)
Cantabria,N-634,194.0,194.8,6778.0,312.0,4.6,N-634 (PK 194.0 a 194.8)
Almería,A-7,845.0,851.83,15278.0,2276.0,14.9,A-7 (PK 845.0 a 851.83)
Lleida,A-22-R2,0.0,825,1761.0,47.0,2.67,A-22-R2 (PK 0.0 a 0.825)
Córdoba,A-4,350029,357.3,19034.0,4792.0,25.18,A-4 (PK 350.029 a 357.3)
Córdoba,A-4,348.2,350029,15692.0,4706.0,29.99,A-4 (PK 348.2 a 350.029)
Lugo,A-6,430.86,438.3,9477.0,2778.0,29.31,A-6 (PK 430.86 a 438.3)
Huesca,N-123A,21.37,26.2,3587.0,354.0,9.87,N-123A (PK 21.37 a 26.2)
Tarragona,N-340,1159.8,1160.5,16390.0,613.0,3.74,N-340 (PK 1159.8 a 1160.5)
Valencia,A-7,388.7,394.4,58181.0,12456.0,21.41,A-7 (PK 388.7 a 394.4)
Valencia,A-7,400.2,402.5,17215.0,3018.0,17.53,A-7 (PK 400.2 a 402.5)
Málaga,A-7,1014.6,1016.1,79320.0,3835.0,4.83,A-7 (PK 1014.6 a 1016.1)
Valladolid,A-62,121.5,124.6,35857.0,6514.0,18.17,A-62 (PK 121.5 a 124.6)
Huesca,N-123,27.0,31.6,1228.0,121.0,9.85,N-123 (PK 27.0 a 31.6)
Teruel,N-211,139.7,144.2,737.0,127.0,17.23,N-211 (PK 139.7 a 144.2)
Ciudad Real,N-310,58.86,69.0,350.0,38.0,10.86,N-310 (PK 58.86 a 69.0)
Cantabria,N-611,197.6,198.3,9289.0,347.0,3.74,N-611 (PK 197.6 a 198.3)
Salamanca,SA-20,95.4,96.14,19559.0,1870.0,9.56,SA-20 (PK 95.4 a 96.14)
Ourense,A-52,251.6,262.3,15644.0,2447.0,15.64,A-52 (PK 251.6 a 262.3)
Asturias,GJ-10,0.0,2.7,29888.0,2474.0,8.28,GJ-10 (PK 0.0 a 2.7)
La Rioja,LO-20,9.1,11536,31205.0,2504.0,8.02,LO-20 (PK 9.1 a 11.536)
La Rioja,LO-20,11536,17.0,28771.0,2458.0,8.54,LO-20 (PK 11.536 a 17.0)
Ávila,N-110,293.7,297.6,3911.0,206.0,5.27,N-110 (PK 293.7 a 297.6)
Pontevedra,N-120,637.9,644.6,4221.0,201.0,4.76,N-120 (PK 637.9 a 644.6)
Teruel,N-232,112.8,118.9,1927.0,268.0,13.91,N-232 (PK 112.8 a 118.9)
Lleida,N-260R,0.4,1428,5345.0,144.0,2.69,N-260R (PK 0.4 a 1.428)
Girona,N-2A,6.0,9.64,10448.0,738.0,7.06,N-2A (PK 6.0 a 9.64)
Toledo,N-401,114.2,120.9,1545.0,270.0,17.48,N-401 (PK 114.2 a 120.9)
Jaén,N-432,374.3,379.8,4720.0,483.0,10.23,N-432 (PK 374.3 a 379.8)
Cantabria,S-10,0.0,1.1,103308.0,3851.0,3.73,S-10 (PK 0.0 a 1.1)
Valencia,A-7,334.9,338.8,70097.0,15749.0,22.47,A-7 (PK 334.9 a 338.8)
Madrid,A-3,9.7,13.3,141085.0,8260.0,5.85,A-3 (PK 9.7 a 13.3)
Albacete,A-30,69.0,74.8,14204.0,3212.0,22.61,A-30 (PK 69.0 a 74.8)
Sevilla,A-4,485.8,497.6,22539.0,5122.0,22.73,A-4 (PK 485.8 a 497.6)
Asturias,A-8,394.4,398.9,60099.0,6334.0,10.54,A-8 (PK 394.4 a 398.9)
Zaragoza,N-232,293.6,294.9,14254.0,5904.0,41.42,N-232 (PK 293.6 a 294.9)
Ávila,N-403,140.6,146523,4011.0,301.0,7.5,N-403 (PK 140.6 a 146.523)
Ávila,N-403,146523,149.8,4445.0,333.0,7.49,N-403 (PK 146.523 a 149.8)
Córdoba,N-432,322.3,328.5,3700.0,483.0,13.05,N-432 (PK 322.3 a 328.5)
A Coruña,N-525,323.0,326.9,5633.0,446.0,7.92,N-525 (PK 323.0 a 326.9)
Zaragoza,A-2,210.6,217.5,16358.0,5330.0,32.58,A-2 (PK 210.6 a 217.5)
Cuenca,A-40,293.2,300.0,5000.0,382.0,7.64,A-40 (PK 293.2 a 300.0)
Toledo,A-5,106.0,111.6,25223.0,4556.0,18.06,A-5 (PK 106.0 a 111.6)
Asturias,A-8,487.5,495.3,14739.0,1897.0,12.87,A-8 (PK 487.5 a 495.3)
Valencia,N-420,538.4,541278,839.0,108.0,12.87,N-420 (PK 538.4 a 541.278)
Huelva,N-431,81.9,85.93,4346.0,490.0,11.27,N-431 (PK 81.9 a 85.93)
Sevilla,N-630,782.0,788.65,887.0,51.0,5.75,N-630 (PK 782.0 a 788.65)
Valencia,A-7,292.89,297.3,29579.0,5253.0,17.76,A-7 (PK 292.89 a 297.3)
Madrid,A-1,90.5,95.6,25232.0,4171.0,16.53,A-1 (PK 90.5 a 95.6)
Ourense,A-52,231.4,238.4,30115.0,3307.0,10.98,A-52 (PK 231.4 a 238.4)
Valladolid,A-62,111.7,113.1,34435.0,7233.0,21.0,A-62 (PK 111.7 a 113.1)
Asturias,A-8,330.6,337.6,17094.0,2050.0,11.99,A-8 (PK 330.6 a 337.6)
Asturias,A-8,337.6,345.5,18636.0,2106.0,11.3,A-8 (PK 337.6 a 345.5)
Segovia,N-110,196.8,205.0,5022.0,403.0,8.02,N-110 (PK 196.8 a 205.0)
Tarragona,N-240,21.7,22.4,6109.0,469.0,7.68,N-240 (PK 21.7 a 22.4)
Lleida,N-240,89.0,89729,8757.0,1657.0,18.92,N-240 (PK 89.0 a 89.729)
Huesca,N-260,356.3,360.6,544.0,17.0,3.12,N-260 (PK 356.3 a 360.6)
Huesca,N-260,369.0,374.8,544.0,17.0,3.12,N-260 (PK 369.0 a 374.8)
Huesca,N-260A,510.7,517.6,7076.0,237.0,3.35,N-260A (PK 510.7 a 517.6)
Albacete,N-322,360.9,373.4,5478.0,803.0,14.66,N-322 (PK 360.9 a 373.4)
Zaragoza,N-330,428.8,434.0,333.0,125.0,37.54,N-330 (PK 428.8 a 434.0)
Zaragoza,N-330,502.2,510.25,41280.0,3980.0,9.64,N-330 (PK 502.2 a 510.25)
Huelva,N-435,177.0,179.9,5207.0,594.0,11.41,N-435 (PK 177.0 a 179.9)
Cáceres,N-502,189.96,200.4,721.0,99.0,13.73,N-502 (PK 189.96 a 200.4)
Madrid,N-6,52.15,56.98,2269.0,83.0,3.66,N-6 (PK 52.15 a 56.98)
Salamanca,N-620A,232.2,233.0,19016.0,2741.0,14.41,N-620A (PK 232.2 a 233.0)
Burgos,N-629,43.7,48.0,1262.0,91.0,7.21,N-629 (PK 43.7 a 48.0)
Sevilla,SE-30,8.2,9.1,96213.0,5354.0,5.56,SE-30 (PK 8.2 a 9.1)
Cádiz,A-7,1110.5,1113.25,68912.0,6129.0,8.89,A-7 (PK 1110.5 a 1113.25)
Teruel,A-23,116.8,131.2,12663.0,3578.0,28.26,A-23 (PK 116.8 a 131.2)
Toledo,A-5,57.5,65.6,35694.0,3304.0,9.26,A-5 (PK 57.5 a 65.6)
Girona,N-260,191.1,193.84,3816.0,206.0,5.4,N-260 (PK 191.1 a 193.84)
Murcia,N-342,89.9,92.1,295.0,28.0,9.49,N-342 (PK 89.9 a 92.1)
Zamora,N-525,52.0,54.0,1081.0,105.0,9.71,N-525 (PK 52.0 a 54.0)
Ourense,N-541,16.7,20.4,2248.0,195.0,8.67,N-541 (PK 16.7 a 20.4)
Salamanca,N-620A,325.43,326.3,2941.0,609.0,20.71,N-620A (PK 325.43 a 326.3)
Lugo,N-640,121.92,131.8,2211.0,340.0,15.38,N-640 (PK 121.92 a 131.8)
Girona,N-2,709.0,710.9,11155.0,628.0,5.63,N-2 (PK 709.0 a 710.9)
Huesca,N-260,436.5,442.7,3957.0,129.0,3.26,N-260 (PK 436.5 a 442.7)
Almería,N-340A,514.0,518.2,1137.0,53.0,4.66,N-340A (PK 514.0 a 518.2)
Cáceres,N-521,127.1,137.9,1797.0,131.0,7.29,N-521 (PK 127.1 a 137.9)
Lugo,N-540,61.0,68.87,2682.0,217.0,8.09,N-540 (PK 61.0 a 68.87)
Valladolid,N-6,203.5,204.26,257.0,73.0,28.4,N-6 (PK 203.5 a 204.26)
A Coruña,N-634,688.8,692.9,4377.0,1088.0,24.86,N-634 (PK 688.8 a 692.9)
Murcia,A-7,578.4,585.0,55598.0,8857.0,15.93,A-7 (PK 578.4 a 585.0)
Almería,A-7,839.6,845.0,13542.0,2460.0,18.17,A-7 (PK 839.6 a 845.0)
Soria,A-2,176.1,178.4,13602.0,5633.0,41.41,A-2 (PK 176.1 a 178.4)
Girona,N-2,744.3,745.9,5730.0,328.0,5.72,N-2 (PK 744.3 a 745.9)
Cuenca,N-320,148.2,154.6,2544.0,230.0,9.04,N-320 (PK 148.2 a 154.6)
Jaén,N-323,1.0,7.8,2163.0,213.0,9.85,N-323 (PK 1.0 a 7.8)
Almería,N-340A,456.9,463.7,441.0,19.0,4.31,N-340A (PK 456.9 a 463.7)
Murcia,N-342,95.2,98667,820.0,79.0,9.63,N-342 (PK 95.2 a 98.667)
Ávila,N-403A,127.0,132.15,3536.0,200.0,5.66,N-403A (PK 127.0 a 132.15)
Lugo,N-640,80.0,84.43,8458.0,663.0,7.84,N-640 (PK 80.0 a 84.43)
Lugo,N-640,84.43,88.1,9462.0,791.0,8.36,N-640 (PK 84.43 a 88.1)
Albacete,A-30,36.9,44.0,15491.0,3126.0,20.18,A-30 (PK 36.9 a 44.0)
Segovia,N-110,115.0,118.5,2067.0,149.0,7.21,N-110 (PK 115.0 a 118.5)
Guadalajara,N-320,297.4,301.9,7094.0,483.0,6.81,N-320 (PK 297.4 a 301.9)
Granada,N-323A,163.4,166.97,55.0,9.0,16.36,N-323A (PK 163.4 a 166.97)
Córdoba,N-432A,334.1,337.5,3737.0,566.0,15.15,N-432A (PK 334.1 a 337.5)
Palencia,N-611,13.66,20.5,932.0,141.0,15.13,N-611 (PK 13.66 a 20.5)
Madrid,A-1,73.5,76.2,24858.0,4050.0,16.29,A-1 (PK 73.5 a 76.2)
Tarragona,A-27,0.0,0.7,8064.0,2810.0,34.85,A-27 (PK 0.0 a 0.7)
Lugo,A-6,478.5,487.6,12087.0,2650.0,21.92,A-6 (PK 478.5 a 487.6)
A Coruña,A-6,548.8,559.8,17661.0,2588.0,14.65,A-6 (PK 548.8 a 559.8)
Zaragoza,N-122,63.7,69.5,6692.0,1513.0,22.61,N-122 (PK 63.7 a 69.5)
Teruel,N-234,128.5,138.0,3490.0,481.0,13.78,N-234 (PK 128.5 a 138.0)
Cuenca,N-310,158.5,167.2,1381.0,330.0,23.9,N-310 (PK 158.5 a 167.2)
Tarragona,N-340,1154275,1155.2,16390.0,613.0,3.74,N-340 (PK 1154.275 a 1155.2)
Toledo,N-400,69.0,78.2,284.0,32.0,11.27,N-400 (PK 69.0 a 78.2)
Salamanca,N-501,69.1,69.7,391.0,45.0,11.51,N-501 (PK 69.1 a 69.7)
Córdoba,N-502,374.5,379.7,4615.0,555.0,12.03,N-502 (PK 374.5 a 379.7)
Salamanca,N-630,339.75,340.55,8074.0,235.0,2.91,N-630 (PK 339.75 a 340.55)
Salamanca,N-630A,412.2,413.0,928.0,15.0,1.62,N-630A (PK 412.2 a 413.0)
Asturias,N-632,48.2,53.7,259.0,20.0,7.72,N-632 (PK 48.2 a 53.7)
Almería,A-7,704.0,709.0,13808.0,3144.0,22.77,A-7 (PK 704.0 a 709.0)
Almería,A-7,750.0,758.2,23791.0,3670.0,15.43,A-7 (PK 750.0 a 758.2)
Granada,A-44,143.3,152.4,36297.0,2399.0,6.61,A-44 (PK 143.3 a 152.4)
Huelva,A-49,105.7,113.0,20077.0,1910.0,9.51,A-49 (PK 105.7 a 113.0)
Madrid,A-6,6.3,8.9,132215.0,5494.0,4.16,A-6 (PK 6.3 a 8.9)
La Rioja,N-111A,266.0,271.06,32.0,4.0,12.5,N-111A (PK 266.0 a 271.06)
Girona,N-2,754.0,755.43,19406.0,2126.0,10.96,N-2 (PK 754.0 a 755.43)
Guadalajara,N-211,22.7,30.3,2164.0,394.0,18.21,N-211 (PK 22.7 a 30.3)
Teruel,N-223,2.06,2.37,12060.0,276.0,2.29,N-223 (PK 2.06 a 2.37)
Jaén,N-322,127.1,133.8,2543.0,382.0,15.02,N-322 (PK 127.1 a 133.8)
Granada,N-323A,114.0,118.4,3820.0,376.0,9.84,N-323A (PK 114.0 a 118.4)
Toledo,N-403,59.6,61.5,2345.0,132.0,5.63,N-403 (PK 59.6 a 61.5)
Almería,A-7,762.1,769.4,31019.0,4359.0,14.05,A-7 (PK 762.1 a 769.4)
Málaga,A-7,968.5,970.45,59656.0,29823.0,49.99,A-7 (PK 968.5 a 970.45)
Cuenca,A-3,114.6,124.0,25194.0,4076.0,16.18,A-3 (PK 114.6 a 124.0)
Teruel,N-211A,180.15,185.57,68.0,4.0,5.88,N-211A (PK 180.15 a 185.57)
Lugo,N-540,3.75,9.6,4795.0,622.0,12.97,N-540 (PK 3.75 a 9.6)
Cantabria,N-611,126.5,127.3,547.0,55.0,10.05,N-611 (PK 126.5 a 127.3)
Asturias,N-634,456.6,461.5,2798.0,535.0,19.12,N-634 (PK 456.6 a 461.5)
Valencia,A-7,418.5,420.2,22036.0,2078.0,9.43,A-7 (PK 418.5 a 420.2)
Zaragoza,A-23,303.5,313.3,20814.0,2714.0,13.04,A-23 (PK 303.5 a 313.3)
Ciudad Real,A-4,186.6,199.9,28370.0,7644.0,26.94,A-4 (PK 186.6 a 199.9)
Zamora,N-122,530.5,531.3,57.0,4.0,7.02,N-122 (PK 530.5 a 531.3)
Valencia,N-332,219105,220.5,20192.0,1935.0,9.58,N-332 (PK 219.105 a 220.5)
Córdoba,N-432,233.0,238.6,8706.0,1227.0,14.09,N-432 (PK 233.0 a 238.6)
Cáceres,N-521,80.7,97.4,1435.0,176.0,12.26,N-521 (PK 80.7 a 97.4)
León,N-621,14.7,24.2,1524.0,52.0,3.41,N-621 (PK 14.7 a 24.2)
Cantabria,N-636,0.0,418,7537.0,532.0,7.06,N-636 (PK 0.0 a 0.418)
Alicante/Alacant,A-7,468.4,471.2,25794.0,1869.0,7.25,A-7 (PK 468.4 a 471.2)
Barcelona,A-2,530722,531.6,26640.0,5604.0,21.04,A-2 (PK 530.722 a 531.6)
Ciudad Real,A-4,169.7,175.8,32054.0,7495.0,23.38,A-4 (PK 169.7 a 175.8)
Sevilla,A-4,456.4,470.2,21011.0,5063.0,24.1,A-4 (PK 456.4 a 470.2)
Sevilla,A-4,470.2,481.5,24075.0,4246.0,17.64,A-4 (PK 470.2 a 481.5)
Castellón,N-340,952.4,956.3,6369.0,1075.0,16.88,N-340 (PK 952.4 a 956.3)
Córdoba,N-432,208.3,219.3,4532.0,546.0,12.05,N-432 (PK 208.3 a 219.3)
A Coruña,N-550,27.4,34.5,6607.0,659.0,9.97,N-550 (PK 27.4 a 34.5)
León,N-630,87.6,93.6,2457.0,172.0,7.0,N-630 (PK 87.6 a 93.6)
Lugo,N-634,625.1,632.9,900.0,171.0,19.0,N-634 (PK 625.1 a 632.9)
Almería,A-7,713.0,715.5,17406.0,4430.0,25.45,A-7 (PK 713.0 a 715.5)
Zamora,A-11,466.5,467.3,4782.0,1137.0,23.78,A-11 (PK 466.5 a 467.3)
Huelva,A-49,49.0,52.5,32284.0,3649.0,11.3,A-49 (PK 49.0 a 52.5)
Soria,N-111,174.1,175.2,92.0,8.0,8.7,N-111 (PK 174.1 a 175.2)
Burgos,N-232,533.1,538.4,2250.0,167.0,7.42,N-232 (PK 533.1 a 538.4)
Valencia,N-234,0.0,2.8,6570.0,1709.0,26.01,N-234 (PK 0.0 a 2.8)
Almería,N-341,14.4,17.57,2802.0,574.0,20.49,N-341 (PK 14.4 a 17.57)
A Coruña,N-651,10.6,16.8,12730.0,396.0,3.11,N-651 (PK 10.6 a 16.8)
Alicante/Alacant,A-7,471.2,479.6,25794.0,1869.0,7.25,A-7 (PK 471.2 a 479.6)
Zaragoza,A-2,330.4,339.3,34181.0,10403.0,30.44,A-2 (PK 330.4 a 339.3)
Toledo,A-4,81.5,93.2,27620.0,5991.0,21.69,A-4 (PK 81.5 a 93.2)
Ciudad Real,A-43,85.6,90.9,8296.0,3329.0,40.13,A-43 (PK 85.6 a 90.9)
Ávila,N-110,319.6,324.5,1832.0,139.0,7.59,N-110 (PK 319.6 a 324.5)
Ourense,N-120,464.5,468.8,4177.0,624.0,14.94,N-120 (PK 464.5 a 468.8)
Albacete,N-310,121.0,130.5,1178.0,123.0,10.44,N-310 (PK 121.0 a 130.5)
Tarragona,N-340A,1083.3,1084.13,15033.0,900.0,5.99,N-340A (PK 1083.3 a 1084.13)
Sevilla,N-433,38.5,45.6,5789.0,523.0,9.03,N-433 (PK 38.5 a 45.6)
Zamora,N-631,55.3,56.68,2128.0,263.0,12.36,N-631 (PK 55.3 a 56.68)
Castellón,A-23,32.8,36.8,19618.0,3828.0,19.51,A-23 (PK 32.8 a 36.8)
Valencia,A-35,8.5,11.0,5837.0,1560.0,26.73,A-35 (PK 8.5 a 11.0)
Madrid,A-5,21274,24.4,67884.0,4002.0,5.9,A-5 (PK 21.274 a 24.4)
Madrid,A-5,18.5,21274,127492.0,6201.0,4.86,A-5 (PK 18.5 a 21.274)
Lugo,A-8,583.22,587.9,12971.0,1596.0,12.3,A-8 (PK 583.22 a 587.9)
Lugo,A-8,577.8,583.22,12153.0,1416.0,11.65,A-8 (PK 577.8 a 583.22)
Almería,A-92,387.4,392.82,15093.0,1869.0,12.38,A-92 (PK 387.4 a 392.82)
Soria,N-111,260.3,262.48,1954.0,264.0,13.51,N-111 (PK 260.3 a 262.48)
Cuenca,N-301,142.0,150.4,3772.0,1369.0,36.29,N-301 (PK 142.0 a 150.4)
Jaén,N-432A,373926,377.9,2206.0,72.0,3.26,N-432A (PK 373.926 a 377.9)
Huelva,N-435,108.5,117.0,1258.0,218.0,17.33,N-435 (PK 108.5 a 117.0)
Asturias,N-634,484.7,489.4,1717.0,280.0,16.31,N-634 (PK 484.7 a 489.4)
Guadalajara,A-2,118.5,126.0,21090.0,6734.0,31.93,A-2 (PK 118.5 a 126.0)
Barcelona,B-10,17.4,18.2,80227.0,6522.0,8.13,B-10 (PK 17.4 a 18.2)
Girona,N-2,767.4,772.43,8719.0,870.0,9.98,N-2 (PK 767.4 a 772.43)
Huesca,N-330A,602.72,606.3,42.0,10.0,23.81,N-330A (PK 602.72 a 606.3)
Toledo,N-502,85.3,92.7,2213.0,163.0,7.37,N-502 (PK 85.3 a 92.7)
Cantabria,N-634,233.1,234.0,6158.0,188.0,3.05,N-634 (PK 233.1 a 234.0)
Murcia,A-7,655.3,662.1,17224.0,3567.0,20.71,A-7 (PK 655.3 a 662.1)
Cáceres,A-66,522.4,539.0,13511.0,2623.0,19.41,A-66 (PK 522.4 a 539.0)
Asturias,A-8,477.0,483.1,12820.0,1766.0,13.78,A-8 (PK 477.0 a 483.1)
Soria,N-234,378.6,379.3,2761.0,251.0,9.09,N-234 (PK 378.6 a 379.3)
Tarragona,N-240,35.65,36.49,4573.0,627.0,13.71,N-240 (PK 35.65 a 36.49)
Granada,N-323A,108.05,112.4,3820.0,376.0,9.84,N-323A (PK 108.05 a 112.4)
Cádiz,N-340,119.0,123.8,1363.0,73.0,5.36,N-340 (PK 119.0 a 123.8)
Ávila,N-403,103.2,108.3,3932.0,221.0,5.62,N-403 (PK 103.2 a 108.3)
Teruel,N-420,635.8,643.1,1703.0,309.0,18.14,N-420 (PK 635.8 a 643.1)
Ciudad Real,N-430,298.8,306.1,5226.0,987.0,18.89,N-430 (PK 298.8 a 306.1)
Zamora,N-525,64.5,66.3,771.0,74.0,9.6,N-525 (PK 64.5 a 66.3)
Cantabria,S-10,13.4,14.17,46668.0,3773.0,8.08,S-10 (PK 13.4 a 14.17)
Tarragona,A-27,0.7,1.6,40075.0,4442.0,11.08,A-27 (PK 0.7 a 1.6)
Ciudad Real,A-41,180.0,189.1,9510.0,828.0,8.71,A-41 (PK 180.0 a 189.1)
Huesca,N-230,28.98,32.7,3288.0,297.0,9.03,N-230 (PK 28.98 a 32.7)
Valencia,N-332A,272.06,274.12,3071.0,43.0,1.4,N-332A (PK 272.06 a 274.12)
Cuenca,N-420,490.0,493.5,1120.0,191.0,17.05,N-420 (PK 490.0 a 493.5)
Asturias,N-630,67.2,73.0,3739.0,277.0,7.41,N-630 (PK 67.2 a 73.0)
Asturias,N-632,53.7,56.7,331.0,33.0,9.97,N-632 (PK 53.7 a 56.7)
Lugo,N-642,30.4,35.9,9887.0,575.0,5.82,N-642 (PK 30.4 a 35.9)
Ciudad Real,A-43,32.1,47.6,6915.0,1270.0,18.37,A-43 (PK 32.1 a 47.6)
Sevilla,A-49,13.4,16.2,63264.0,5451.0,8.62,A-49 (PK 13.4 a 16.2)
León,A-6,350.6,360.3,13573.0,3171.0,23.36,A-6 (PK 350.6 a 360.3)
Lugo,A-6,461.2,468.5,7932.0,1924.0,24.26,A-6 (PK 461.2 a 468.5)
Madrid,M-40,22244,24.4,185343.0,6973.0,3.76,M-40 (PK 22.244 a 24.4)
Madrid,M-40,20.8,22244,159670.0,10693.0,6.7,M-40 (PK 20.8 a 22.244)
Girona,N-2,734.6,736.2,5730.0,328.0,5.72,N-2 (PK 734.6 a 736.2)
Valencia,N-225,4.1,7.0,6130.0,890.0,14.52,N-225 (PK 4.1 a 7.0)
Tarragona,N-240,7.6,8.3,11716.0,658.0,5.62,N-240 (PK 7.6 a 8.3)
Tarragona,N-420,864.8,865.5,10291.0,1108.0,10.77,N-420 (PK 864.8 a 865.5)
Ávila,N-501,41.0,48.71,785.0,57.0,7.26,N-501 (PK 41.0 a 48.71)
León,N-621,93.7,101.0,823.0,49.0,5.95,N-621 (PK 93.7 a 101.0)
Lugo,N-640,42.7,47.5,1416.0,147.0,10.38,N-640 (PK 42.7 a 47.5)
Córdoba,A-45,15.4,26.6,21126.0,2141.0,10.13,A-45 (PK 15.4 a 26.6)
Córdoba,A-45,61.9,71.4,17039.0,1964.0,11.53,A-45 (PK 61.9 a 71.4)
Lugo,A-6,455.0,461.2,7932.0,1924.0,24.26,A-6 (PK 455.0 a 461.2)
Asturias,A-66,35.2,40.1,21121.0,1929.0,9.13,A-66 (PK 35.2 a 40.1)
Cantabria,A-67,200.2,201.6,49715.0,3255.0,6.55,A-67 (PK 200.2 a 201.6)
Jaén,N-323,62.9,65.24,309.0,30.0,9.71,N-323 (PK 62.9 a 65.24)
Castellón,N-340A,1052.7,1057.3,7670.0,177.0,2.31,N-340A (PK 1052.7 a 1057.3)
Ávila,N-403,164.8,174.8,2965.0,291.0,9.81,N-403 (PK 164.8 a 174.8)
Sevilla,SE-40,0.0,7.2,25799.0,4629.0,17.94,SE-40 (PK 0.0 a 7.2)
Teruel,A-23,150.5,159.8,12663.0,3578.0,28.26,A-23 (PK 150.5 a 159.8)
Huesca,A-23,341.2,351.5,18090.0,1855.0,10.25,A-23 (PK 341.2 a 351.5)
Cuenca,A-3,205.8,211.2,19321.0,5590.0,28.93,A-3 (PK 205.8 a 211.2)
Jaén,A-4,334.7,345.6,16658.0,5203.0,31.23,A-4 (PK 334.7 a 345.6)
Asturias,A-8,413.1,417.0,29880.0,2131.0,7.13,A-8 (PK 413.1 a 417.0)
Burgos,N-232,525.4,531.5,702.0,110.0,15.67,N-232 (PK 525.4 a 531.5)
Teruel,N-234,72.5,75.7,241.0,20.0,8.3,N-234 (PK 72.5 a 75.7)
Teruel,N-234,192.3,198.2,1441.0,290.0,20.12,N-234 (PK 192.3 a 198.2)
Cuenca,N-420,462.2,469.0,1550.0,269.0,17.35,N-420 (PK 462.2 a 469.0)
Badajoz,N-432,5887,19.5,7570.0,367.0,4.85,N-432 (PK 5.887 a 19.5)
Badajoz,N-432,1.69,5887,9670.0,500.0,5.17,N-432 (PK 1.69 a 5.887)
Ávila,N-501,5.0,13.4,1022.0,75.0,7.34,N-501 (PK 5.0 a 13.4)
Zamora,N-525,77.5,79.1,1125.0,109.0,9.69,N-525 (PK 77.5 a 79.1)
Murcia,A-30,99.4,104.3,23177.0,4356.0,18.79,A-30 (PK 99.4 a 104.3)
Madrid,N-403,72.8,78.5,3041.0,146.0,4.8,N-403 (PK 72.8 a 78.5)
Asturias,N-621,179.0,182.55,4684.0,273.0,5.83,N-621 (PK 179.0 a 182.55)
Burgos,N-629,13.9,18.2,2696.0,255.0,9.46,N-629 (PK 13.9 a 18.2)
Cantabria,N-634,169.1,169.5,2929.0,78.0,2.66,N-634 (PK 169.1 a 169.5)
Soria,A-15,61.7,63.79,9356.0,911.0,9.74,A-15 (PK 61.7 a 63.79)
A Coruña,A-6,573.8,582.8,16574.0,2305.0,13.91,A-6 (PK 573.8 a 582.8)
Salamanca,A-62,237.5,238.4,27353.0,5969.0,21.82,A-62 (PK 237.5 a 238.4)
Cáceres,A-66,575.1,582331,13133.0,2331.0,17.75,A-66 (PK 575.1 a 582.331)
Cáceres,A-66,582331,598.3,13279.0,2436.0,18.34,A-66 (PK 582.331 a 598.3)
Burgos,N-627,19.0,28.3,3526.0,842.0,23.88,N-627 (PK 19.0 a 28.3)
Burgos,N-629,23.8,30.7,3812.0,279.0,7.32,N-629 (PK 23.8 a 30.7)
Asturias,N-634,532.0,535.9,3121.0,152.0,4.87,N-634 (PK 532.0 a 535.9)
Asturias,N-634A,459.6,463.0,506.0,31.0,6.13,N-634A (PK 459.6 a 463.0)
A Coruña,N-651,1.0,6.9,3353.0,103.0,3.07,N-651 (PK 1.0 a 6.9)
Jaén,A-44,26.0,36.2,28747.0,4215.0,14.66,A-44 (PK 26.0 a 36.2)
Valladolid,A-6,214.9,215.7,16951.0,3784.0,22.32,A-6 (PK 214.9 a 215.7)
Teruel,N-223,0.0,1.03,4536.0,197.0,4.34,N-223 (PK 0.0 a 1.03)
Huelva,N-435A,214.5,220.7,6062.0,253.0,4.17,N-435A (PK 214.5 a 220.7)
Toledo,A-4,36.9,44.5,70863.0,11917.0,16.82,A-4 (PK 36.9 a 44.5)
Girona,N-152,0.0,1.4,10959.0,123.0,1.12,N-152 (PK 0.0 a 1.4)
Castellón,N-225,19.0,22.4,7982.0,625.0,7.83,N-225 (PK 19.0 a 22.4)
Cádiz,N-340,74.05,81.35,12492.0,591.0,4.73,N-340 (PK 74.05 a 81.35)
Pontevedra,N-559,1.3,5.14,818.0,80.0,9.78,N-559 (PK 1.3 a 5.14)
Zamora,ZA-13,0.0,1.0,7490.0,309.0,4.13,ZA-13 (PK 0.0 a 1.0)
Murcia,A-7,616.2,618991,29379.0,7562.0,25.74,A-7 (PK 616.2 a 618.991)
Murcia,A-7,618991,621.7,35747.0,10737.0,30.04,A-7 (PK 618.991 a 621.7)
Almería,A-7,800.0,805.4,41849.0,3999.0,9.56,A-7 (PK 800.0 a 805.4)
Granada,A-44,159646,163.5,31362.0,2531.0,8.07,A-44 (PK 159.646 a 163.5)
Granada,A-44,156.5,159646,33475.0,2162.0,6.46,A-44 (PK 156.5 a 159.646)
Zaragoza,N-2,244.1,252.6,96.0,3.0,3.12,N-2 (PK 244.1 a 252.6)
Guadalajara,N-204,11.2,16.4,634.0,55.0,8.68,N-204 (PK 11.2 a 16.4)
Valencia,N-234,5.9,7.6,6570.0,1709.0,26.01,N-234 (PK 5.9 a 7.6)
Albacete,N-322,289.6,298.5,2461.0,317.0,12.88,N-322 (PK 289.6 a 298.5)
Cuenca,N-330,239.0,245.0,1053.0,136.0,12.92,N-330 (PK 239.0 a 245.0)
Burgos,N-623,36.0,46.1,1088.0,59.0,5.42,N-623 (PK 36.0 a 46.1)
Valencia,A-7,376.3,380.7,66361.0,17362.0,26.16,A-7 (PK 376.3 a 380.7)
Alicante/Alacant,A-7,443.6,448.4,19783.0,1730.0,8.74,A-7 (PK 443.6 a 448.4)
Lugo,N-120A,535.4,539.6,1280.0,114.0,8.91,N-120A (PK 535.4 a 539.6)
Valencia,N-225,0.3,2.3,6130.0,890.0,14.52,N-225 (PK 0.3 a 2.3)
Ciudad Real,N-420,180.6,187.9,605.0,34.0,5.62,N-420 (PK 180.6 a 187.9)
Córdoba,N-432,231.34,233.0,7617.0,918.0,12.05,N-432 (PK 231.34 a 233.0)
Córdoba,N-432,226.5,231.34,8227.0,991.0,12.05,N-432 (PK 226.5 a 231.34)
Asturias,N-634,535.9,540.8,2073.0,132.0,6.37,N-634 (PK 535.9 a 540.8)
Murcia,A-7,628.2,632.9,33849.0,8199.0,24.22,A-7 (PK 628.2 a 632.9)
Jaén,A-4,257.6,263.8,26959.0,7235.0,26.84,A-4 (PK 257.6 a 263.8)
Zamora,A-6,257.4,259.0,25061.0,6179.0,24.66,A-6 (PK 257.4 a 259.0)
León,A-6,418.8,430.86,7836.0,2920.0,37.26,A-6 (PK 418.8 a 430.86)
Cantabria,A-8,213.7,218.1,26935.0,2801.0,10.4,A-8 (PK 213.7 a 218.1)
Murcia,N-301,369.4,372.98,842.0,118.0,14.01,N-301 (PK 369.4 a 372.98)
Guadalajara,N-320A,236.3,241.13,495.0,33.0,6.67,N-320A (PK 236.3 a 241.13)
Valladolid,VA-20,0.0,1.0,17166.0,1125.0,6.55,VA-20 (PK 0.0 a 1.0)
Valencia,A-7,323.5,326.6,119357.0,19636.0,16.45,A-7 (PK 323.5 a 326.6)
Alicante/Alacant,A-7,459.5,464.1,24791.0,2052.0,8.28,A-7 (PK 459.5 a 464.1)
Huelva,A-49,87.1,98.8,18943.0,1892.0,9.99,A-49 (PK 87.1 a 98.8)
Badajoz,A-66,699655,703336,16510.0,3797.0,23.0,A-66 (PK 699.655 a 703.336)
Badajoz,A-66,703336,715.0,16257.0,3717.0,22.86,A-66 (PK 703.336 a 715.0)
Badajoz,A-66,693.8,699655,19871.0,3885.0,19.55,A-66 (PK 693.8 a 699.655)
Huesca,N-230,112.7,116.2,2696.0,558.0,20.7,N-230 (PK 112.7 a 116.2)
Sevilla,N-630,763.7,768075,395.0,20.0,5.06,N-630 (PK 763.7 a 768.075)
Alicante/Alacant,A-7,535.0,538.2,49639.0,6416.0,12.93,A-7 (PK 535.0 a 538.2)
Málaga,A-7,933.6,940.4,27943.0,1868.0,6.69,A-7 (PK 933.6 a 940.4)
Huelva,A-66,747.0,759.38,19051.0,3786.0,19.87,A-66 (PK 747.0 a 759.38)
Ourense,N-120,596.3,601.8,1069.0,70.0,6.55,N-120 (PK 596.3 a 601.8)
Zaragoza,N-330,458.8,467.9,392.0,147.0,37.5,N-330 (PK 458.8 a 467.9)
Toledo,N-401,98.4,104.5,4445.0,778.0,17.5,N-401 (PK 98.4 a 104.5)
Toledo,N-403,61.5,68.0,2345.0,132.0,5.63,N-403 (PK 61.5 a 68.0)
Salamanca,N-630A,408.2,409.0,928.0,15.0,1.62,N-630A (PK 408.2 a 409.0)
Pontevedra,N-640,148.8,157.9,4115.0,578.0,14.05,N-640 (PK 148.8 a 157.9)
Valencia,A-7,338.8,343.4,59626.0,14009.0,23.49,A-7 (PK 338.8 a 343.4)
Albacete,N-301,328.3,335.5,260.0,12.0,4.62,N-301 (PK 328.3 a 335.5)
Ourense,N-532,3.2,10.1,2943.0,143.0,4.86,N-532 (PK 3.2 a 10.1)
Salamanca,N-620,249.3,252.8,671.0,27.0,4.02,N-620 (PK 249.3 a 252.8)
Madrid,A-2,23.4,27.8,130420.0,14608.0,11.2,A-2 (PK 23.4 a 27.8)
Sevilla,A-49,10.8,13.4,63264.0,5451.0,8.62,A-49 (PK 10.8 a 13.4)
Soria,N-111,226.33,228.5,7538.0,586.0,7.77,N-111 (PK 226.33 a 228.5)
Guadalajara,N-211,16.6,17.9,2288.0,416.0,18.18,N-211 (PK 16.6 a 17.9)
Barcelona,N-340,1212.9,1213.7,28684.0,2764.0,9.64,N-340 (PK 1212.9 a 1213.7)
Barcelona,N-340,1242.8,1243.87,34982.0,2351.0,6.72,N-340 (PK 1242.8 a 1243.87)
Asturias,N-632,43.2,48.2,748.0,119.0,15.91,N-632 (PK 43.2 a 48.2)
Valencia,A-7,415.1,417.7,21688.0,2266.0,10.45,A-7 (PK 415.1 a 417.7)
Jaén,A-44,18.1,26.0,26088.0,4502.0,17.26,A-44 (PK 18.1 a 26.0)
Soria,N-110,89.3,90205,1448.0,206.0,14.23,N-110 (PK 89.3 a 90.205)
Zaragoza,N-2,212.0,219025,648.0,45.0,6.94,N-2 (PK 212.0 a 219.025)
Valencia,N-330,196.7,199.6,3013.0,624.0,20.71,N-330 (PK 196.7 a 199.6)
Cádiz,N-340,55.75,65.7,12492.0,591.0,4.73,N-340 (PK 55.75 a 65.7)
Ávila,N-502,39.0,45.1,1797.0,115.0,6.4,N-502 (PK 39.0 a 45.1)
Ourense,N-536,32.2,41.5,1379.0,47.0,3.41,N-536 (PK 32.2 a 41.5)
Asturias,N-634,394.0,397.8,14341.0,1036.0,7.22,N-634 (PK 394.0 a 397.8)
Málaga,A-7,1003.5,1008.8,105686.0,12266.0,11.61,A-7 (PK 1003.5 a 1008.8)
Huesca,N-2,409.5,427.8,222.0,101.0,45.5,N-2 (PK 409.5 a 427.8)
Teruel,N-420A,584.05,586.75,2087.0,116.0,5.56,N-420A (PK 584.05 a 586.75)
Zamora,N-525,30.7,31.7,2687.0,177.0,6.59,N-525 (PK 30.7 a 31.7)
Valencia,A-7,382.6,386.0,58181.0,12456.0,21.41,A-7 (PK 382.6 a 386.0)
Barcelona,A-2,531.6,532.5,26640.0,5604.0,21.04,A-2 (PK 531.6 a 532.5)
Huesca,N-240,145.6,151.7,6534.0,526.0,8.05,N-240 (PK 145.6 a 151.7)
Almería,N-341,2.5,8.6,3579.0,629.0,17.57,N-341 (PK 2.5 a 8.6)
Zamora,N-525,66.3,67.5,771.0,74.0,9.6,N-525 (PK 66.3 a 67.5)
Málaga,A-7,1024.2,1028.1,68391.0,3456.0,5.05,A-7 (PK 1024.2 a 1028.1)
Girona,A-2,697.8,700.2,36942.0,2640.0,7.15,A-2 (PK 697.8 a 700.2)
Cádiz,A-48,19.2,29.7,18715.0,1015.0,5.42,A-48 (PK 19.2 a 29.7)
León,A-6,406.4,415.1,8926.0,2602.0,29.15,A-6 (PK 406.4 a 415.1)
Valencia,N-330A,275.23,277.0,244.0,31.0,12.7,N-330A (PK 275.23 a 277.0)
Córdoba,N-437,2.66,6.7,12748.0,481.0,3.77,N-437 (PK 2.66 a 6.7)
Soria,N-110,74.7,75.6,1642.0,234.0,14.25,N-110 (PK 74.7 a 75.6)
La Rioja,N-111,304.8,310.0,2679.0,376.0,14.04,N-111 (PK 304.8 a 310.0)
Ourense,N-120,437.61,447.9,4362.0,569.0,13.04,N-120 (PK 437.61 a 447.9)
Cuenca,N-420,473.7,481.0,1120.0,191.0,17.05,N-420 (PK 473.7 a 481.0)
Sevilla,N-630,757.85,763.7,395.0,20.0,5.06,N-630 (PK 757.85 a 763.7)
Almería,A-7,669.8,675.4,22056.0,3431.0,15.56,A-7 (PK 669.8 a 675.4)
Cuenca,A-3,156.3,165.4,27293.0,5399.0,19.78,A-3 (PK 156.3 a 165.4)
Castellón,N-225,9.3,13.4,5717.0,976.0,17.07,N-225 (PK 9.3 a 13.4)
Tarragona,N-240,9.2,10.0,11716.0,658.0,5.62,N-240 (PK 9.2 a 10.0)
Toledo,N-301,78058,79.8,4089.0,1144.0,27.98,N-301 (PK 78.058 a 79.8)
Toledo,N-301,68.5,78058,4506.0,1261.0,27.98,N-301 (PK 68.5 a 78.058)
Jaén,N-323,49.5,57.5,309.0,30.0,9.71,N-323 (PK 49.5 a 57.5)
Huesca,N-330,579.6,583.5,228.0,29.0,12.72,N-330 (PK 579.6 a 583.5)
Toledo,N-403,8.1,13.3,681.0,73.0,10.72,N-403 (PK 8.1 a 13.3)
Badajoz,N-432,105891,113314,4679.0,731.0,15.62,N-432 (PK 105.891 a 113.314)
Badajoz,N-432,113314,127.0,3715.0,581.0,15.64,N-432 (PK 113.314 a 127.0)
Badajoz,N-432,95.7,105891,4450.0,567.0,12.74,N-432 (PK 95.7 a 105.891)
Asturias,N-634,433.6,439.2,2287.0,192.0,8.4,N-634 (PK 433.6 a 439.2)
Málaga,A-7,973.7,978.2,70068.0,3483.0,4.97,A-7 (PK 973.7 a 978.2)
Madrid,A-3,40.7,48.2,35290.0,5230.0,14.82,A-3 (PK 40.7 a 48.2)
Valencia,N-330,157.7,162.7,1411.0,109.0,7.73,N-330 (PK 157.7 a 162.7)
Alicante/Alacant,N-332,57.3,62.36,45590.0,1305.0,2.86,N-332 (PK 57.3 a 62.36)
Huelva,N-433,88.4,92.9,6652.0,509.0,7.65,N-433 (PK 88.4 a 92.9)
Toledo,N-502,182.8,185.4,736.0,54.0,7.34,N-502 (PK 182.8 a 185.4)
Córdoba,N-502A,384868,391.4,34.0,4.0,11.76,N-502A (PK 384.868 a 391.4)
Asturias,N-634,292.1,295.2,956.0,50.0,5.23,N-634 (PK 292.1 a 295.2)
Toledo,TO-22,1.1,8.3,1116.0,46.0,4.12,TO-22 (PK 1.1 a 8.3)
Soria,A-15,27.5,31.8,6715.0,1904.0,28.35,A-15 (PK 27.5 a 31.8)
Ourense,A-75,0.0,10.0,4404.0,951.0,21.59,A-75 (PK 0.0 a 10.0)
Asturias,A-8,405455,408.2,24677.0,1971.0,7.99,A-8 (PK 405.455 a 408.2)
Asturias,A-8,398.9,405455,23056.0,1992.0,8.64,A-8 (PK 398.9 a 405.455)
Huelva,N-435A,206.0,210.0,3891.0,173.0,4.45,N-435A (PK 206.0 a 210.0)
Burgos,N-627,40.5,47.3,3608.0,862.0,23.89,N-627 (PK 40.5 a 47.3)
Cantabria,N-634,194.8,195.6,6778.0,312.0,4.6,N-634 (PK 194.8 a 195.6)
Málaga,A-7,978.2,981.1,98066.0,4582.0,4.67,A-7 (PK 978.2 a 981.1)
Córdoba,A-4,374372,377.3,25461.0,5342.0,20.98,A-4 (PK 374.372 a 377.3)
Córdoba,A-4,367.5,374372,20291.0,5373.0,26.48,A-4 (PK 367.5 a 374.372)
Cantabria,A-67,177.6,179.8,34337.0,3980.0,11.59,A-67 (PK 177.6 a 179.8)
Lugo,A-8,508.1,515.6,11106.0,1619.0,14.58,A-8 (PK 508.1 a 515.6)
Cuenca,N-330,217.7,227.9,1495.0,194.0,12.98,N-330 (PK 217.7 a 227.9)
Lugo,N-547,36.6,42.6,6461.0,580.0,8.98,N-547 (PK 36.6 a 42.6)
León,N-6,406.6,413.4,600.0,63.0,10.5,N-6 (PK 406.6 a 413.4)
Lugo,N-6,435.2,441.1,405.0,30.0,7.41,N-6 (PK 435.2 a 441.1)
Lugo,N-6A,462.7,467.0,64.0,5.0,7.81,N-6A (PK 462.7 a 467.0)
Valladolid,VA-30,15.2,17.5,43034.0,3164.0,7.35,VA-30 (PK 15.2 a 17.5)
Madrid,A-1A,43.9,47.2,3627.0,615.0,16.96,A-1A (PK 43.9 a 47.2)
Teruel,A-23,165.2,175.8,11108.0,3258.0,29.33,A-23 (PK 165.2 a 175.8)
Segovia,N-110,109.6,115.0,2266.0,255.0,11.25,N-110 (PK 109.6 a 115.0)
Huesca,N-230,32.7,41.6,3288.0,297.0,9.03,N-230 (PK 32.7 a 41.6)
Huesca,N-240,151.7,157.7,10552.0,674.0,6.39,N-240 (PK 151.7 a 157.7)
Cantabria,N-623,145.5,146.3,12452.0,541.0,4.34,N-623 (PK 145.5 a 146.3)
Valladolid,A-6,169.8,172.2,23112.0,3854.0,16.68,A-6 (PK 169.8 a 172.2)
Teruel,N-211,200.5,209.5,1210.0,314.0,25.95,N-211 (PK 200.5 a 209.5)
Huesca,N-211,318.4,328.2,4808.0,505.0,10.5,N-211 (PK 318.4 a 328.2)
Ciudad Real,N-420,158.0,159.6,9888.0,219.0,2.21,N-420 (PK 158.0 a 159.6)
Lugo,N-642,39.3,48.3,7263.0,355.0,4.89,N-642 (PK 39.3 a 48.3)
Ávila,N-110,315.1,319.6,1832.0,139.0,7.59,N-110 (PK 315.1 a 319.6)
Zaragoza,N-2,329.6,340.3,8921.0,631.0,7.07,N-2 (PK 329.6 a 340.3)
Córdoba,N-432A,254.1,257.7,203.0,17.0,8.37,N-432A (PK 254.1 a 257.7)
Huelva,N-435,133.1,137.8,1702.0,296.0,17.39,N-435 (PK 133.1 a 137.8)
Zamora,N-525,4.8,6.0,2830.0,144.0,5.09,N-525 (PK 4.8 a 6.0)
Cantabria,N-634,167.27,168.2,2929.0,78.0,2.66,N-634 (PK 167.27 a 168.2)
Zamora,ZA-20,0.0,0.9,17564.0,771.0,4.39,ZA-20 (PK 0.0 a 0.9)
Murcia,A-7,632.9,637.2,33849.0,8199.0,24.22,A-7 (PK 632.9 a 637.2)
León,N-120,246.3,256.5,562.0,49.0,8.72,N-120 (PK 246.3 a 256.5)
Madrid,N-1A,55.05,57.55,5134.0,187.0,3.64,N-1A (PK 55.05 a 57.55)
Valencia,N-332,220.5,221.9,19102.0,1741.0,9.11,N-332 (PK 220.5 a 221.9)
Murcia,N-344,98.2,105426,8521.0,2827.0,33.18,N-344 (PK 98.2 a 105.426)
Cantabria,N-623,128.6,129.9,8855.0,730.0,8.24,N-623 (PK 128.6 a 129.9)
Huesca,A-22,39.5,43.7,9803.0,1888.0,19.26,A-22 (PK 39.5 a 43.7)
Ourense,A-52,201.5,210.3,15457.0,2368.0,15.32,A-52 (PK 201.5 a 210.3)
Pontevedra,N-120,627.5,630.8,620.0,31.0,5.0,N-120 (PK 627.5 a 630.8)
Cuenca,N-420,400.9,407.7,4344.0,283.0,6.51,N-420 (PK 400.9 a 407.7)
Huelva,N-435,151.1,155.6,1645.0,286.0,17.39,N-435 (PK 151.1 a 155.6)
Pontevedra,N-541,51.15,54.7,2008.0,206.0,10.26,N-541 (PK 51.15 a 54.7)
Palencia,N-611,115.5,120.3,311.0,16.0,5.14,N-611 (PK 115.5 a 120.3)
Cantabria,N-623,142.2,143.0,9958.0,469.0,4.71,N-623 (PK 142.2 a 143.0)
Valencia,A-7,412.3,415.1,28975.0,3468.0,11.97,A-7 (PK 412.3 a 415.1)
Albacete,A-30,62.6,69.0,14695.0,3250.0,22.12,A-30 (PK 62.6 a 69.0)
Castellón,N-225,47.92,49.2,3984.0,202.0,5.07,N-225 (PK 47.92 a 49.2)
Soria,N-234,340.2,342.0,3011.0,274.0,9.1,N-234 (PK 340.2 a 342.0)
Tarragona,N-240,8.3,9.2,11716.0,658.0,5.62,N-240 (PK 8.3 a 9.2)
Valencia,N-330,262.5,268.5,766.0,158.0,20.63,N-330 (PK 262.5 a 268.5)
Cádiz,N-340,44.1,55.75,4256.0,201.0,4.72,N-340 (PK 44.1 a 55.75)
Huelva,N-431,131.5,134.63,8834.0,462.0,5.23,N-431 (PK 131.5 a 134.63)
Cantabria,N-623,149.8,151.03,14869.0,636.0,4.28,N-623 (PK 149.8 a 151.03)
Asturias,N-632,118.2,123.8,3556.0,167.0,4.7,N-632 (PK 118.2 a 123.8)
Valencia,A-7,409.4,412.3,28975.0,3468.0,11.97,A-7 (PK 409.4 a 412.3)
Madrid,A-5,15.4,18.5,127492.0,6201.0,4.86,A-5 (PK 15.4 a 18.5)
Huesca,N-240,283.48,294.4,1210.0,108.0,8.93,N-240 (PK 283.48 a 294.4)
Huesca,N-260A,482.5,496.8,1127.0,17.0,1.51,N-260A (PK 482.5 a 496.8)
Madrid,N-3,34.9,40.1,4179.0,485.0,11.61,N-3 (PK 34.9 a 40.1)
Cuenca,N-320,140002,144.1,3882.0,503.0,12.96,N-320 (PK 140.002 a 144.1)
Cuenca,N-320,137.3,140002,2916.0,586.0,20.1,N-320 (PK 137.3 a 140.002)
Pontevedra,N-550,151.8,155.9,15709.0,2163.0,13.77,N-550 (PK 151.8 a 155.9)
Pontevedra,N-120,646.0,650.9,15572.0,631.0,4.05,N-120 (PK 646.0 a 650.9)
Teruel,N-232,119.7,127.4,7279.0,886.0,12.17,N-232 (PK 119.7 a 127.4)
Tarragona,N-240,46.0,47.1,2317.0,146.0,6.3,N-240 (PK 46.0 a 47.1)
Lleida,N-240,66.0,67.0,7879.0,662.0,8.4,N-240 (PK 66.0 a 67.0)
Murcia,N-301,342.8,349.9,703.0,34.0,4.84,N-301 (PK 342.8 a 349.9)
Guadalajara,N-320,208.6,214.8,2660.0,245.0,9.21,N-320 (PK 208.6 a 214.8)
Almería,N-340A,511.3,514.0,1897.0,903.0,47.6,N-340A (PK 511.3 a 514.0)
Cádiz,N-4,619.3,627.87,5991.0,768.0,12.82,N-4 (PK 619.3 a 627.87)
Teruel,N-420,775.8,781.4,1994.0,228.0,11.43,N-420 (PK 775.8 a 781.4)
Valencia,N-3,241.1,249.8,948.0,119.0,12.55,N-3 (PK 241.1 a 249.8)
Sevilla,N-4,566.2,570.85,4536.0,541.0,11.93,N-4 (PK 566.2 a 570.85)
Ourense,N-525,122.3,126.4,1787.0,173.0,9.68,N-525 (PK 122.3 a 126.4)
Madrid,A-1,22.7,33.7,65405.0,5708.0,8.73,A-1 (PK 22.7 a 33.7)
Alicante/Alacant,A-31,195.9,200.4,38250.0,5834.0,15.25,A-31 (PK 195.9 a 200.4)
Asturias,A-8,384349,390.9,45741.0,3809.0,8.33,A-8 (PK 384.349 a 390.9)
Asturias,A-8,382.2,384349,19840.0,1481.0,7.46,A-8 (PK 382.2 a 384.349)
La Rioja,N-111,285.0,290.0,2516.0,341.0,13.55,N-111 (PK 285.0 a 290.0)
Jaén,N-323,22.3,32.72,2359.0,233.0,9.88,N-323 (PK 22.3 a 32.72)
Pontevedra,N-550,134.7,138.9,13236.0,1166.0,8.81,N-550 (PK 134.7 a 138.9)
Madrid,A-3,35.3,40.7,42263.0,4703.0,11.13,A-3 (PK 35.3 a 40.7)
Toledo,N-301,101.2,112.2,3462.0,1345.0,38.85,N-301 (PK 101.2 a 112.2)
Madrid,N-320,337.8,341.2,7111.0,541.0,7.61,N-320 (PK 337.8 a 341.2)
Córdoba,N-432,346.2,351.9,4263.0,788.0,18.48,N-432 (PK 346.2 a 351.9)
Pontevedra,N-541,75285,76.2,4176.0,364.0,8.72,N-541 (PK 75.285 a 76.2)
Pontevedra,N-541,66.7,75285,3597.0,313.0,8.7,N-541 (PK 66.7 a 75.285)
Valladolid,VA-20,1.0,2.6,27457.0,1814.0,6.61,VA-20 (PK 1.0 a 2.6)
Valladolid,VA-30,2.6,7.6,15495.0,2462.0,15.89,VA-30 (PK 2.6 a 7.6)
Toledo,A-4,101669,115.1,28470.0,6848.0,24.05,A-4 (PK 101.669 a 115.1)
Toledo,A-4,97.6,101669,27118.0,8330.0,30.72,A-4 (PK 97.6 a 101.669)
Toledo,A-40,108.2,117.6,17082.0,1890.0,11.06,A-40 (PK 108.2 a 117.6)
Toledo,A-40,119.0,127.1,4548.0,688.0,15.13,A-40 (PK 119.0 a 127.1)
Zamora,N-525,101.9,103.5,373.0,37.0,9.92,N-525 (PK 101.9 a 103.5)
Asturias,N-634,481.3,484.6,369.0,116.0,31.44,N-634 (PK 481.3 a 484.6)
Zamora,ZA-12,1985,3.0,5939.0,1250.0,21.05,ZA-12 (PK 1.985 a 3.0)
Málaga,A-7,922.52,929.8,18403.0,2316.0,12.58,A-7 (PK 922.52 a 929.8)
Málaga,A-7,1071.35,1078.4,32753.0,2756.0,8.41,A-7 (PK 1071.35 a 1078.4)
Barcelona,A-2,581.2,582.2,63956.0,8119.0,12.69,A-2 (PK 581.2 a 582.2)
Valladolid,A-62,100.87,101.9,34435.0,7233.0,21.0,A-62 (PK 100.87 a 101.9)
Asturias,A-66,11.24,22.3,60964.0,3906.0,6.41,A-66 (PK 11.24 a 22.3)
Asturias,A-8,420088,424.7,20452.0,1927.0,9.42,A-8 (PK 420.088 a 424.7)
Asturias,A-8,417.0,420088,24098.0,1818.0,7.54,A-8 (PK 417.0 a 420.088)
Valencia,N-332,236.5,241.4,10592.0,1015.0,9.58,N-332 (PK 236.5 a 241.4)
Tarragona,N-340,1120.7,1121.9,5558.0,300.0,5.4,N-340 (PK 1120.7 a 1121.9)
Valladolid,N-601,236.2,240.8,2438.0,701.0,28.75,N-601 (PK 236.2 a 240.8)
Alicante/Alacant,A-77,0.0,2.9,19605.0,2858.0,14.58,A-77 (PK 0.0 a 2.9)
Alicante/Alacant,A-77A,0.8,4.07,34549.0,907.0,2.63,A-77A (PK 0.8 a 4.07)
Huelva,H-30,8353,8.9,37631.0,1530.0,4.07,H-30 (PK 8.353 a 8.9)
Huelva,H-30,3.2,8353,16110.0,663.0,4.12,H-30 (PK 3.2 a 8.353)
Tarragona,A-7,1154.1,1154.8,40295.0,2352.0,5.84,A-7 (PK 1154.1 a 1154.8)
Málaga,A-7,1053.2,1056.3,95901.0,3263.0,3.4,A-7 (PK 1053.2 a 1056.3)
Soria,A-15,23.2,27.5,6223.0,1963.0,31.54,A-15 (PK 23.2 a 27.5)
Albacete,A-31,55.1,68.9,35665.0,5408.0,15.16,A-31 (PK 55.1 a 68.9)
Valladolid,A-62,129.3,130.2,48206.0,5087.0,10.55,A-62 (PK 129.3 a 130.2)
Madrid,M-40,40.1,46.0,117918.0,3344.0,2.84,M-40 (PK 40.1 a 46.0)
Lugo,N-120,502.6,512.2,5479.0,801.0,14.62,N-120 (PK 502.6 a 512.2)
Almería,N-340A,488.8,494565,2611.0,494.0,18.92,N-340A (PK 488.8 a 494.565)
Badajoz,N-502,204.03,215.5,768.0,106.0,13.8,N-502 (PK 204.03 a 215.5)
Ciudad Real,A-4,146.9,149.3,23490.0,5581.0,23.76,A-4 (PK 146.9 a 149.3)
Sevilla,A-4,528.4,532.3,53812.0,4038.0,7.5,A-4 (PK 528.4 a 532.3)
Alicante/Alacant,A-70,5.0,10.4,66856.0,3525.0,5.27,A-70 (PK 5.0 a 10.4)
Cantabria,N-634,174.4,175.4,10026.0,290.0,2.89,N-634 (PK 174.4 a 175.4)
Asturias,N-634,489.4,495.1,766.0,44.0,5.74,N-634 (PK 489.4 a 495.1)
Alicante/Alacant,A-7,545.0,552.97,44013.0,7880.0,17.9,A-7 (PK 545.0 a 552.97)
Albacete,A-30,74.8,81.8,14204.0,3212.0,22.61,A-30 (PK 74.8 a 81.8)
Málaga,MA-20,8.0,9589,118309.0,5470.0,4.62,MA-20 (PK 8.0 a 9.589)
Málaga,MA-20,9589,13.3,83319.0,4834.0,5.8,MA-20 (PK 9.589 a 13.3)
Burgos,N-120,77.99,88.99,4775.0,873.0,18.28,N-120 (PK 77.99 a 88.99)
Girona,N-260,94.8,102.6,4027.0,328.0,8.15,N-260 (PK 94.8 a 102.6)
Cuenca,N-3,225.0,228.0,1788.0,387.0,21.64,N-3 (PK 225.0 a 228.0)
Guadalajara,N-320A,241.28,247.8,92.0,6.0,6.52,N-320A (PK 241.28 a 247.8)
Albacete,N-322,417.5,422.3,1385.0,224.0,16.17,N-322 (PK 417.5 a 422.3)
Albacete,N-430,476.0,486.4,3076.0,264.0,8.58,N-430 (PK 476.0 a 486.4)
Zamora,ZA-20,0.9,1.9,16030.0,1071.0,6.68,ZA-20 (PK 0.9 a 1.9)
Cuenca,A-3,211.2,224.3,19951.0,5682.0,28.48,A-3 (PK 211.2 a 224.3)
Huelva,A-49,52.5,59.8,32550.0,3789.0,11.64,A-49 (PK 52.5 a 59.8)
Cantabria,A-8,199.4,202.3,21770.0,2650.0,12.17,A-8 (PK 199.4 a 202.3)
Cuenca,N-320,155.3,164.7,2544.0,230.0,9.04,N-320 (PK 155.3 a 164.7)
Almería,N-340A,463.7,471.4,6632.0,884.0,13.33,N-340A (PK 463.7 a 471.4)
Cuenca,N-420,374.6,382.5,1640.0,188.0,11.46,N-420 (PK 374.6 a 382.5)
Zamora,N-6,259155,260.15,4307.0,1010.0,23.45,N-6 (PK 259.155 a 260.15)
Valencia,V-21,8.5,14.1,74665.0,1061.0,1.42,V-21 (PK 8.5 a 14.1)
Valencia,A-7,330.3,334.9,61749.0,15742.0,25.49,A-7 (PK 330.3 a 334.9)
Barcelona,N-340,1203.9,1205.1,18969.0,1619.0,8.53,N-340 (PK 1203.9 a 1205.1)
Almería,N-340A,392.1,399.4,5268.0,466.0,8.85,N-340A (PK 392.1 a 399.4)
Granada,N-432,413.1,418.8,8154.0,1452.0,17.81,N-432 (PK 413.1 a 418.8)
Murcia,A-30,149.6,155.0,48332.0,4095.0,8.47,A-30 (PK 149.6 a 155.0)
Toledo,A-4,127488,133.7,25186.0,8225.0,32.66,A-4 (PK 127.488 a 133.7)
Toledo,A-4,120.5,127488,24974.0,4627.0,18.53,A-4 (PK 120.5 a 127.488)
Valladolid,A-6,221.9,225.26,16951.0,3784.0,22.32,A-6 (PK 221.9 a 225.26)
Soria,N-110,70.0,71.4,1642.0,234.0,14.25,N-110 (PK 70.0 a 71.4)
La Rioja,N-232,336.7,345.6,8029.0,954.0,11.88,N-232 (PK 336.7 a 345.6)
Ciudad Real,N-420,148.9,158.0,5173.0,232.0,4.48,N-420 (PK 148.9 a 158.0)
Badajoz,N-435,53.8,66.2,1725.0,223.0,12.93,N-435 (PK 53.8 a 66.2)
Ávila,N-502,62.7,67.5,1761.0,97.0,5.51,N-502 (PK 62.7 a 67.5)
Valencia,A-7,402.5,405.1,28975.0,3468.0,11.97,A-7 (PK 402.5 a 405.1)
Alicante/Alacant,A-31,206.9,211.9,51535.0,6293.0,12.21,A-31 (PK 206.9 a 211.9)
Albacete,A-43,125.3,129.2,12797.0,3946.0,30.84,A-43 (PK 125.3 a 129.2)
Pontevedra,N-525,280.8,285.75,566.0,53.0,9.36,N-525 (PK 280.8 a 285.75)
Toledo,A-4,69.4,81.5,30195.0,6991.0,23.15,A-4 (PK 69.4 a 81.5)
Zamora,A-66,274.5,275.6,10938.0,1384.0,12.65,A-66 (PK 274.5 a 275.6)
Teruel,N-211,193.8,200.5,1407.0,321.0,22.81,N-211 (PK 193.8 a 200.5)
Córdoba,N-502,364.8,374.5,2605.0,314.0,12.05,N-502 (PK 364.8 a 374.5)
León,N-625,91.7,98.6,1042.0,109.0,10.46,N-625 (PK 91.7 a 98.6)
Cantabria,N-634,168.2,169.1,2929.0,78.0,2.66,N-634 (PK 168.2 a 169.1)
Lleida,A-2,518.6,519.5,30654.0,8066.0,26.31,A-2 (PK 518.6 a 519.5)
Huesca,N-230,74.6,81.5,3702.0,535.0,14.45,N-230 (PK 74.6 a 81.5)
Burgos,N-234,408.41,419.7,2460.0,351.0,14.27,N-234 (PK 408.41 a 419.7)
Córdoba,N-420,81.5,93.2,1452.0,209.0,14.39,N-420 (PK 81.5 a 93.2)
Huelva,H-31,79.7,83.9,40070.0,2512.0,6.27,H-31 (PK 79.7 a 83.9)
Cáceres,N-110,399825,403.1,7147.0,377.0,5.27,N-110 (PK 399.825 a 403.1)
Cáceres,N-110,388.55,399825,4983.0,180.0,3.61,N-110 (PK 388.55 a 399.825)
Ourense,N-120A,88.4,93.4,145.0,22.0,15.17,N-120A (PK 88.4 a 93.4)
Alicante/Alacant,N-340,730.9,733856,5543.0,1524.0,27.49,N-340 (PK 730.9 a 733.856)
León,N-536,5.1,12.8,1631.0,57.0,3.49,N-536 (PK 5.1 a 12.8)
Zamora,N-630,307.9,309.4,408.0,62.0,15.2,N-630 (PK 307.9 a 309.4)
Ciudad Real,A-43,64.0,80.9,8400.0,3421.0,40.73,A-43 (PK 64.0 a 80.9)
Ciudad Real,N-401,174.3,187.2,8185.0,459.0,5.61,N-401 (PK 174.3 a 187.2)
Valencia,V-23,1539,4.8,53973.0,7651.0,14.18,V-23 (PK 1.539 a 4.8)
Valencia,V-23,0.3,1539,19768.0,1040.0,5.26,V-23 (PK 0.3 a 1.539)
Málaga,A-7,970.45,973.7,78416.0,3404.0,4.34,A-7 (PK 970.45 a 973.7)
Málaga,A-7,1043.6,1047.0,106315.0,7100.0,6.68,A-7 (PK 1043.6 a 1047.0)
Girona,A-2,704.4,707269,46509.0,4751.0,10.22,A-2 (PK 704.4 a 707.269)
Girona,A-2,707269,709.23,50057.0,5266.0,10.52,A-2 (PK 707.269 a 709.23)
Valencia,A-23,13.9,16.95,22526.0,2416.0,10.73,A-23 (PK 13.9 a 16.95)
Zaragoza,A-23,295794,303.5,35026.0,3509.0,10.02,A-23 (PK 295.794 a 303.5)
Zaragoza,A-23,291.3,295794,19867.0,3376.0,16.99,A-23 (PK 291.3 a 295.794)
Cuenca,A-3,167.4,175.3,27487.0,4712.0,17.14,A-3 (PK 167.4 a 175.3)
Zamora,N-122,517.9,519.0,3701.0,1211.0,32.72,N-122 (PK 517.9 a 519.0)
Girona,N-2,686.38,692208,22975.0,1496.0,6.51,N-2 (PK 686.38 a 692.208)
Huesca,N-260,360.6,366.5,544.0,17.0,3.12,N-260 (PK 360.6 a 366.5)
Cantabria,N-634,157.5,158.7,2929.0,78.0,2.66,N-634 (PK 157.5 a 158.7)
Tarragona,A-7,1150.8,1151.6,40096.0,2667.0,6.65,A-7 (PK 1150.8 a 1151.6)
Málaga,A-7,940.4,948.9,33689.0,3891.0,11.55,A-7 (PK 940.4 a 948.9)
Huesca,A-22,62.2,73.0,9505.0,1251.0,13.16,A-22 (PK 62.2 a 73.0)
Cuenca,A-3,177.2,185.8,19456.0,5612.0,28.84,A-3 (PK 177.2 a 185.8)
Albacete,A-31,125.89,136.1,16953.0,2633.0,15.53,A-31 (PK 125.89 a 136.1)
Albacete,A-31,123.4,125.89,16657.0,2637.0,15.83,A-31 (PK 123.4 a 125.89)
Toledo,N-301,79.8,95.0,3913.0,1094.0,27.96,N-301 (PK 79.8 a 95.0)
Cuenca,N-420,507.3,515.4,774.0,99.0,12.79,N-420 (PK 507.3 a 515.4)
Huelva,N-435,138.7,145.4,1673.0,291.0,17.39,N-435 (PK 138.7 a 145.4)
Barcelona,A-2,609.1,610.69,138316.0,19634.0,14.2,A-2 (PK 609.1 a 610.69)
Castellón,N-234,20.0,21.9,202.0,52.0,25.74,N-234 (PK 20.0 a 21.9)
Tarragona,N-240,36.49,37.6,9525.0,732.0,7.69,N-240 (PK 36.49 a 37.6)
Cantabria,N-611,161.6,162.6,795.0,73.0,9.18,N-611 (PK 161.6 a 162.6)
Alicante/Alacant,A-31,211.9,215.3,49567.0,6478.0,13.07,A-31 (PK 211.9 a 215.3)
Asturias,N-634,289.1,292.1,956.0,50.0,5.23,N-634 (PK 289.1 a 292.1)
Soria,SO-20,8.9,11.7,5504.0,870.0,15.81,SO-20 (PK 8.9 a 11.7)
Málaga,A-7,1080.5,1087.33,21231.0,1582.0,7.45,A-7 (PK 1080.5 a 1087.33)
Cádiz,A-7,1087.33,1091.2,47073.0,4239.0,9.01,A-7 (PK 1087.33 a 1091.2)
Valladolid,A-11,343.45,344.2,11801.0,1921.0,16.28,A-11 (PK 343.45 a 344.2)
Tarragona,A-27,3587,6.2,32521.0,3884.0,11.94,A-27 (PK 3.587 a 6.2)
Tarragona,A-27,2.6,3587,34578.0,3632.0,10.5,A-27 (PK 2.6 a 3.587)
Salamanca,A-50,54.45,59.3,8065.0,1291.0,16.01,A-50 (PK 54.45 a 59.3)
Huesca,N-230,64.2,74.6,3702.0,535.0,14.45,N-230 (PK 64.2 a 74.6)
Zaragoza,N-240,336.7,340.65,164.0,11.0,6.71,N-240 (PK 336.7 a 340.65)
Lleida,N-260,314.1,315.2,1929.0,95.0,4.92,N-260 (PK 314.1 a 315.2)
Alicante/Alacant,N-340,716.2,721.7,14859.0,1074.0,7.23,N-340 (PK 716.2 a 721.7)
Zamora,N-610,74.67,77.1,1724.0,814.0,47.22,N-610 (PK 74.67 a 77.1)
Valencia,V-23,4.8,8.7,53973.0,7651.0,14.18,V-23 (PK 4.8 a 8.7)
Alicante/Alacant,A-7,517.2,522.0,69676.0,8813.0,12.65,A-7 (PK 517.2 a 522.0)
Madrid,A-4,16.3,21.5,154491.0,22162.0,14.35,A-4 (PK 16.3 a 21.5)
Burgos,N-234,464.0,478.7,3899.0,638.0,16.36,N-234 (PK 464.0 a 478.7)
Granada,N-323A,147.3,154.59,6734.0,437.0,6.49,N-323A (PK 147.3 a 154.59)
Tarragona,N-420,821.7,822.6,6122.0,659.0,10.76,N-420 (PK 821.7 a 822.6)
Guadalajara,A-2,54705,58.1,43761.0,8560.0,19.56,A-2 (PK 54.705 a 58.1)
Guadalajara,A-2,50.5,54705,80352.0,8912.0,11.09,A-2 (PK 50.5 a 54.705)
Cuenca,A-3,90.6,103.7,28544.0,5104.0,17.88,A-3 (PK 90.6 a 103.7)
Córdoba,N-331,81.0,89.1,519.0,85.0,16.38,N-331 (PK 81.0 a 89.1)
Teruel,N-420,629.5,635.8,1763.0,337.0,19.12,N-420 (PK 629.5 a 635.8)
Valladolid,N-6,215.7,217.5,257.0,73.0,28.4,N-6 (PK 215.7 a 217.5)
Cantabria,N-621,148.1,149.0,5647.0,285.0,5.05,N-621 (PK 148.1 a 149.0)
Castellón,N-232,48.3,60.8,3568.0,638.0,17.88,N-232 (PK 48.3 a 60.8)
Girona,N-2A,718.36,719.4,14177.0,1261.0,8.89,N-2A (PK 718.36 a 719.4)
Cuenca,N-320,190.4,194.6,1161.0,238.0,20.5,N-320 (PK 190.4 a 194.6)
Tarragona,N-340,1079.8,1081.3,13431.0,1095.0,8.15,N-340 (PK 1079.8 a 1081.3)
Málaga,A-7,981.1,983.9,83753.0,4409.0,5.26,A-7 (PK 981.1 a 983.9)
Castellón,N-234,43.6,47.1,1631.0,549.0,33.66,N-234 (PK 43.6 a 47.1)
Albacete,N-344,105426,111.9,1274.0,196.0,15.38,N-344 (PK 105.426 a 111.9)
León,N-621,81.0,88.4,1336.0,89.0,6.66,N-621 (PK 81.0 a 88.4)
Lugo,N-640,131.8,144.35,3675.0,405.0,11.02,N-640 (PK 131.8 a 144.35)
Valencia,A-7,326.6,330.3,119357.0,19636.0,16.45,A-7 (PK 326.6 a 330.3)
Asturias,A-66,46.2,53.3,26347.0,2598.0,9.86,A-66 (PK 46.2 a 53.3)
Valencia,N-3,304.8,306.3,569.0,71.0,12.48,N-3 (PK 304.8 a 306.3)
Alicante/Alacant,N-332,194.22,195.3,16568.0,1283.0,7.74,N-332 (PK 194.22 a 195.3)
Granada,N-432,399876,403.5,4542.0,426.0,9.38,N-432 (PK 399.876 a 403.5)
Granada,N-432,399777,399876,4546.0,561.0,12.34,N-432 (PK 399.777 a 399.876)
Salamanca,N-630,340.55,341.7,22113.0,728.0,3.29,N-630 (PK 340.55 a 341.7)
Málaga,A-7,995.8,998208,59849.0,4139.0,6.92,A-7 (PK 995.8 a 998.208)
Málaga,A-7,998208,1000.2,44885.0,3725.0,8.3,A-7 (PK 998.208 a 1000.2)
Madrid,A-4,8.8,13.4,149045.0,14831.0,9.95,A-4 (PK 8.8 a 13.4)
Tarragona,N-340,1191.3,1192.6,17089.0,1292.0,7.56,N-340 (PK 1191.3 a 1192.6)
Huelva,N-435,190.0,198.0,8150.0,709.0,8.7,N-435 (PK 190.0 a 198.0)
Cantabria,N-634,275.4,276.8,4577.0,379.0,8.28,N-634 (PK 275.4 a 276.8)
Murcia,A-7,623.2,628.2,35747.0,10737.0,30.04,A-7 (PK 623.2 a 628.2)
Cuenca,N-320,172.2,181.7,1223.0,215.0,17.58,N-320 (PK 172.2 a 181.7)
Jaén,N-322,154.6,164.9,454.0,68.0,14.98,N-322 (PK 154.6 a 164.9)
Albacete,N-430,486.4,511.6,3076.0,264.0,8.58,N-430 (PK 486.4 a 511.6)
Castellón,N-340,958.5,963.1,17509.0,1073.0,6.13,N-340 (PK 958.5 a 963.1)
Asturias,N-634,411.7,418.4,6143.0,429.0,6.98,N-634 (PK 411.7 a 418.4)
Lugo,A-8,523.5,533.8,10105.0,1958.0,19.38,A-8 (PK 523.5 a 533.8)
Zaragoza,N-122,88.7,95.3,4955.0,1385.0,27.95,N-122 (PK 88.7 a 95.3)
Lleida,N-240,87.95,89.0,8757.0,1657.0,18.92,N-240 (PK 87.95 a 89.0)
Girona,N-2A,719.4,722.0,14177.0,1261.0,8.89,N-2A (PK 719.4 a 722.0)
Málaga,A-7,1068.6,1070.65,45417.0,4388.0,9.66,A-7 (PK 1068.6 a 1070.65)
Madrid,A-1,46.3,49.9,30223.0,4654.0,15.4,A-1 (PK 46.3 a 49.9)
Huesca,N-260A,477.8,480.3,1936.0,64.0,3.31,N-260A (PK 477.8 a 480.3)
Girona,N-2A,0.0,2.2,10559.0,358.0,3.39,N-2A (PK 0.0 a 2.2)
León,A-66,172.5,193.6,11784.0,2040.0,17.31,A-66 (PK 172.5 a 193.6)
Ourense,N-120,550.7,564.4,5408.0,737.0,13.63,N-120 (PK 550.7 a 564.4)
Tarragona,N-240,1.0,2.3,25130.0,802.0,3.19,N-240 (PK 1.0 a 2.3)
Tarragona,N-420A,813805,814.79,11.0,1.0,9.09,N-420A (PK 813.805 a 814.79)
Valencia,V-21,0.0,8.5,56368.0,3129.0,5.55,V-21 (PK 0.0 a 8.5)
Zamora,A-6,234.5,235.8,16294.0,3288.0,20.18,A-6 (PK 234.5 a 235.8)
Barcelona,B-20,23.5,24.7,112258.0,5226.0,4.66,B-20 (PK 23.5 a 24.7)
Soria,N-2,176.0,178.1,158.0,4.0,2.53,N-2 (PK 176.0 a 178.1)
Lugo,N-6,441.4,449.8,849.0,64.0,7.54,N-6 (PK 441.4 a 449.8)
Valladolid,N-601,165.3,166.4,9699.0,1557.0,16.05,N-601 (PK 165.3 a 166.4)
Cantabria,N-629,84.1,86.6,13094.0,399.0,3.05,N-629 (PK 84.1 a 86.6)
A Coruña,N-655,4.7,10371,938.0,29.0,3.09,N-655 (PK 4.7 a 10.371)
A Coruña,N-655,10371,14.89,490.0,145.0,29.59,N-655 (PK 10.371 a 14.89)
Cantabria,S-30,1.2,2.4,24983.0,671.0,2.69,S-30 (PK 1.2 a 2.4)
Barcelona,B-10,19.6,20.19,80227.0,6522.0,8.13,B-10 (PK 19.6 a 20.19)
Guadalajara,N-320,252.2,263.3,6634.0,443.0,6.68,N-320 (PK 252.2 a 263.3)
Barcelona,N-340,1239.68,1240955,20920.0,1372.0,6.56,N-340 (PK 1239.68 a 1240.955)
Cantabria,N-611,203.0,204.1,8791.0,509.0,5.79,N-611 (PK 203.0 a 204.1)
Madrid,M-40,35.0,40.1,120572.0,5914.0,4.9,M-40 (PK 35.0 a 40.1)
Cuenca,N-320,194.6,197.0,1161.0,238.0,20.5,N-320 (PK 194.6 a 197.0)
Alicante/Alacant,N-325,3789,6.0,13072.0,760.0,5.81,N-325 (PK 3.789 a 6.0)
Castellón,N-340,963.1,969.4,25338.0,1873.0,7.39,N-340 (PK 963.1 a 969.4)
Pontevedra,N-640,187.0,193.6,4133.0,252.0,6.1,N-640 (PK 187.0 a 193.6)
Tarragona,T-11,13.2,14.7,41380.0,2081.0,5.03,T-11 (PK 13.2 a 14.7)
Málaga,A-45,116.8,122.2,35089.0,4577.0,13.04,A-45 (PK 116.8 a 122.2)
Soria,N-111,217.2,218.3,523.0,70.0,13.38,N-111 (PK 217.2 a 218.3)
Zaragoza,N-121,0.0,5.9,5765.0,254.0,4.41,N-121 (PK 0.0 a 5.9)
Teruel,N-211,213.1,223.3,2217.0,269.0,12.13,N-211 (PK 213.1 a 223.3)
Tarragona,N-340,1096.0,1097.2,9038.0,755.0,8.35,N-340 (PK 1096.0 a 1097.2)
Alicante/Alacant,A-7,452.9,459.5,24791.0,2052.0,8.28,A-7 (PK 452.9 a 459.5)
Alicante/Alacant,A-7,541.0,545.0,44307.0,9023.0,20.36,A-7 (PK 541.0 a 545.0)
Murcia,A-91,5.9,14.6,13546.0,2370.0,17.5,A-91 (PK 5.9 a 14.6)
Cantabria,N-623,148.6,149.8,14869.0,636.0,4.28,N-623 (PK 148.6 a 149.8)
Valladolid,A-11,354.0,358.38,20144.0,2079.0,10.32,A-11 (PK 354.0 a 358.38)
Murcia,A-30,142.39,143.0,90994.0,5346.0,5.88,A-30 (PK 142.39 a 143.0)
Murcia,A-30,139548,142.39,116140.0,5746.0,4.95,A-30 (PK 139.548 a 142.39)
Murcia,A-30,137.5,139548,106974.0,6673.0,6.24,A-30 (PK 137.5 a 139.548)
Teruel,N-211,134.5,139.3,737.0,127.0,17.23,N-211 (PK 134.5 a 139.3)
Ourense,N-525,209.5,215.8,4221.0,155.0,3.67,N-525 (PK 209.5 a 215.8)
Valladolid,N-601,202.2,204.7,7001.0,714.0,10.2,N-601 (PK 202.2 a 204.7)
Valladolid,N-620,182.4,183.9,209.0,32.0,15.31,N-620 (PK 182.4 a 183.9)
Burgos,N-120,164.2,171.05,1629.0,188.0,11.54,N-120 (PK 164.2 a 171.05)
Cuenca,N-400,162.9,169.6,112.0,12.0,10.71,N-400 (PK 162.9 a 169.6)
Salamanca,N-501,86.7,88824,3786.0,172.0,4.54,N-501 (PK 86.7 a 88.824)
Cantabria,S-30,0.0,1.2,24983.0,671.0,2.69,S-30 (PK 0.0 a 1.2)
Zamora,ZA-20,4.0,5.25,7490.0,309.0,4.13,ZA-20 (PK 4.0 a 5.25)
Lugo,A-6,468.5,478.5,10950.0,2537.0,23.17,A-6 (PK 468.5 a 478.5)
Cuenca,N-420,325.3,335.7,789.0,51.0,6.46,N-420 (PK 325.3 a 335.7)
Cuenca,A-31,0.75,12.7,13230.0,2085.0,15.76,A-31 (PK 0.75 a 12.7)
Sevilla,A-49,3.2,5.2,114214.0,6212.0,5.44,A-49 (PK 3.2 a 5.2)
Huesca,N-123A,29.0,33.8,1260.0,124.0,9.84,N-123A (PK 29.0 a 33.8)
Teruel,N-330,297.8,301.2,2540.0,230.0,9.06,N-330 (PK 297.8 a 301.2)
Cuenca,N-330,227.9,239.0,1495.0,194.0,12.98,N-330 (PK 227.9 a 239.0)
Tarragona,N-340A,1081.75,1082.9,15033.0,900.0,5.99,N-340A (PK 1081.75 a 1082.9)
Huelva,N-431,103.4,107.92,7927.0,429.0,5.41,N-431 (PK 103.4 a 107.92)
Guadalajara,A-2,60.3,73.2,33600.0,8502.0,25.3,A-2 (PK 60.3 a 73.2)
Girona,N-260,61.45,62.6,7592.0,627.0,8.26,N-260 (PK 61.45 a 62.6)
Alicante/Alacant,N-332,137.4,142.4,15106.0,630.0,4.17,N-332 (PK 137.4 a 142.4)
Valladolid,N-620,181.0,182.1,1731.0,358.0,20.68,N-620 (PK 181.0 a 182.1)
Lugo,N-634,571.6,576.9,3150.0,191.0,6.06,N-634 (PK 571.6 a 576.9)
Madrid,A-1A,40.0,43.9,3627.0,615.0,16.96,A-1A (PK 40.0 a 43.9)
Albacete,A-30,4.0,12.0,16580.0,3084.0,18.6,A-30 (PK 4.0 a 12.0)
Cantabria,A-67,198.9,200.2,49715.0,3255.0,6.55,A-67 (PK 198.9 a 200.2)
Barcelona,N-340,1203.28,1203.9,18969.0,1619.0,8.53,N-340 (PK 1203.28 a 1203.9)
Salamanca,N-630A,410.5,412.2,928.0,15.0,1.62,N-630A (PK 410.5 a 412.2)
Cantabria,N-634,158.7,159.8,2929.0,78.0,2.66,N-634 (PK 158.7 a 159.8)
Huesca,N-260,465.5,476.8,3247.0,136.0,4.19,N-260 (PK 465.5 a 476.8)
Cantabria,N-611,207.0,208.2,7865.0,414.0,5.26,N-611 (PK 207.0 a 208.2)
Huelva,A-49,33.5,47.5,37999.0,3967.0,10.44,A-49 (PK 33.5 a 47.5)
Soria,N-111,184.9,186.6,92.0,8.0,8.7,N-111 (PK 184.9 a 186.6)
Alicante/Alacant,N-340,785.75,790.0,753.0,20.0,2.66,N-340 (PK 785.75 a 790.0)
Guadalajara,N-320,227.1,238.0,3225.0,297.0,9.21,N-320 (PK 227.1 a 238.0)
Ávila,N-502,21.1,29.6,2198.0,140.0,6.37,N-502 (PK 21.1 a 29.6)
Asturias,N-632,9.3,13615,1259.0,205.0,16.28,N-632 (PK 9.3 a 13.615)
Valencia,N-330,191.9,196.7,3013.0,624.0,20.71,N-330 (PK 191.9 a 196.7)
Zamora,N-525,69.6,72.0,771.0,74.0,9.6,N-525 (PK 69.6 a 72.0)
Valencia,A-35,38.6,40009,31123.0,11791.0,37.89,A-35 (PK 38.6 a 40.009)
Valencia,A-35,40009,42.5,30172.0,9524.0,31.57,A-35 (PK 40.009 a 42.5)
Cantabria,N-611,162.6,163.8,795.0,73.0,9.18,N-611 (PK 162.6 a 163.8)
Lugo,N-640,47.5,52.1,1416.0,147.0,10.38,N-640 (PK 47.5 a 52.1)
Valencia,N-3,256.2,262.39,2399.0,244.0,10.17,N-3 (PK 256.2 a 262.39)
Ciudad Real,N-430,344694,359.1,2223.0,248.0,11.16,N-430 (PK 344.694 a 359.1)
Zamora,N-525,74.2,75.9,1322.0,129.0,9.76,N-525 (PK 74.2 a 75.9)
Asturias,N-634,285.0,289.1,1148.0,89.0,7.75,N-634 (PK 285.0 a 289.1)
Sevilla,SE-30,9.1,14.0,105574.0,4596.0,4.35,SE-30 (PK 9.1 a 14.0)
Málaga,A-7,953.6,961.1,51385.0,3358.0,6.53,A-7 (PK 953.6 a 961.1)
Cádiz,A-7,1116.65,1122.69,39901.0,2490.0,6.24,A-7 (PK 1116.65 a 1122.69)
Soria,A-15,35.2,38.2,6715.0,1904.0,28.35,A-15 (PK 35.2 a 38.2)
Valencia,A-38,0.0,9.7,22253.0,1588.0,7.14,A-38 (PK 0.0 a 9.7)
Jaén,A-4,315.2,320.7,20189.0,5155.0,25.53,A-4 (PK 315.2 a 320.7)
Zaragoza,N-234,236.7,245.5,2177.0,238.0,10.93,N-234 (PK 236.7 a 245.5)
Girona,N-260,134.2,137.4,2738.0,87.0,3.18,N-260 (PK 134.2 a 137.4)
Córdoba,N-502,328.7,339.6,1205.0,124.0,10.29,N-502 (PK 328.7 a 339.6)
León,N-625,124.8,130.0,760.0,26.0,3.42,N-625 (PK 124.8 a 130.0)
Tarragona,N-240,10.0,11.4,11716.0,658.0,5.62,N-240 (PK 10.0 a 11.4)
Valladolid,N-601,175.6,177.0,25116.0,2437.0,9.7,N-601 (PK 175.6 a 177.0)
Asturias,N-625,130.0,134.2,652.0,23.0,3.53,N-625 (PK 130.0 a 134.2)
A Coruña,A-54,90785,93.4,22272.0,2255.0,10.12,A-54 (PK 90.785 a 93.4)
A Coruña,A-54,85.7,90785,22348.0,1975.0,8.84,A-54 (PK 85.7 a 90.785)
Teruel,N-232,93.2,108.0,2069.0,245.0,11.84,N-232 (PK 93.2 a 108.0)
Soria,N-234,349.2,350.23,2756.0,251.0,9.11,N-234 (PK 349.2 a 350.23)
Valencia,V-21,14.1,18.8,74665.0,1061.0,1.42,V-21 (PK 14.1 a 18.8)
Granada,A-7,896.5,899343,22187.0,2115.0,9.53,A-7 (PK 896.5 a 899.343)
Granada,A-7,899343,902.7,16968.0,1378.0,8.12,A-7 (PK 899.343 a 902.7)
Teruel,A-23,175.8,185.2,10765.0,3168.0,29.43,A-23 (PK 175.8 a 185.2)
Soria,N-122,187.0,189.2,33.0,10.0,30.3,N-122 (PK 187.0 a 189.2)
Castellón,N-238,1.9,5.6,7635.0,1653.0,21.65,N-238 (PK 1.9 a 5.6)
Albacete,N-322,279.6,289.3,2296.0,295.0,12.85,N-322 (PK 279.6 a 289.3)
Valencia,N-330A,137.8,140.6,834.0,50.0,6.0,N-330A (PK 137.8 a 140.6)
Murcia,N-345,2.9,7.2,1125.0,141.0,12.53,N-345 (PK 2.9 a 7.2)
Madrid,A-3,17137,20.4,92707.0,8095.0,8.73,A-3 (PK 17.137 a 20.4)
Madrid,A-3,13.3,17137,130513.0,8317.0,6.37,A-3 (PK 13.3 a 17.137)
Tarragona,N-240,17.3,18.15,15913.0,1223.0,7.69,N-240 (PK 17.3 a 18.15)
Valencia,N-337,0.0,2.5,16782.0,548.0,3.27,N-337 (PK 0.0 a 2.5)
Tarragona,N-340,1155.2,1156.4,16390.0,613.0,3.74,N-340 (PK 1155.2 a 1156.4)
Asturias,N-630,82.7,87.11,3739.0,277.0,7.41,N-630 (PK 82.7 a 87.11)
Salamanca,N-630,386.3,387.9,591.0,42.0,7.11,N-630 (PK 386.3 a 387.9)
Lleida,A-2,501.6,503.5,35134.0,8719.0,24.82,A-2 (PK 501.6 a 503.5)
Teruel,N-234,76.3,80.9,241.0,20.0,8.3,N-234 (PK 76.3 a 80.9)
Valencia,N-3,235.55,241.1,340.0,43.0,12.65,N-3 (PK 235.55 a 241.1)
Valencia,N-332,250.8,256.1,6210.0,595.0,9.58,N-332 (PK 250.8 a 256.1)
Zamora,A-66,306.4,310122,8693.0,1258.0,14.47,A-66 (PK 306.4 a 310.122)
Lugo,N-120,472.8,482.3,3185.0,510.0,16.01,N-120 (PK 472.8 a 482.3)
Tarragona,N-240,18.97,19.9,15913.0,1223.0,7.69,N-240 (PK 18.97 a 19.9)
Huelva,N-431,121.6,127.4,5520.0,329.0,5.96,N-431 (PK 121.6 a 127.4)
Huelva,N-433,61.31,70.6,2589.0,233.0,9.0,N-433 (PK 61.31 a 70.6)
Lugo,N-540,25.2,39.9,2714.0,385.0,14.19,N-540 (PK 25.2 a 39.9)
Salamanca,N-630,346.8,348.2,2097.0,88.0,4.2,N-630 (PK 346.8 a 348.2)
Teruel,N-211A,130.35,133714,55.0,9.0,16.36,N-211A (PK 130.35 a 133.714)
Sevilla,N-433,45.6,52.8,5789.0,523.0,9.03,N-433 (PK 45.6 a 52.8)
Zamora,N-630A,306.7,308.2,259.0,3.0,1.16,N-630A (PK 306.7 a 308.2)
Soria,A-11,60.6,64.8,6149.0,1891.0,30.75,A-11 (PK 60.6 a 64.8)
Guadalajara,N-204,0.0,11.2,1281.0,111.0,8.67,N-204 (PK 0.0 a 11.2)
Ciudad Real,N-502,311.6,318.0,1378.0,124.0,9.0,N-502 (PK 311.6 a 318.0)
Alicante/Alacant,A-7,464.1,468.4,24791.0,2052.0,8.28,A-7 (PK 464.1 a 468.4)
Ourense,A-52,113.8,124.7,8653.0,2325.0,26.87,A-52 (PK 113.8 a 124.7)
Girona,N-260,106.2,114.0,7183.0,461.0,6.42,N-260 (PK 106.2 a 114.0)
Zamora,N-525,56.0,57.7,1081.0,105.0,9.71,N-525 (PK 56.0 a 57.7)
Asturias,N-632,102.2,106.8,8439.0,466.0,5.52,N-632 (PK 102.2 a 106.8)
Murcia,A-30,89.0,99.4,18034.0,3665.0,20.32,A-30 (PK 89.0 a 99.4)
Barcelona,B-30,3.1,4.0,65202.0,3970.0,6.09,B-30 (PK 3.1 a 4.0)
Guadalajara,N-204,16.4,22.7,634.0,55.0,8.68,N-204 (PK 16.4 a 22.7)
Soria,N-234,334.4,336.4,3011.0,274.0,9.1,N-234 (PK 334.4 a 336.4)
Jaén,N-432A,377.9,384.5,2206.0,72.0,3.26,N-432A (PK 377.9 a 384.5)
Almería,N-340,377.5,383.82,556.0,53.0,9.53,N-340 (PK 377.5 a 383.82)
Alicante/Alacant,A-31,202.1,206.9,40111.0,6066.0,15.12,A-31 (PK 202.1 a 206.9)
Almería,N-341,8.6,14.4,3579.0,629.0,17.57,N-341 (PK 8.6 a 14.4)
Albacete,N-430,463.7,476.0,3076.0,264.0,8.58,N-430 (PK 463.7 a 476.0)
Girona,A-2,731.9,734.0,5199.0,346.0,6.66,A-2 (PK 731.9 a 734.0)
Teruel,N-234,63.8,72.2,241.0,20.0,8.3,N-234 (PK 63.8 a 72.2)
León,N-536,21.0,30.8,1500.0,52.0,3.47,N-536 (PK 21.0 a 30.8)
Salamanca,N-630A,398.5,399817,164.0,11.0,6.71,N-630A (PK 398.5 a 399.817)
Castellón,A-23,21.4,27.2,28258.0,4340.0,15.36,A-23 (PK 21.4 a 27.2)
Madrid,M-40,46.0,50.4,129141.0,8287.0,6.42,M-40 (PK 46.0 a 50.4)
Málaga,A-7,961.1,966.7,35905.0,3325.0,9.26,A-7 (PK 961.1 a 966.7)
Zamora,N-122,457.8,458.7,8855.0,143.0,1.61,N-122 (PK 457.8 a 458.7)
Lleida,N-230,121.1,122.3,3133.0,533.0,17.01,N-230 (PK 121.1 a 122.3)
Cuenca,N-420A,382517,388177,19.0,1.0,5.26,N-420A (PK 382.517 a 388.177)
Cantabria,N-611,204.1,205.4,8791.0,509.0,5.79,N-611 (PK 204.1 a 205.4)
León,N-621,101.0,112.2,480.0,29.0,6.04,N-621 (PK 101.0 a 112.2)
Valladolid,VA-30,7.6,12.2,19225.0,2632.0,13.69,VA-30 (PK 7.6 a 12.2)
Málaga,A-45,107.0,114.2,32500.0,3866.0,11.9,A-45 (PK 107.0 a 114.2)
Huesca,N-260A,496.8,503515,1127.0,17.0,1.51,N-260A (PK 496.8 a 503.515)
Huesca,N-260A,503515,504.8,993.0,32.0,3.22,N-260A (PK 503.515 a 504.8)
Toledo,N-502,148.8,163.3,57.0,4.0,7.02,N-502 (PK 148.8 a 163.3)
Valladolid,N-601,269.2,270.6,3059.0,796.0,26.02,N-601 (PK 269.2 a 270.6)
Cantabria,N-623,124.4,125.7,7437.0,490.0,6.59,N-623 (PK 124.4 a 125.7)
Valladolid,A-11,393.9,395.6,7650.0,1566.0,20.47,A-11 (PK 393.9 a 395.6)
Barcelona,B-20,24.7,26.86,112258.0,5226.0,4.66,B-20 (PK 24.7 a 26.86)
Girona,N-260,129.9,134.2,2738.0,87.0,3.18,N-260 (PK 129.9 a 134.2)
Tarragona,N-420A,825025,826.16,285.0,35.0,12.28,N-420A (PK 825.025 a 826.16)
Asturias,N-625,134.2,139.5,652.0,23.0,3.53,N-625 (PK 134.2 a 139.5)
Salamanca,N-630,371.4,373.1,591.0,42.0,7.11,N-630 (PK 371.4 a 373.1)
Salamanca,N-630A,415.0,416.3,928.0,15.0,1.62,N-630A (PK 415.0 a 416.3)
Alicante/Alacant,A-7,522.0,526.1,73600.0,9612.0,13.06,A-7 (PK 522.0 a 526.1)
La Rioja,N-111,274.0,282.0,2419.0,283.0,11.7,N-111 (PK 274.0 a 282.0)
Jaén,A-4,309.2,315.2,20189.0,5155.0,25.53,A-4 (PK 309.2 a 315.2)
Zamora,A-6,265.6,266.9,21940.0,5950.0,27.12,A-6 (PK 265.6 a 266.9)
Teruel,N-420,643.1,653.0,1703.0,309.0,18.14,N-420 (PK 643.1 a 653.0)
Badajoz,N-430A,181.7,194.3,17.0,2.0,11.76,N-430A (PK 181.7 a 194.3)
Burgos,N-232,516.6,525.4,702.0,110.0,15.67,N-232 (PK 516.6 a 525.4)
Murcia,A-7,643.1,651.6,36683.0,6917.0,18.86,A-7 (PK 643.1 a 651.6)
Granada,N-340,363.5,371.4,885.0,39.0,4.41,N-340 (PK 363.5 a 371.4)
Granada,N-432A,413.18,419114,3493.0,113.0,3.24,N-432A (PK 413.18 a 419.114)
Madrid,A-42,9.8,12.3,119856.0,7392.0,6.17,A-42 (PK 9.8 a 12.3)
Barcelona,B-10,18.2,19.6,80227.0,6522.0,8.13,B-10 (PK 18.2 a 19.6)
Ourense,N-120,574.37,580.6,4551.0,446.0,9.8,N-120 (PK 574.37 a 580.6)
Albacete,N-322,253.3,258.3,1639.0,211.0,12.87,N-322 (PK 253.3 a 258.3)
Pontevedra,N-555,0.0,6.97,6686.0,774.0,11.58,N-555 (PK 0.0 a 6.97)
Valladolid,N-601,140.2,141.7,3477.0,1102.0,31.69,N-601 (PK 140.2 a 141.7)
Salamanca,N-630,330.7,332.0,2547.0,100.0,3.93,N-630 (PK 330.7 a 332.0)
Asturias,N-634,495.1,501.2,662.0,54.0,8.16,N-634 (PK 495.1 a 501.2)
Valladolid,A-62,154.9,156.6,16824.0,4741.0,28.18,A-62 (PK 154.9 a 156.6)
Teruel,N-232,151.0,165.1,4983.0,471.0,9.45,N-232 (PK 151.0 a 165.1)
Salamanca,N-630,337.9,339.3,8074.0,235.0,2.91,N-630 (PK 337.9 a 339.3)
Madrid,A-1,60.1,66.0,30223.0,4654.0,15.4,A-1 (PK 60.1 a 66.0)
Valencia,N-3,272.2,275.45,6893.0,1491.0,21.63,N-3 (PK 272.2 a 275.45)
Cuenca,N-420,516.3,525.19,774.0,99.0,12.79,N-420 (PK 516.3 a 525.19)
Cantabria,N-634,202.19,202893,5107.0,152.0,2.98,N-634 (PK 202.19 a 202.893)
Zamora,ZA-13,2.6,3.97,7490.0,309.0,4.13,ZA-13 (PK 2.6 a 3.97)
Málaga,A-7,1033.55,1041.9,80002.0,14955.0,18.69,A-7 (PK 1033.55 a 1041.9)
Córdoba,A-45,0.0,15.4,23294.0,2371.0,10.18,A-45 (PK 0.0 a 15.4)
Soria,N-2,151.4,154.5,440.0,107.0,24.32,N-2 (PK 151.4 a 154.5)
Cuenca,N-320,181.7,189.3,1161.0,238.0,20.5,N-320 (PK 181.7 a 189.3)
Tarragona,N-420A,878.52,880.05,2749.0,260.0,9.46,N-420A (PK 878.52 a 880.05)
Barcelona,A-2,555.2,556.6,40571.0,6711.0,16.54,A-2 (PK 555.2 a 556.6)
Madrid,A-3,48.2,59.5,35290.0,5230.0,14.82,A-3 (PK 48.2 a 59.5)
Cantabria,A-8,141.3,142.6,51561.0,5193.0,10.07,A-8 (PK 141.3 a 142.6)
Valencia,N-340,936.0,941.0,5251.0,276.0,5.26,N-340 (PK 936.0 a 941.0)
Valencia,A-3,318.5,322.7,40101.0,9195.0,22.93,A-3 (PK 318.5 a 322.7)
Asturias,A-66,53.3,58764,16868.0,1971.0,11.68,A-66 (PK 53.3 a 58.764)
Asturias,A-66,58764,65.1,11271.0,2511.0,22.28,A-66 (PK 58.764 a 65.1)
Cantabria,A-67,201.8,203.2,49715.0,3255.0,6.55,A-67 (PK 201.8 a 203.2)
Jaén,N-432,390.6,395.0,4546.0,561.0,12.34,N-432 (PK 390.6 a 395.0)
Cáceres,N-523,3.2,29.9,3464.0,546.0,15.76,N-523 (PK 3.2 a 29.9)
Valladolid,N-601,174.1,175.6,9958.0,1530.0,15.36,N-601 (PK 174.1 a 175.6)
Huesca,A-23,374.4,380.7,10015.0,886.0,8.85,A-23 (PK 374.4 a 380.7)
Tarragona,A-27,18.45,20.5,18062.0,1388.0,7.68,A-27 (PK 18.45 a 20.5)
Jaén,A-4,270.1,279.6,29563.0,8898.0,30.1,A-4 (PK 270.1 a 279.6)
Granada,A-44,133.75,136643,15264.0,1925.0,12.61,A-44 (PK 133.75 a 136.643)
Granada,A-44,136643,142.2,13117.0,3847.0,29.33,A-44 (PK 136.643 a 142.2)
Cantabria,N-634,191.9,193.1,7276.0,392.0,5.39,N-634 (PK 191.9 a 193.1)
Toledo,TO-23,0.0,7055,66835.0,3086.0,4.62,TO-23 (PK 0.0 a 7.055)
Salamanca,A-62,311.3,315.1,7308.0,2470.0,33.8,A-62 (PK 311.3 a 315.1)
Huesca,N-260,385.8,392.9,1996.0,114.0,5.71,N-260 (PK 385.8 a 392.9)
Huesca,N-330,617.2,622.4,7587.0,658.0,8.67,N-330 (PK 617.2 a 622.4)
Ávila,N-502,71.3,77.4,1789.0,99.0,5.53,N-502 (PK 71.3 a 77.4)
Valladolid,VA-20,4.2,5.7,22182.0,1605.0,7.24,VA-20 (PK 4.2 a 5.7)
Valencia,A-7,405.1,409.4,28975.0,3468.0,11.97,A-7 (PK 405.1 a 409.4)
Zamora,A-6,225.26,226.8,16294.0,3288.0,20.18,A-6 (PK 225.26 a 226.8)
La Rioja,N-111,297.0,304.8,2679.0,376.0,14.04,N-111 (PK 297.0 a 304.8)
Zamora,A-66,216.5,227.7,6444.0,1252.0,19.43,A-66 (PK 216.5 a 227.7)
Cuenca,N-3,228.9,234.1,340.0,43.0,12.65,N-3 (PK 228.9 a 234.1)
Madrid,A-1,33.7,40.2,41405.0,4422.0,10.68,A-1 (PK 33.7 a 40.2)
Barcelona,A-2,579.7,581.2,63956.0,8119.0,12.69,A-2 (PK 579.7 a 581.2)
Sevilla,A-4,440.7,454554,23272.0,5120.0,22.0,A-4 (PK 440.7 a 454.554)
Sevilla,A-4,454554,456.4,26977.0,5614.0,20.81,A-4 (PK 454.554 a 456.4)
Ourense,A-52,240.3,251.6,18990.0,2545.0,13.4,A-52 (PK 240.3 a 251.6)
Alicante/Alacant,N-332,38.8,42.2,10867.0,452.0,4.16,N-332 (PK 38.8 a 42.2)
Almería,A-7,718.7,725.4,14393.0,2956.0,20.54,A-7 (PK 718.7 a 725.4)
Madrid,M-40,5313,8.7,127900.0,5861.0,4.58,M-40 (PK 5.313 a 8.7)
Madrid,M-40,1.5,5313,78227.0,7342.0,9.39,M-40 (PK 1.5 a 5.313)
Soria,N-122R,218035,219.3,103.0,5.0,4.85,N-122R (PK 218.035 a 219.3)
Granada,A-7,855.7,869.0,12783.0,2223.0,17.39,A-7 (PK 855.7 a 869.0)
Barcelona,B-22,0.2,1.6,26902.0,1241.0,4.61,B-22 (PK 0.2 a 1.6)
Toledo,N-502,172.5,182.8,409.0,30.0,7.33,N-502 (PK 172.5 a 182.8)
A Coruña,N-547,67.9,77.9,677.0,72.0,10.64,N-547 (PK 67.9 a 77.9)
Cantabria,A-67,175.3,177.6,34143.0,3755.0,11.0,A-67 (PK 175.3 a 177.6)
Cantabria,A-8,272.0,273.5,17904.0,2998.0,16.74,A-8 (PK 272.0 a 273.5)
Soria,N-122,163.5,165.2,5274.0,1746.0,33.11,N-122 (PK 163.5 a 165.2)
Cantabria,N-629,86.6,86.9,13094.0,399.0,3.05,N-629 (PK 86.6 a 86.9)
Guadalajara,A-2,103.2,116.8,21090.0,6734.0,31.93,A-2 (PK 103.2 a 116.8)
Girona,N-2,714.5,721.3,12071.0,566.0,4.69,N-2 (PK 714.5 a 721.3)
Teruel,N-420,769.3,775.8,1994.0,228.0,11.43,N-420 (PK 769.3 a 775.8)
Ciudad Real,N-430,399.0,414.5,1286.0,106.0,8.24,N-430 (PK 399.0 a 414.5)
Soria,N-122,131.9,133.3,3938.0,1168.0,29.66,N-122 (PK 131.9 a 133.3)
Burgos,N-232,539.3,560.8,1058.0,78.0,7.37,N-232 (PK 539.3 a 560.8)
Jaén,N-322,164.9,176.0,454.0,68.0,14.98,N-322 (PK 164.9 a 176.0)
Ourense,A-52,160.3,173.2,9937.0,2442.0,24.57,A-52 (PK 160.3 a 173.2)
Zaragoza,N-211,259.08,269.9,2705.0,297.0,10.98,N-211 (PK 259.08 a 269.9)
Valladolid,VA-20,2.6,4.2,22182.0,1605.0,7.24,VA-20 (PK 2.6 a 4.2)
Sevilla,SE-30,17.1,19.3,95354.0,6536.0,6.85,SE-30 (PK 17.1 a 19.3)
Cuenca,N-400,155.3,162.9,112.0,12.0,10.71,N-400 (PK 155.3 a 162.9)
Valladolid,N-601,135.61,137.2,3477.0,1102.0,31.69,N-601 (PK 135.61 a 137.2)
Huelva,N-433,114.5,127.1,2765.0,249.0,9.01,N-433 (PK 114.5 a 127.1)
Ciudad Real,N-430,395341,399.0,1286.0,106.0,8.24,N-430 (PK 395.341 a 399.0)
Ciudad Real,N-430,385.4,395341,1164.0,100.0,8.59,N-430 (PK 385.4 a 395.341)
Barcelona,B-30,10.1,11.43,65202.0,3970.0,6.09,B-30 (PK 10.1 a 11.43)
Ourense,N-120A,93.4,98.0,145.0,22.0,15.17,N-120A (PK 93.4 a 98.0)
Lleida,N-240,49.14,50.6,3122.0,201.0,6.44,N-240 (PK 49.14 a 50.6)
Salamanca,N-620,278.3,279.9,487.0,101.0,20.74,N-620 (PK 278.3 a 279.9)
Cantabria,N-634,151.1,154.1,2664.0,72.0,2.7,N-634 (PK 151.1 a 154.1)
Huesca,N-330,613.9,616.7,7587.0,658.0,8.67,N-330 (PK 613.9 a 616.7)
Salamanca,N-630,379.9,382.1,591.0,42.0,7.11,N-630 (PK 379.9 a 382.1)
Zaragoza,A-2,261.0,268.8,22571.0,5760.0,25.52,A-2 (PK 261.0 a 268.8)
Barcelona,A-2,553.7,555.2,40571.0,6711.0,16.54,A-2 (PK 553.7 a 555.2)
Soria,N-111,153.3,159.1,866.0,66.0,7.62,N-111 (PK 153.3 a 159.1)
Teruel,N-211,167.4,178.1,1943.0,205.0,10.55,N-211 (PK 167.4 a 178.1)
Cuenca,N-420,363.4,374.6,776.0,87.0,11.21,N-420 (PK 363.4 a 374.6)
Valencia,N-337,2.5,4.2,913.0,65.0,7.12,N-337 (PK 2.5 a 4.2)
Salamanca,N-501,48.71,50.8,957.0,111.0,11.6,N-501 (PK 48.71 a 50.8)
Tarragona,N-340,1188.3,1189.8,18957.0,1171.0,6.18,N-340 (PK 1188.3 a 1189.8)
Granada,N-340A,352782,359.4,776.0,137.0,17.65,N-340A (PK 352.782 a 359.4)
Valladolid,A-6,183.0,184.2,17403.0,3478.0,19.99,A-6 (PK 183.0 a 184.2)
Salamanca,A-66,422.9,425.0,11765.0,2314.0,19.67,A-66 (PK 422.9 a 425.0)
Granada,GR-30,16774,23.7,33137.0,1391.0,4.2,GR-30 (PK 16.774 a 23.7)
Valladolid,N-122,296.51,298.1,5767.0,2012.0,34.89,N-122 (PK 296.51 a 298.1)
Tarragona,N-240,2.3,3784,21905.0,660.0,3.01,N-240 (PK 2.3 a 3.784)
Salamanca,N-630,423.6,425.08,461.0,47.0,10.2,N-630 (PK 423.6 a 425.08)
Zamora,N-525,72.0,74.2,771.0,74.0,9.6,N-525 (PK 72.0 a 74.2)
Valladolid,N-601,199.7,201.7,654.0,63.0,9.63,N-601 (PK 199.7 a 201.7)
Cantabria,N-629A,72.74,73525,909.0,79.0,8.69,N-629A (PK 72.74 a 73.525)
Soria,A-15,105.7,107.44,7821.0,3142.0,40.17,A-15 (PK 105.7 a 107.44)
Albacete,N-430,431.8,446.0,658.0,60.0,9.12,N-430 (PK 431.8 a 446.0)
Teruel,N-211,91.55,98.9,1883.0,421.0,22.36,N-211 (PK 91.55 a 98.9)
Valencia,N-330,103.9,113.3,2600.0,202.0,7.77,N-330 (PK 103.9 a 113.3)
Zamora,N-6,274.7,276282,1173.0,125.0,10.66,N-6 (PK 274.7 a 276.282)
Asturias,N-625,139.5,144.7,652.0,23.0,3.53,N-625 (PK 139.5 a 144.7)
Zamora,N-630,288.3,290.0,268.0,41.0,15.3,N-630 (PK 288.3 a 290.0)
Lugo,N-634,591.5,600.6,1061.0,109.0,10.27,N-634 (PK 591.5 a 600.6)
Zamora,N-122,453.6,455.38,4336.0,371.0,8.56,N-122 (PK 453.6 a 455.38)
Teruel,N-223,1.03,2.06,12060.0,276.0,2.29,N-223 (PK 1.03 a 2.06)
Soria,N-234,318.5,320.1,1665.0,397.0,23.84,N-234 (PK 318.5 a 320.1)
Badajoz,N-502,218.0,241.8,1385.0,192.0,13.86,N-502 (PK 218.0 a 241.8)
Granada,A-44,166.3,175.1,30302.0,1997.0,6.59,A-44 (PK 166.3 a 175.1)
Cantabria,N-634,240.6,242.1,4124.0,132.0,3.2,N-634 (PK 240.6 a 242.1)
Girona,N-154,5.7,7.86,7493.0,254.0,3.39,N-154 (PK 5.7 a 7.86)
Huesca,N-230,81.5,88.0,3217.0,548.0,17.03,N-230 (PK 81.5 a 88.0)
Cuenca,N-301,140.2,142.0,2726.0,1036.0,38.0,N-301 (PK 140.2 a 142.0)
Valladolid,N-620,156.65,158.4,1560.0,323.0,20.71,N-620 (PK 156.65 a 158.4)
Zamora,N-525,89.5,91.8,1767.0,172.0,9.73,N-525 (PK 89.5 a 91.8)
Valladolid,N-610,83.46,85.0,1658.0,783.0,47.23,N-610 (PK 83.46 a 85.0)
Huelva,N-630,748.2,757.85,249.0,8.0,3.21,N-630 (PK 748.2 a 757.85)
Cantabria,N-635,10.7,12.04,5606.0,521.0,9.29,N-635 (PK 10.7 a 12.04)
Alicante/Alacant,A-7,512.0,513571,77944.0,9590.0,12.3,A-7 (PK 512.0 a 513.571)
Alicante/Alacant,A-7,513571,517.2,69676.0,8813.0,12.65,A-7 (PK 513.571 a 517.2)
Granada,A-44,128152,133.75,20248.0,2025.0,10.0,A-44 (PK 128.152 a 133.75)
Granada,A-44,125.4,128152,19384.0,1871.0,9.65,A-44 (PK 125.4 a 128.152)
Ourense,N-120,583.1,594.6,3167.0,364.0,11.49,N-120 (PK 583.1 a 594.6)
Tarragona,N-340,1171.4,1172.9,19624.0,1224.0,6.24,N-340 (PK 1171.4 a 1172.9)
Toledo,N-502,164.0,171289,1019.0,75.0,7.36,N-502 (PK 164.0 a 171.289)
Toledo,N-502,171289,172.5,1074.0,79.0,7.36,N-502 (PK 171.289 a 172.5)
Soria,N-111,178.4,182.9,92.0,8.0,8.7,N-111 (PK 178.4 a 182.9)
Tarragona,N-240,47.7,49.14,2317.0,146.0,6.3,N-240 (PK 47.7 a 49.14)
Jaén,N-4A,245.0,250.9,88.0,6.0,6.82,N-4A (PK 245.0 a 250.9)
Cantabria,N-623,146.8,148.2,18261.0,574.0,3.14,N-623 (PK 146.8 a 148.2)
Cuenca,N-301,158.7,171.6,4300.0,1365.0,31.74,N-301 (PK 158.7 a 171.6)
Pontevedra,A-52,293.6,302.0,26713.0,2602.0,9.74,A-52 (PK 293.6 a 302.0)
Zamora,N-122,426993,428.5,2768.0,429.0,15.5,N-122 (PK 426.993 a 428.5)
Zaragoza,N-234,269539,272.3,1999.0,329.0,16.46,N-234 (PK 269.539 a 272.3)
Zaragoza,N-234,260717,269539,2688.0,444.0,16.52,N-234 (PK 260.717 a 269.539)
Zaragoza,N-234,259.5,259704,5589.0,807.0,14.44,N-234 (PK 259.5 a 259.704)
Zaragoza,N-234,259704,260717,2750.0,453.0,16.47,N-234 (PK 259.704 a 260.717)
Soria,N-234,352.75,356.4,6956.0,635.0,9.13,N-234 (PK 352.75 a 356.4)
Madrid,A-2,31.3,38.1,110017.0,15747.0,14.31,A-2 (PK 31.3 a 38.1)
Girona,N-260,17.4,25.5,9663.0,283.0,2.93,N-260 (PK 17.4 a 25.5)
Asturias,A-8,370376,379.2,28390.0,1768.0,6.23,A-8 (PK 370.376 a 379.2)
Asturias,A-8,360.0,370376,15326.0,1381.0,9.01,A-8 (PK 360.0 a 370.376)
Castellón,N-232,29.0,37.2,4311.0,726.0,16.84,N-232 (PK 29.0 a 37.2)
Castellón,N-232A,71.38,72.8,51.0,7.0,13.73,N-232A (PK 71.38 a 72.8)
Asturias,A-8,325641,330.6,16944.0,4421.0,26.09,A-8 (PK 325.641 a 330.6)
Asturias,A-8,318.5,325641,15416.0,2119.0,13.75,A-8 (PK 318.5 a 325.641)
Zaragoza,N-234,223.0,236.7,1923.0,210.0,10.92,N-234 (PK 223.0 a 236.7)
Girona,N-260A,51251,52628,76.0,24.0,31.58,N-260A (PK 51.251 a 52.628)
Tarragona,A-7,1154.8,1156.5,40295.0,2352.0,5.84,A-7 (PK 1154.8 a 1156.5)
Tarragona,N-340,1178.0,1179.3,17399.0,553.0,3.18,N-340 (PK 1178.0 a 1179.3)
Salamanca,A-62,324.8,326.3,6158.0,2064.0,33.52,A-62 (PK 324.8 a 326.3)
Huelva,N-442,10514,17.87,5779.0,868.0,15.02,N-442 (PK 10.514 a 17.87)
Huelva,N-442,7.1,10514,12694.0,1220.0,9.61,N-442 (PK 7.1 a 10.514)
Cantabria,N-623,151.96,152.42,29367.0,1541.0,5.25,N-623 (PK 151.96 a 152.42)
Cantabria,N-623,151.03,151.96,14869.0,636.0,4.28,N-623 (PK 151.03 a 151.96)
Sevilla,SE-30,6.1,8.2,109735.0,9270.0,8.45,SE-30 (PK 6.1 a 8.2)
Cuenca,A-3,140.8,153.7,29674.0,6835.0,23.03,A-3 (PK 140.8 a 153.7)
Cantabria,A-8,218.1,222.4,26935.0,2801.0,10.4,A-8 (PK 218.1 a 222.4)
Valencia,N-3,267.9,269.9,6893.0,1491.0,21.63,N-3 (PK 267.9 a 269.9)
A Coruña,N-634,701.9,709.11,4725.0,1180.0,24.97,N-634 (PK 701.9 a 709.11)
Soria,N-2,141.2,143.1,730.0,179.0,24.52,N-2 (PK 141.2 a 143.1)
Córdoba,N-432A,232.9,238.8,40.0,6.0,15.0,N-432A (PK 232.9 a 238.8)
Salamanca,N-630,343.0,346.0,11009.0,468.0,4.25,N-630 (PK 343.0 a 346.0)
Zamora,N-6,270.7,272.2,1173.0,125.0,10.66,N-6 (PK 270.7 a 272.2)
Tarragona,A-7,1156.5,1158.2,40295.0,2352.0,5.84,A-7 (PK 1156.5 a 1158.2)
Valencia,A-23,2.6,7.3,32519.0,4220.0,12.98,A-23 (PK 2.6 a 7.3)
Cantabria,A-67,203.2,203.9,41432.0,2889.0,6.97,A-67 (PK 203.2 a 203.9)
Málaga,N-331,127.5,133135,1900.0,369.0,19.42,N-331 (PK 127.5 a 133.135)
Cantabria,N-634,139.2,140.83,1131.0,30.0,2.65,N-634 (PK 139.2 a 140.83)
Zaragoza,N-2,373.5,390.6,1309.0,758.0,57.91,N-2 (PK 373.5 a 390.6)
Granada,N-340,353.3,355.0,5470.0,277.0,5.06,N-340 (PK 353.3 a 355.0)
Zaragoza,A-23,215.0,231.7,10183.0,3319.0,32.59,A-23 (PK 215.0 a 231.7)
Tarragona,N-240,11.4,13.0,11716.0,658.0,5.62,N-240 (PK 11.4 a 13.0)
Salamanca,N-630A,409.0,410.5,928.0,15.0,1.62,N-630A (PK 409.0 a 410.5)
Soria,SO-20,18.5,21.2,7101.0,1933.0,27.22,SO-20 (PK 18.5 a 21.2)
Barcelona,A-2,607.2,609.1,138316.0,19634.0,14.2,A-2 (PK 607.2 a 609.1)
Valencia,A-3,301.2,305.8,31723.0,7365.0,23.22,A-3 (PK 301.2 a 305.8)
Lugo,N-120,534.7,548.8,5243.0,604.0,11.52,N-120 (PK 534.7 a 548.8)
Huesca,N-123B,37971,42.96,1260.0,124.0,9.84,N-123B (PK 37.971 a 42.96)
Alicante/Alacant,A-7,529.5,535.0,49639.0,6416.0,12.93,A-7 (PK 529.5 a 535.0)
Granada,A-7,873.6,883514,16560.0,2299.0,13.88,A-7 (PK 873.6 a 883.514)
Granada,A-7,883514,889.1,20873.0,4107.0,19.68,A-7 (PK 883.514 a 889.1)
A Coruña,A-54,66.42,72.0,7656.0,738.0,9.64,A-54 (PK 66.42 a 72.0)
Tarragona,N-340,1189985,1191.3,17089.0,1292.0,7.56,N-340 (PK 1189.985 a 1191.3)
Tarragona,N-340,1189.8,1189985,18957.0,1171.0,6.18,N-340 (PK 1189.8 a 1189.985)
Cantabria,S-30,2.4,4.0,33428.0,1690.0,5.06,S-30 (PK 2.4 a 4.0)
Cantabria,A-8,193.2,195.0,39122.0,4807.0,12.29,A-8 (PK 193.2 a 195.0)
Cuenca,N-3,219.25,225.0,1788.0,387.0,21.64,N-3 (PK 219.25 a 225.0)
Valencia,N-332,246.7,250.8,11331.0,1032.0,9.11,N-332 (PK 246.7 a 250.8)
La Rioja,N-120,32.0,34.6,67.0,25.0,37.31,N-120 (PK 32.0 a 34.6)
Tarragona,N-340,1138.9,1140.48,17701.0,618.0,3.49,N-340 (PK 1138.9 a 1140.48)
Soria,N-234,314.1,315.8,1665.0,397.0,23.84,N-234 (PK 314.1 a 315.8)
Cantabria,N-611,160.0,161.6,795.0,73.0,9.18,N-611 (PK 160.0 a 161.6)
Salamanca,SA-20,91.83,94.2,26057.0,2716.0,10.42,SA-20 (PK 91.83 a 94.2)
Sevilla,A-66,771304,782.1,20919.0,3786.0,18.1,A-66 (PK 771.304 a 782.1)
Sevilla,A-66,767.8,771304,17330.0,3363.0,19.41,A-66 (PK 767.8 a 771.304)
Valladolid,N-122,341.9,343.45,7307.0,1838.0,25.15,N-122 (PK 341.9 a 343.45)
Guadalajara,N-204,54.9,67.0,1716.0,146.0,8.51,N-204 (PK 54.9 a 67.0)
Cantabria,N-634,242.7,244.2,4124.0,132.0,3.2,N-634 (PK 242.7 a 244.2)
Lleida,N-230,163.1,164.7,5439.0,517.0,9.51,N-230 (PK 163.1 a 164.7)
Teruel,N-234,122.6,128.5,5253.0,503.0,9.58,N-234 (PK 122.6 a 128.5)
Jaén,N-4A,250.9,257.7,88.0,6.0,6.82,N-4A (PK 250.9 a 257.7)
Lugo,N-6,462.0,470.4,2124.0,162.0,7.63,N-6 (PK 462.0 a 470.4)
Cantabria,S-10,1.1,2.8,84847.0,3066.0,3.61,S-10 (PK 1.1 a 2.8)
Cantabria,S-30,4.0,5.8,26297.0,2288.0,8.7,S-30 (PK 4.0 a 5.8)
Sevilla,SE-30,2.0,6.1,91931.0,4073.0,4.43,SE-30 (PK 2.0 a 6.1)
Valladolid,VA-30,13.4,14888,24845.0,3072.0,12.36,VA-30 (PK 13.4 a 14.888)
Valladolid,VA-30,14888,15.2,45557.0,3669.0,8.05,VA-30 (PK 14.888 a 15.2)
Barcelona,A-2,592.2,593.8,109209.0,8516.0,7.8,A-2 (PK 592.2 a 593.8)
Tarragona,N-240,22.4,24.6,6109.0,469.0,7.68,N-240 (PK 22.4 a 24.6)
Zamora,N-525,111.34,113.2,270.0,17.0,6.3,N-525 (PK 111.34 a 113.2)
Pontevedra,N-554,2.4,10146,9583.0,475.0,4.96,N-554 (PK 2.4 a 10.146)
Cantabria,N-611,205.4,207.0,4835.0,366.0,7.57,N-611 (PK 205.4 a 207.0)
Cuenca,N-420,421.5,432.46,4344.0,283.0,6.51,N-420 (PK 421.5 a 432.46)
Soria,A-2,139.4,141.1,19667.0,7218.0,36.7,A-2 (PK 139.4 a 141.1)
Lugo,A-6,438.3,455.0,7089.0,2548.0,35.94,A-6 (PK 438.3 a 455.0)
Lleida,N-240,112.4,114.0,830.0,82.0,9.88,N-240 (PK 112.4 a 114.0)
Valencia,N-330,268.5,274.0,1366.0,208.0,15.23,N-330 (PK 268.5 a 274.0)
Alicante/Alacant,N-340,678.78,682.8,5288.0,701.0,13.26,N-340 (PK 678.78 a 682.8)
Barcelona,N-340,1211.3,1212.9,28684.0,2764.0,9.64,N-340 (PK 1211.3 a 1212.9)
Guadalajara,N-204,32.4,40.6,1064.0,91.0,8.55,N-204 (PK 32.4 a 40.6)
Cuenca,N-310,180.9,191.3,1229.0,344.0,27.99,N-310 (PK 180.9 a 191.3)
Alicante/Alacant,N-332,67.6,71.7,31564.0,1105.0,3.5,N-332 (PK 67.6 a 71.7)
Cuenca,N-420,409.5,421.5,4344.0,283.0,6.51,N-420 (PK 409.5 a 421.5)
Madrid,A-4,21.5,29.2,120716.0,17663.0,14.63,A-4 (PK 21.5 a 29.2)
Teruel,N-234,198.2,207.0,1441.0,290.0,20.12,N-234 (PK 198.2 a 207.0)
Zamora,ZA-13,1.0,2.6,7490.0,309.0,4.13,ZA-13 (PK 1.0 a 2.6)
Alicante/Alacant,N-332,62.36,67.6,33083.0,871.0,2.63,N-332 (PK 62.36 a 67.6)
Cuenca,N-420,481.0,490.0,1120.0,191.0,17.05,N-420 (PK 481.0 a 490.0)
Cantabria,N-634,180.1,182.2,7276.0,392.0,5.39,N-634 (PK 180.1 a 182.2)
Asturias,N-640,0.68,11.8,4752.0,471.0,9.91,N-640 (PK 0.68 a 11.8)
Asturias,N-640,0.17,0.68,4849.0,453.0,9.34,N-640 (PK 0.17 a 0.68)
Zamora,A-11,461.91,462.7,7081.0,1351.0,19.08,A-11 (PK 461.91 a 462.7)
Huelva,N-435A,112.15,116985,894.0,200.0,22.37,N-435A (PK 112.15 a 116.985)
Lleida,N-240,67.0,68.7,7879.0,662.0,8.4,N-240 (PK 67.0 a 68.7)
Valladolid,N-601,193.87,195.7,13704.0,1416.0,10.33,N-601 (PK 193.87 a 195.7)
Girona,N-2A,722.2,725.16,4824.0,340.0,7.05,N-2A (PK 722.2 a 725.16)
Barcelona,A-2,593.8,595.7,109209.0,8516.0,7.8,A-2 (PK 593.8 a 595.7)
Ciudad Real,A-4,230.4,245.5,26505.0,7353.0,27.74,A-4 (PK 230.4 a 245.5)
Tarragona,N-340,1197.78,1199.7,20525.0,2135.0,10.4,N-340 (PK 1197.78 a 1199.7)
Cantabria,S-10,11.7,13.4,46668.0,3773.0,8.08,S-10 (PK 11.7 a 13.4)
Salamanca,SA-11,336.83,338.64,11305.0,443.0,3.92,SA-11 (PK 336.83 a 338.64)
Valladolid,A-6,155.9,157.5,21055.0,3878.0,18.42,A-6 (PK 155.9 a 157.5)
Lugo,N-120A,539.6,547.1,1280.0,114.0,8.91,N-120A (PK 539.6 a 547.1)
Cantabria,N-634,136.4,138.0,1131.0,30.0,2.65,N-634 (PK 136.4 a 138.0)
Cantabria,N-634,140.83,142.3,1131.0,30.0,2.65,N-634 (PK 140.83 a 142.3)
Albacete,N-322,316.3,326.3,5167.0,460.0,8.9,N-322 (PK 316.3 a 326.3)
Salamanca,A-66,332.8,336.5,8852.0,1580.0,17.85,A-66 (PK 332.8 a 336.5)
Zamora,N-122,526.2,527.9,57.0,4.0,7.02,N-122 (PK 526.2 a 527.9)
Cantabria,N-629,72.5,74.2,6070.0,271.0,4.46,N-629 (PK 72.5 a 74.2)
Cuenca,A-3,185.8,205.8,19321.0,5590.0,28.93,A-3 (PK 185.8 a 205.8)
Cantabria,N-611,187.9,189.7,12232.0,574.0,4.69,N-611 (PK 187.9 a 189.7)
Zamora,A-6,277.8,279.6,7819.0,1834.0,23.46,A-6 (PK 277.8 a 279.6)
Valladolid,A-6,210.7,214.9,18882.0,3669.0,19.43,A-6 (PK 210.7 a 214.9)
Valencia,N-225A,6.0,10.95,68.0,3.0,4.41,N-225A (PK 6.0 a 10.95)
Alicante/Alacant,N-340,722.5,726.1,15543.0,707.0,4.55,N-340 (PK 722.5 a 726.1)
Barcelona,B-23,8.4,10.64,124869.0,16544.0,13.25,B-23 (PK 8.4 a 10.64)
Huesca,N-330A,606.3,611.95,42.0,10.0,23.81,N-330A (PK 606.3 a 611.95)
Ávila,N-403,94.7,103.2,4569.0,220.0,4.82,N-403 (PK 94.7 a 103.2)
Huelva,N-435,184.0,189.7,5207.0,594.0,11.41,N-435 (PK 184.0 a 189.7)
Zamora,N-630,283.34,285.3,935.0,143.0,15.29,N-630 (PK 283.34 a 285.3)
Granada,A-44,81.6,83.6,23777.0,3794.0,15.96,A-44 (PK 81.6 a 83.6)
Salamanca,A-66,407.9,409.7,13134.0,2650.0,20.18,A-66 (PK 407.9 a 409.7)
Girona,N-260,0.0,4.3,1611.0,68.0,4.22,N-260 (PK 0.0 a 4.3)
Tarragona,N-420,838.4,840.0,6451.0,577.0,8.94,N-420 (PK 838.4 a 840.0)
Murcia,A-30,128.2,134.6,72841.0,8758.0,12.02,A-30 (PK 128.2 a 134.6)
Alicante/Alacant,N-332,42.7,44.4,10867.0,452.0,4.16,N-332 (PK 42.7 a 44.4)
Zamora,N-525,82.8,84.7,1767.0,172.0,9.73,N-525 (PK 82.8 a 84.7)
Zamora,N-631,34.2,36.3,1859.0,229.0,12.32,N-631 (PK 34.2 a 36.3)
Jaén,A-32,21.8,34.0,6575.0,541.0,8.23,A-32 (PK 21.8 a 34.0)
Zamora,N-122,508.8,511.5,4031.0,1191.0,29.55,N-122 (PK 508.8 a 511.5)
Albacete,N-322,258.3,265.0,1960.0,259.0,13.21,N-322 (PK 258.3 a 265.0)
Tarragona,N-340,1081.3,1083.7,13431.0,1095.0,8.15,N-340 (PK 1081.3 a 1083.7)
Barcelona,N-340,1240955,1242.6,20920.0,1372.0,6.56,N-340 (PK 1240.955 a 1242.6)
Cantabria,N-634,259.0,260.6,1351.0,84.0,6.22,N-634 (PK 259.0 a 260.6)
Pontevedra,A-52,271.0,286.8,18370.0,2447.0,13.32,A-52 (PK 271.0 a 286.8)
Guadalajara,N-204,22.7,32.4,1064.0,91.0,8.55,N-204 (PK 22.7 a 32.4)
Almería,N-340A,566.0,566.9,4040.0,506.0,12.52,N-340A (PK 566.0 a 566.9)
Badajoz,N-435,92601,98.0,3103.0,407.0,13.12,N-435 (PK 92.601 a 98.0)
Badajoz,N-435,70.8,92601,2303.0,487.0,21.15,N-435 (PK 70.8 a 92.601)
Zamora,N-631,5.0,6.9,2637.0,325.0,12.32,N-631 (PK 5.0 a 6.9)
Lugo,N-642,2.8,10.3,1906.0,225.0,11.8,N-642 (PK 2.8 a 10.3)
Zaragoza,N-234,274.4,287.7,1463.0,241.0,16.47,N-234 (PK 274.4 a 287.7)
Huesca,N-260,374.8,383.8,1417.0,80.0,5.65,N-260 (PK 374.8 a 383.8)
Tarragona,N-340,1144.79,1146515,17701.0,618.0,3.49,N-340 (PK 1144.79 a 1146.515)
Toledo,N-502,185.4,189.96,736.0,54.0,7.34,N-502 (PK 185.4 a 189.96)
Ciudad Real,N-502,280.4,286.6,584.0,37.0,6.34,N-502 (PK 280.4 a 286.6)
Cantabria,N-634,159.8,162.3,2929.0,78.0,2.66,N-634 (PK 159.8 a 162.3)
Valladolid,VA-20,5.7,7.6,25301.0,1406.0,5.56,VA-20 (PK 5.7 a 7.6)
Salamanca,A-62,339.0,343.8,7675.0,3048.0,39.71,A-62 (PK 339.0 a 343.8)
Lleida,LL-11,3.3,5.0,19068.0,2999.0,15.73,LL-11 (PK 3.3 a 5.0)
Valladolid,A-11,410.2,412.1,7650.0,1566.0,20.47,A-11 (PK 410.2 a 412.1)
Alicante/Alacant,A-31,172.8,181.5,25132.0,5277.0,21.0,A-31 (PK 172.8 a 181.5)
Salamanca,A-66,310122,321.8,8072.0,1214.0,15.04,A-66 (PK 310.122 a 321.8)
Salamanca,A-66,395.6,397.6,14579.0,3052.0,20.93,A-66 (PK 395.6 a 397.6)
Soria,N-111,186.7,190045,92.0,8.0,8.7,N-111 (PK 186.7 a 190.045)
Cantabria,S-30,8.4,10.8,14411.0,964.0,6.69,S-30 (PK 8.4 a 10.8)
Guadalajara,N-320,197.0,208.6,1580.0,146.0,9.24,N-320 (PK 197.0 a 208.6)
Jaén,N-323,59.2,62.7,309.0,30.0,9.71,N-323 (PK 59.2 a 62.7)
Zamora,N-630,306.1,307.9,271.0,8.0,2.95,N-630 (PK 306.1 a 307.9)
Cáceres,N-110,368.4,380.7,4825.0,254.0,5.26,N-110 (PK 368.4 a 380.7)
Lleida,N-260,280.8,282.6,3522.0,158.0,4.49,N-260 (PK 280.8 a 282.6)
Jaén,N-322,193.75,205.4,4540.0,584.0,12.86,N-322 (PK 193.75 a 205.4)
Soria,N-122,214.2,217.9,2134.0,123.0,5.76,N-122 (PK 214.2 a 217.9)
Sevilla,A-49,0.0,2.2,129884.0,5949.0,4.58,A-49 (PK 0.0 a 2.2)
Soria,N-234,385.0,386.8,2761.0,251.0,9.09,N-234 (PK 385.0 a 386.8)
Girona,N-260,102.6,106.2,7183.0,461.0,6.42,N-260 (PK 102.6 a 106.2)
Zamora,N-525,91.8,94.0,373.0,37.0,9.92,N-525 (PK 91.8 a 94.0)
Soria,N-122,95.8,98125,4083.0,1590.0,38.94,N-122 (PK 95.8 a 98.125)
Teruel,N-211,245.0,259.08,2273.0,306.0,13.46,N-211 (PK 245.0 a 259.08)
Asturias,N-625,156.1,162.3,9240.0,510.0,5.52,N-625 (PK 156.1 a 162.3)
Cantabria,N-634,247.15,249.0,8784.0,265.0,3.02,N-634 (PK 247.15 a 249.0)
Lleida,N-260,325.0,326.9,1929.0,95.0,4.92,N-260 (PK 325.0 a 326.9)
Tarragona,T-11,2.7,4.7,14451.0,1418.0,9.81,T-11 (PK 2.7 a 4.7)
Asturias,A-8,441109,444678,14489.0,1796.0,12.4,A-8 (PK 441.109 a 444.678)
Asturias,A-8,437.0,441109,16484.0,1915.0,11.62,A-8 (PK 437.0 a 441.109)
Asturias,A-8,444678,450.7,15686.0,1747.0,11.14,A-8 (PK 444.678 a 450.7)
Cantabria,N-623,122.6,124.4,7437.0,490.0,6.59,N-623 (PK 122.6 a 124.4)
Soria,SO-20,0.0,4.5,9356.0,911.0,9.74,SO-20 (PK 0.0 a 4.5)
Soria,N-110,68.0,69.8,1642.0,234.0,14.25,N-110 (PK 68.0 a 69.8)
Zaragoza,A-2,308165,310.1,42064.0,7565.0,17.98,A-2 (PK 308.165 a 310.1)
Zaragoza,A-2,287.7,297411,26671.0,6081.0,22.8,A-2 (PK 287.7 a 297.411)
Zaragoza,A-2,297411,299314,25784.0,6648.0,25.78,A-2 (PK 297.411 a 299.314)
Zaragoza,A-2,299314,308165,38051.0,6843.0,17.98,A-2 (PK 299.314 a 308.165)
Cantabria,A-67,192.4,194.3,70017.0,2910.0,4.16,A-67 (PK 192.4 a 194.3)
Albacete,A-31,93.0,110.9,16841.0,2711.0,16.1,A-31 (PK 93.0 a 110.9)
Tarragona,N-420,822.6,824.7,6122.0,659.0,10.76,N-420 (PK 822.6 a 824.7)
Tarragona,N-420,848.6,850.9,6201.0,667.0,10.76,N-420 (PK 848.6 a 850.9)
Valladolid,N-601,256.3,259.3,53939.0,3306.0,6.13,N-601 (PK 256.3 a 259.3)
Valencia,A-7,366.4,372.9,65791.0,12678.0,19.27,A-7 (PK 366.4 a 372.9)
Lleida,A-14,0.0,8.0,6320.0,783.0,12.39,A-14 (PK 0.0 a 8.0)
Valladolid,A-6,184.2,186.1,19538.0,3419.0,17.5,A-6 (PK 184.2 a 186.1)
Huesca,N-260,407.0,423.5,1882.0,92.0,4.89,N-260 (PK 407.0 a 423.5)
Cantabria,N-611,198.3,200.7,12749.0,457.0,3.58,N-611 (PK 198.3 a 200.7)
Cantabria,N-629,74.2,76.3,5265.0,254.0,4.82,N-629 (PK 74.2 a 76.3)
Zamora,N-122,498.0,500.1,4216.0,881.0,20.9,N-122 (PK 498.0 a 500.1)
Soria,N-122,228.8,231.5,148.0,45.0,30.41,N-122 (PK 228.8 a 231.5)
Guadalajara,N-204,40.6,46.7,1064.0,91.0,8.55,N-204 (PK 40.6 a 46.7)
Tarragona,N-340,1165.34,1167.4,10213.0,834.0,8.17,N-340 (PK 1165.34 a 1167.4)
Zamora,A-52,106.4,108.3,11019.0,3043.0,27.62,A-52 (PK 106.4 a 108.3)
Valladolid,A-62,150.5,152.5,40018.0,7315.0,18.28,A-62 (PK 150.5 a 152.5)
Cuenca,N-400,169.6,173.5,478.0,21.0,4.39,N-400 (PK 169.6 a 173.5)
Cantabria,N-634,148.9,151.1,2664.0,72.0,2.7,N-634 (PK 148.9 a 151.1)
Valencia,A-7,423.0,429.45,18217.0,1989.0,10.92,A-7 (PK 423.0 a 429.45)
Madrid,A-4,13.4,16.3,96711.0,25312.0,26.17,A-4 (PK 13.4 a 16.3)
Cantabria,A-67,169.4,171.3,26777.0,2393.0,8.94,A-67 (PK 169.4 a 171.3)
Ávila,N-502,29.6,38.6,2268.0,144.0,6.35,N-502 (PK 29.6 a 38.6)
Huelva,N-435,179.9,184.0,5207.0,594.0,11.41,N-435 (PK 179.9 a 184.0)
Zamora,N-610,81.5,83.46,1658.0,783.0,47.23,N-610 (PK 81.5 a 83.46)
Zaragoza,N-211,292.1,311.2,1303.0,261.0,20.03,N-211 (PK 292.1 a 311.2)
Burgos,N-623,20.3,33.6,1489.0,121.0,8.13,N-623 (PK 20.3 a 33.6)
Cantabria,A-8,195.0,196.7,36181.0,4722.0,13.05,A-8 (PK 195.0 a 196.7)
Castellón,A-23,46.6,57.3,15133.0,3804.0,25.14,A-23 (PK 46.6 a 57.3)
Cantabria,A-8,228.4,229.9,44064.0,5661.0,12.85,A-8 (PK 228.4 a 229.9)
Salamanca,N-620A,326.3,328.2,2941.0,609.0,20.71,N-620A (PK 326.3 a 328.2)
Tarragona,A-7,1152.6,1154.1,37067.0,1887.0,5.09,A-7 (PK 1152.6 a 1154.1)
Barcelona,N-340,1213.7,1215.5,22761.0,2086.0,9.16,N-340 (PK 1213.7 a 1215.5)
Tarragona,N-420,836.4,838.4,6451.0,577.0,8.94,N-420 (PK 836.4 a 838.4)
Alicante/Alacant,N-340,688.4,694.1,9836.0,1306.0,13.28,N-340 (PK 688.4 a 694.1)
Zamora,N-631,32.1,34.2,1859.0,229.0,12.32,N-631 (PK 32.1 a 34.2)
Asturias,N-632,4.0,8.9,1259.0,205.0,16.28,N-632 (PK 4.0 a 8.9)
Alicante/Alacant,A-79,0.7,5.1,10222.0,603.0,5.9,A-79 (PK 0.7 a 5.1)
Asturias,N-634A,450.5,459.6,506.0,31.0,6.13,N-634A (PK 450.5 a 459.6)
Soria,N-122,211.6,213.5,2134.0,123.0,5.76,N-122 (PK 211.6 a 213.5)
Tarragona,N-340,1058.45,1060.6,5770.0,532.0,9.22,N-340 (PK 1058.45 a 1060.6)
Salamanca,N-630,348.2,351.7,2097.0,88.0,4.2,N-630 (PK 348.2 a 351.7)
Valladolid,A-62,125.8,129.3,48206.0,5087.0,10.55,A-62 (PK 125.8 a 129.3)
Cuenca,N-330,245.0,255.13,962.0,124.0,12.89,N-330 (PK 245.0 a 255.13)
Córdoba,N-432,276.0,296.0,6821.0,638.0,9.35,N-432 (PK 276.0 a 296.0)
Alicante/Alacant,N-340,699.7,706.1,9978.0,463.0,4.64,N-340 (PK 699.7 a 706.1)
Lleida,N-240,53.5,55.4,3122.0,201.0,6.44,N-240 (PK 53.5 a 55.4)
Alicante/Alacant,A-7,505.99,508.65,36569.0,5276.0,14.43,A-7 (PK 505.99 a 508.65)
Barcelona,B-20,0.3,2.7,153790.0,7890.0,5.13,B-20 (PK 0.3 a 2.7)
Lleida,A-2,443758,445.7,10776.0,2804.0,26.02,A-2 (PK 443.758 a 445.7)
Lleida,A-2,524.5,526.5,25200.0,5431.0,21.55,A-2 (PK 524.5 a 526.5)
Lleida,LL-12,0.2,2.3,17198.0,3564.0,20.72,LL-12 (PK 0.2 a 2.3)
Tarragona,N-340,1192.6,1195.4,14516.0,1080.0,7.44,N-340 (PK 1192.6 a 1195.4)
Cantabria,N-621,149.0,150.7,5647.0,285.0,5.05,N-621 (PK 149.0 a 150.7)
Valencia,A-3,247195,261.1,21586.0,7057.0,32.69,A-3 (PK 247.195 a 261.1)
Castellón,N-234,35.67,42.6,250.0,64.0,25.6,N-234 (PK 35.67 a 42.6)
Tarragona,N-420,824.7,826.6,6122.0,659.0,10.76,N-420 (PK 824.7 a 826.6)
Cantabria,N-629,67.1,69.0,2388.0,83.0,3.48,N-629 (PK 67.1 a 69.0)
Tarragona,T-11,7.2,9.3,50896.0,3707.0,7.28,T-11 (PK 7.2 a 9.3)
Zaragoza,N-240,329.4,336.7,164.0,11.0,6.71,N-240 (PK 329.4 a 336.7)
Castellón,N-232A,72.8,74.45,51.0,7.0,13.73,N-232A (PK 72.8 a 74.45)
Sevilla,N-630,769615,774398,381.0,13.0,3.41,N-630 (PK 769.615 a 774.398)
Sevilla,N-630,774398,780.5,614.0,38.0,6.19,N-630 (PK 774.398 a 780.5)
Soria,N-122,219.3,223.76,5829.0,1857.0,31.86,N-122 (PK 219.3 a 223.76)
Granada,N-323,175.2,181.2,1244.0,43.0,3.46,N-323 (PK 175.2 a 181.2)
Teruel,N-234,108.25,115.8,4232.0,258.0,6.1,N-234 (PK 108.25 a 115.8)
Valencia,N-330,114.5,119.4,1875.0,113.0,6.03,N-330 (PK 114.5 a 119.4)
Zamora,ZA-20,1.9,4.0,20458.0,530.0,2.59,ZA-20 (PK 1.9 a 4.0)
Tarragona,N-240,33.2,35385,4573.0,627.0,13.71,N-240 (PK 33.2 a 35.385)
Alicante/Alacant,N-340,682.8,688.0,5288.0,701.0,13.26,N-340 (PK 682.8 a 688.0)
Barcelona,N-340,1195.66,1197.7,20525.0,2135.0,10.4,N-340 (PK 1195.66 a 1197.7)
Barcelona,N-340,1209.3,1211.3,32754.0,3980.0,12.15,N-340 (PK 1209.3 a 1211.3)
Soria,N-122,107.5,109.6,7159.0,740.0,10.34,N-122 (PK 107.5 a 109.6)
Soria,N-2,146.4,149.3,730.0,179.0,24.52,N-2 (PK 146.4 a 149.3)
Málaga,A-7,1016.1,1020.5,79320.0,3835.0,4.83,A-7 (PK 1016.1 a 1020.5)
Albacete,N-301,258.5,274972,411.0,28.0,6.81,N-301 (PK 258.5 a 274.972)
Tarragona,N-340,1172.9,1174.8,19624.0,1224.0,6.24,N-340 (PK 1172.9 a 1174.8)
Tarragona,N-420,826.6,828.6,6122.0,659.0,10.76,N-420 (PK 826.6 a 828.6)
Zamora,N-631,47.5,49.9,1859.0,229.0,12.32,N-631 (PK 47.5 a 49.9)
León,N-630,119.6,122034,6025.0,423.0,7.02,N-630 (PK 119.6 a 122.034)
León,N-630,130155,143.0,7370.0,518.0,7.03,N-630 (PK 130.155 a 143.0)
León,N-630,122034,130155,6720.0,472.0,7.02,N-630 (PK 122.034 a 130.155)
Cantabria,N-634,254.5,256.5,2384.0,76.0,3.19,N-634 (PK 254.5 a 256.5)
Lleida,A-2,461.6,463.4,35004.0,7699.0,21.99,A-2 (PK 461.6 a 463.4)
Soria,A-15,98125,100.3,4083.0,1590.0,38.94,A-15 (PK 98.125 a 100.3)
Guadalajara,N-320A,227.57,236.3,495.0,33.0,6.67,N-320A (PK 227.57 a 236.3)
Valencia,A-35,32.0,38.6,31123.0,11791.0,37.89,A-35 (PK 32.0 a 38.6)
Cantabria,N-623,133.7,136.9,7311.0,321.0,4.39,N-623 (PK 133.7 a 136.9)
Tarragona,N-340,1060.6,1062.5,5770.0,532.0,9.22,N-340 (PK 1060.6 a 1062.5)
Cantabria,N-623,143.0,144.9,9958.0,469.0,4.71,N-623 (PK 143.0 a 144.9)
Granada,A-7,902.7,910904,18493.0,1839.0,9.94,A-7 (PK 902.7 a 910.904)
Granada,A-7,910904,920.4,16206.0,2283.0,14.09,A-7 (PK 910.904 a 920.4)
Cantabria,A-67,179.8,181.81,34337.0,3980.0,11.59,A-67 (PK 179.8 a 181.81)
Barcelona,B-40,11.1,13.0,22950.0,851.0,3.71,B-40 (PK 11.1 a 13.0)
Cantabria,A-8,222.4,225.0,30734.0,3576.0,11.64,A-8 (PK 222.4 a 225.0)
Lleida,A-2,465.6,467.5,35004.0,7699.0,21.99,A-2 (PK 465.6 a 467.5)
Cuenca,N-3,167.4,187.1,1505.0,566.0,37.61,N-3 (PK 167.4 a 187.1)
Alicante/Alacant,A-7,481.5,492.0,28439.0,1569.0,5.52,A-7 (PK 481.5 a 492.0)
Teruel,N-211A,243.6,245.4,6036.0,543.0,9.0,N-211A (PK 243.6 a 245.4)
Zaragoza,N-330,434.0,444.0,332.0,124.0,37.35,N-330 (PK 434.0 a 444.0)
Málaga,N-340,296.0,302.68,1377.0,43.0,3.12,N-340 (PK 296.0 a 302.68)
Salamanca,N-620,215.5,217.6,541.0,42.0,7.76,N-620 (PK 215.5 a 217.6)
Almería,A-7,790.8,800.0,55069.0,5012.0,9.1,A-7 (PK 790.8 a 800.0)
Cantabria,N-634,277.1,279.15,4577.0,379.0,8.28,N-634 (PK 277.1 a 279.15)
Valencia,A-3,305.8,311.6,31723.0,7365.0,23.22,A-3 (PK 305.8 a 311.6)
Cantabria,A-67,167.2,169.4,26777.0,2393.0,8.94,A-67 (PK 167.2 a 169.4)
Barcelona,N-2,585.0,587.15,45911.0,5355.0,11.66,N-2 (PK 585.0 a 587.15)
Valladolid,A-6,146.8,149.0,21055.0,3878.0,18.42,A-6 (PK 146.8 a 149.0)
Valladolid,N-122,410.6,412.7,397.0,55.0,13.85,N-122 (PK 410.6 a 412.7)
Huelva,N-431,93.0,103.4,3492.0,674.0,19.3,N-431 (PK 93.0 a 103.4)
Tarragona,N-240,19.9,21.7,15913.0,1223.0,7.69,N-240 (PK 19.9 a 21.7)
Valladolid,N-610,53.1,59.75,1841.0,646.0,35.09,N-610 (PK 53.1 a 59.75)
Zamora,N-620,193.0,195.4,216.0,17.0,7.87,N-620 (PK 193.0 a 195.4)
León,N-625,109.4,121.1,760.0,26.0,3.42,N-625 (PK 109.4 a 121.1)
Cantabria,A-67,194.3,196.5,70017.0,2910.0,4.16,A-67 (PK 194.3 a 196.5)
Huesca,N-330,665833,666.3,1454.0,364.0,25.03,N-330 (PK 665.833 a 666.3)
Huesca,N-330,654.4,665833,3985.0,346.0,8.68,N-330 (PK 654.4 a 665.833)
Zamora,N-525,58.6,61.6,771.0,74.0,9.6,N-525 (PK 58.6 a 61.6)
Soria,N-111,218.3,221.9,523.0,70.0,13.38,N-111 (PK 218.3 a 221.9)
Zamora,N-525,36.4,39.9,2687.0,177.0,6.59,N-525 (PK 36.4 a 39.9)
Salamanca,A-62,238.4,240.5,27353.0,5969.0,21.82,A-62 (PK 238.4 a 240.5)
Soria,N-111,159.1,164.1,866.0,66.0,7.62,N-111 (PK 159.1 a 164.1)
Soria,N-122,138.0,140.5,4261.0,1242.0,29.15,N-122 (PK 138.0 a 140.5)
Valencia,N-330,119.4,124.6,1875.0,113.0,6.03,N-330 (PK 119.4 a 124.6)
Soria,N-234,325.7,328.0,2509.0,228.0,9.09,N-234 (PK 325.7 a 328.0)
Lleida,N-240,114.0,115.8,830.0,82.0,9.88,N-240 (PK 114.0 a 115.8)
Zamora,N-122,528.2,530.5,57.0,4.0,7.02,N-122 (PK 528.2 a 530.5)
Girona,A-2,700.2,702.6,40042.0,2820.0,7.04,A-2 (PK 700.2 a 702.6)
Tarragona,N-240,37.6,39.9,9525.0,732.0,7.69,N-240 (PK 37.6 a 39.9)
Murcia,N-344,71.7,92.2,2976.0,290.0,9.74,N-344 (PK 71.7 a 92.2)
Zamora,N-630,238.2,241.1,353.0,70.0,19.83,N-630 (PK 238.2 a 241.1)
Soria,N-122,238.1,241.05,148.0,45.0,30.41,N-122 (PK 238.1 a 241.05)
Huesca,N-260,392.9,402.4,1996.0,114.0,5.71,N-260 (PK 392.9 a 402.4)
Soria,N-122,140.5,142.7,40599.0,2296.0,5.66,N-122 (PK 140.5 a 142.7)
Girona,N-260,85.35,94.8,6658.0,495.0,7.43,N-260 (PK 85.35 a 94.8)
Albacete,N-322,301.1,316.3,2367.0,312.0,13.18,N-322 (PK 301.1 a 316.3)
Murcia,A-7,563516,566.7,53517.0,14218.0,26.57,A-7 (PK 563.516 a 566.7)
Murcia,A-7,559.0,563516,53233.0,7229.0,13.58,A-7 (PK 559.0 a 563.516)
Murcia,A-7,637.2,640534,35411.0,6613.0,18.67,A-7 (PK 637.2 a 640.534)
Murcia,A-7,640534,643.1,37508.0,6888.0,18.36,A-7 (PK 640.534 a 643.1)
Lleida,A-2,516.7,518.6,30654.0,8066.0,26.31,A-2 (PK 516.7 a 518.6)
Salamanca,A-66,401.7,404.1,14178.0,228.0,1.61,A-66 (PK 401.7 a 404.1)
Tarragona,A-27,12.65,14.9,28020.0,3000.0,10.71,A-27 (PK 12.65 a 14.9)
Barcelona,N-340,1205.1,1207.0,18969.0,1619.0,8.53,N-340 (PK 1205.1 a 1207.0)
Valladolid,A-11,344.2,347.0,11801.0,1921.0,16.28,A-11 (PK 344.2 a 347.0)
Tarragona,N-240,39.9,42.0,9525.0,732.0,7.69,N-240 (PK 39.9 a 42.0)
Jaén,N-432,395.0,399777,4546.0,561.0,12.34,N-432 (PK 395.0 a 399.777)
A Coruña,N-547,49.4,63.3,6614.0,760.0,11.49,N-547 (PK 49.4 a 63.3)
Cantabria,N-634,177.5,179.7,7276.0,392.0,5.39,N-634 (PK 177.5 a 179.7)
Cantabria,A-8,151.0,153.2,39549.0,4394.0,11.11,A-8 (PK 151.0 a 153.2)
Cantabria,A-8,159.5,162.6,36331.0,4303.0,11.84,A-8 (PK 159.5 a 162.6)
Cantabria,N-634,175.4,177.5,10026.0,290.0,2.89,N-634 (PK 175.4 a 177.5)
Tarragona,T-11,4.7,7.2,40243.0,3051.0,7.58,T-11 (PK 4.7 a 7.2)
Cantabria,N-634,245.0,247.15,8784.0,265.0,3.02,N-634 (PK 245.0 a 247.15)
Cantabria,A-8,139.35,141.3,51561.0,5193.0,10.07,A-8 (PK 139.35 a 141.3)
Zamora,ZA-12,0.0,1985,9165.0,408.0,4.45,ZA-12 (PK 0.0 a 1.985)
Barcelona,B-22,4.5,6.8,74646.0,4387.0,5.88,B-22 (PK 4.5 a 6.8)
Zamora,N-6,268.5,270.7,1173.0,125.0,10.66,N-6 (PK 268.5 a 270.7)
Lleida,A-22,2.8,12.1,15667.0,2350.0,15.0,A-22 (PK 2.8 a 12.1)
Lleida,A-14-R2,0.0,2.3,6320.0,783.0,12.39,A-14-R2 (PK 0.0 a 2.3)
Soria,A-15,41.1,43.6,3073.0,366.0,11.91,A-15 (PK 41.1 a 43.6)
Valencia,N-420,528.0,536.2,839.0,108.0,12.87,N-420 (PK 528.0 a 536.2)
Zamora,A-6,263.2,265.6,21940.0,5950.0,27.12,A-6 (PK 263.2 a 265.6)
Castellón,N-232,2.3,12.2,11275.0,1898.0,16.83,N-232 (PK 2.3 a 12.2)
Barcelona,B-30,0.5,3.1,65202.0,3970.0,6.09,B-30 (PK 0.5 a 3.1)
Girona,N-2,774.21,776.39,9139.0,482.0,5.27,N-2 (PK 774.21 a 776.39)
Cantabria,A-8,171.3,173.6,43374.0,4184.0,9.65,A-8 (PK 171.3 a 173.6)
Lleida,N-260,194.4,196.7,6151.0,436.0,7.09,N-260 (PK 194.4 a 196.7)
Girona,A-2,694.4,697.8,32647.0,2482.0,7.6,A-2 (PK 694.4 a 697.8)
Zamora,N-122,535.1,537325,3092.0,1012.0,32.73,N-122 (PK 535.1 a 537.325)
Granada,N-340,306138,314.1,7874.0,437.0,5.55,N-340 (PK 306.138 a 314.1)
Granada,N-340,302.68,306138,1225.0,55.0,4.49,N-340 (PK 302.68 a 306.138)
Ourense,N-525,131.1,142.1,377.0,25.0,6.63,N-525 (PK 131.1 a 142.1)
Valladolid,N-601,155.2,157.4,5102.0,1355.0,26.56,N-601 (PK 155.2 a 157.4)
Cantabria,N-621,186.4,188.9,4684.0,273.0,5.83,N-621 (PK 186.4 a 188.9)
Cáceres,N-110,352.04,358699,994.0,75.0,7.55,N-110 (PK 352.04 a 358.699)
Cáceres,N-110,358699,368.4,1716.0,130.0,7.58,N-110 (PK 358.699 a 368.4)
Soria,N-111,222.42,223772,4773.0,428.0,8.97,N-111 (PK 222.42 a 223.772)
Soria,N-111,223772,225065,6055.0,521.0,8.6,N-111 (PK 223.772 a 225.065)
Salamanca,N-630A,392.0,393032,4001.0,324.0,8.1,N-630A (PK 392.0 a 393.032)
Murcia,N-342,83.06,89.9,295.0,28.0,9.49,N-342 (PK 83.06 a 89.9)
Alicante/Alacant,N-332,87.2,94.5,30377.0,904.0,2.98,N-332 (PK 87.2 a 94.5)
Cantabria,N-629,57.9,60.85,1482.0,74.0,4.99,N-629 (PK 57.9 a 60.85)
Valladolid,A-6,172.2,174.6,23112.0,3854.0,16.68,A-6 (PK 172.2 a 174.6)
León,N-621,112.2,121.65,252.0,12.0,4.76,N-621 (PK 112.2 a 121.65)
Valladolid,A-6,137.5,140.7,20739.0,3573.0,17.23,A-6 (PK 137.5 a 140.7)
Valladolid,A-6,178.7,180.7,25195.0,4172.0,16.56,A-6 (PK 178.7 a 180.7)
Alicante/Alacant,A-31,225.2,233287,29626.0,2290.0,7.73,A-31 (PK 225.2 a 233.287)
Alicante/Alacant,A-31,233287,235.0,38775.0,3488.0,9.0,A-31 (PK 233.287 a 235.0)
Valladolid,N-601,195.7,199.7,654.0,63.0,9.63,N-601 (PK 195.7 a 199.7)
Cantabria,A-67,171.3,175.3,33004.0,3327.0,10.08,A-67 (PK 171.3 a 175.3)
Tarragona,T-11,9.8,12.2,41380.0,2081.0,5.03,T-11 (PK 9.8 a 12.2)
Valladolid,A-60,7.4,14.2,7076.0,1048.0,14.81,A-60 (PK 7.4 a 14.2)
Girona,N-260A,3.88,8.57,35.0,1.0,2.86,N-260A (PK 3.88 a 8.57)
Lleida,A-2,492.4,494.8,33150.0,8730.0,26.33,A-2 (PK 492.4 a 494.8)
Cantabria,A-67,196.5,198.7,79447.0,5183.0,6.52,A-67 (PK 196.5 a 198.7)
Cantabria,S-30,5.8,8.4,26297.0,2288.0,8.7,S-30 (PK 5.8 a 8.4)
Tarragona,T-11,0.0,2.7,14451.0,1418.0,9.81,T-11 (PK 0.0 a 2.7)
Salamanca,A-66,414.0,416.9,12510.0,2533.0,20.25,A-66 (PK 414.0 a 416.9)
Ciudad Real,N-430,230.2,234696,1938.0,719.0,37.1,N-430 (PK 230.2 a 234.696)
Ciudad Real,N-430,234696,245.0,1250.0,394.0,31.52,N-430 (PK 234.696 a 245.0)
Barcelona,A-2,582.2,584.4,63956.0,8119.0,12.69,A-2 (PK 582.2 a 584.4)
Salamanca,A-66,345.9,348.4,15688.0,3037.0,19.36,A-66 (PK 345.9 a 348.4)
Valladolid,N-601,240.8,245.0,2438.0,701.0,28.75,N-601 (PK 240.8 a 245.0)
Barcelona,N-340,1216.0,1218.5,8914.0,509.0,5.71,N-340 (PK 1216.0 a 1218.5)
Zamora,A-66,267.7,270.8,8428.0,1075.0,12.76,A-66 (PK 267.7 a 270.8)
Salamanca,A-66,339.85,342.5,28401.0,5300.0,18.66,A-66 (PK 339.85 a 342.5)
Girona,N-260,120.0,129.9,5262.0,290.0,5.51,N-260 (PK 120.0 a 129.9)
Valladolid,A-62,142.3,144.9,40018.0,7315.0,18.28,A-62 (PK 142.3 a 144.9)
Ávila,N-502,48.9,59.9,1761.0,97.0,5.51,N-502 (PK 48.9 a 59.9)
Zamora,N-122,494.2,498.0,3576.0,1001.0,27.99,N-122 (PK 494.2 a 498.0)
Valencia,N-3,294.0,298.2,569.0,71.0,12.48,N-3 (PK 294.0 a 298.2)
Zamora,N-6,272.2,274.7,1173.0,125.0,10.66,N-6 (PK 272.2 a 274.7)
Valladolid,N-610,36.05,38.5,2220.0,779.0,35.09,N-610 (PK 36.05 a 38.5)
Pontevedra,N-120,618.5,627.5,620.0,31.0,5.0,N-120 (PK 618.5 a 627.5)
Huelva,A-49,59.8,74.7,32757.0,5128.0,15.65,A-49 (PK 59.8 a 74.7)
Cantabria,N-634,196.6,198.8,6778.0,312.0,4.6,N-634 (PK 196.6 a 198.8)
Cantabria,N-634,265.2,267.6,1707.0,178.0,10.43,N-634 (PK 265.2 a 267.6)
Soria,N-122,203.3,207.7,4230.0,1361.0,32.17,N-122 (PK 203.3 a 207.7)
Cantabria,S-20,3.5,5.4,27113.0,605.0,2.23,S-20 (PK 3.5 a 5.4)
Almería,A-7,725.4,735.3,11882.0,2514.0,21.16,A-7 (PK 725.4 a 735.3)
Cantabria,N-634,256.5,259.0,2384.0,76.0,3.19,N-634 (PK 256.5 a 259.0)
Soria,N-122,184.4,187.0,33.0,10.0,30.3,N-122 (PK 184.4 a 187.0)
Valencia,N-332,229.0,236.5,15054.0,1443.0,9.59,N-332 (PK 229.0 a 236.5)
Almería,N-340A,431.82,438455,11825.0,317.0,2.68,N-340A (PK 431.82 a 438.455)
Cantabria,N-623,139.9,142.2,7311.0,321.0,4.39,N-623 (PK 139.9 a 142.2)
Lleida,N-230,26.5,28.98,3115.0,530.0,17.01,N-230 (PK 26.5 a 28.98)
Cuenca,N-420,440.2,461.2,1249.0,216.0,17.29,N-420 (PK 440.2 a 461.2)
Asturias,N-621,165.99,176.0,2644.0,238.0,9.0,N-621 (PK 165.99 a 176.0)
Cantabria,N-623,125.7,128.6,7437.0,490.0,6.59,N-623 (PK 125.7 a 128.6)
Huelva,N-435,155.6,169.2,1645.0,286.0,17.39,N-435 (PK 155.6 a 169.2)
Soria,N-122,192.2,194.8,33.0,10.0,30.3,N-122 (PK 192.2 a 194.8)
Teruel,A-23,185.2,201.6,10080.0,3052.0,30.28,A-23 (PK 185.2 a 201.6)
Zamora,N-620,203.3,205.9,563.0,44.0,7.82,N-620 (PK 203.3 a 205.9)
Zamora,ZA-11,0.0,2535,10653.0,402.0,3.77,ZA-11 (PK 0.0 a 2.535)
Jaén,A-4,291.5,298067,17666.0,5200.0,29.44,A-4 (PK 291.5 a 298.067)
Jaén,A-4,298067,309.2,17271.0,5152.0,29.83,A-4 (PK 298.067 a 309.2)
Ávila,N-403,109.7,127.5,3536.0,200.0,5.66,N-403 (PK 109.7 a 127.5)
Ourense,N-541,38.0,50.2,2106.0,115.0,5.46,N-541 (PK 38.0 a 50.2)
Valladolid,A-62,139.7,142.3,40018.0,7315.0,18.28,A-62 (PK 139.7 a 142.3)
Cantabria,N-621,163.7,165.99,2644.0,238.0,9.0,N-621 (PK 163.7 a 165.99)
Barcelona,A-2,601.8,604.0,104829.0,7757.0,7.4,A-2 (PK 601.8 a 604.0)
Teruel,N-330,287.9,297.8,2540.0,230.0,9.06,N-330 (PK 287.9 a 297.8)
Cantabria,N-621,135.9,138.1,648.0,32.0,4.94,N-621 (PK 135.9 a 138.1)
Albacete,A-43,116.7,125.3,12797.0,3946.0,30.84,A-43 (PK 116.7 a 125.3)
Lleida,N-240,115.8,118.41,1247.0,235.0,18.85,N-240 (PK 115.8 a 118.41)
Salamanca,A-62,268.5,275.2,9528.0,2698.0,28.32,A-62 (PK 268.5 a 275.2)
Huesca,N-230,89.0,100.8,2696.0,558.0,20.7,N-230 (PK 89.0 a 100.8)
Madrid,A-1,49.9,57.1,30223.0,4654.0,15.4,A-1 (PK 49.9 a 57.1)
Cantabria,N-623,112.9,115.2,2847.0,196.0,6.88,N-623 (PK 112.9 a 115.2)
Lleida,A-2,506.9,509.5,33651.0,9456.0,28.1,A-2 (PK 506.9 a 509.5)
Salamanca,N-501,76.9,79.7,3786.0,172.0,4.54,N-501 (PK 76.9 a 79.7)
Córdoba,N-420,72728,79.1,2390.0,347.0,14.52,N-420 (PK 72.728 a 79.1)
Córdoba,N-420,53.8,72728,2242.0,323.0,14.41,N-420 (PK 53.8 a 72.728)
Ourense,A-52,124.7,142.8,13239.0,2773.0,20.95,A-52 (PK 124.7 a 142.8)
Zamora,N-122,519.0,522.0,3701.0,1211.0,32.72,N-122 (PK 519.0 a 522.0)
Soria,N-234,331.8,334.4,3011.0,274.0,9.1,N-234 (PK 331.8 a 334.4)
Zamora,A-6,259.0,263.2,20726.0,5243.0,25.3,A-6 (PK 259.0 a 263.2)
Tarragona,N-340,1156.4,1159.5,16390.0,613.0,3.74,N-340 (PK 1156.4 a 1159.5)
Salamanca,N-620,244.35,244.8,482.0,39.0,8.09,N-620 (PK 244.35 a 244.8)
Cantabria,N-629,64.54,67.1,2388.0,83.0,3.48,N-629 (PK 64.54 a 67.1)
Soria,N-111,210.0,211.4,80.0,9.0,11.25,N-111 (PK 210.0 a 211.4)
Zamora,N-630,233.3,238.2,397.0,53.0,13.35,N-630 (PK 233.3 a 238.2)
Zamora,N-122,511.5,514.2,4031.0,1191.0,29.55,N-122 (PK 511.5 a 514.2)
Soria,N-234,315.8,318.5,1665.0,397.0,23.84,N-234 (PK 315.8 a 318.5)
Barcelona,N-340,1234.5,1237.18,8529.0,531.0,6.23,N-340 (PK 1234.5 a 1237.18)
Cuenca,N-3,211.45,219.25,2304.0,498.0,21.61,N-3 (PK 211.45 a 219.25)
Zamora,N-525,13.4,16.1,1468.0,142.0,9.67,N-525 (PK 13.4 a 16.1)
Soria,N-111,175.2,177.9,92.0,8.0,8.7,N-111 (PK 175.2 a 177.9)
Valencia,N-330A,261.86,269.69,208.0,20.0,9.62,N-330A (PK 261.86 a 269.69)
Barcelona,N-340,1207.0,1209.3,18969.0,1619.0,8.53,N-340 (PK 1207.0 a 1209.3)
Málaga,A-7,1020.5,1024.2,76796.0,7107.0,9.25,A-7 (PK 1020.5 a 1024.2)
Lleida,N-260,196.7,199.3,6070.0,431.0,7.1,N-260 (PK 196.7 a 199.3)
Zamora,N-6,265219,268.5,1173.0,125.0,10.66,N-6 (PK 265.219 a 268.5)
Girona,N-154,3.2,5.7,7493.0,254.0,3.39,N-154 (PK 3.2 a 5.7)
Salamanca,N-630,355.1,358.7,2097.0,88.0,4.2,N-630 (PK 355.1 a 358.7)
Alicante/Alacant,A-70,25.7,34.25,63391.0,4888.0,7.71,A-70 (PK 25.7 a 34.25)
Cantabria,N-623,106.6,109.2,1843.0,115.0,6.24,N-623 (PK 106.6 a 109.2)
Cantabria,N-611,176.2,179.0,2951.0,528.0,17.89,N-611 (PK 176.2 a 179.0)
Barcelona,A-2,584.4,587.0,96037.0,12263.0,12.77,A-2 (PK 584.4 a 587.0)
Zamora,N-630,268.5,272.1,1345.0,157.0,11.67,N-630 (PK 268.5 a 272.1)
Valencia,A-23,7.3,13.9,24952.0,3766.0,15.09,A-23 (PK 7.3 a 13.9)
Granada,A-44,96.6,107.8,25816.0,3504.0,13.57,A-44 (PK 96.6 a 107.8)
Valladolid,A-6,157.5,159.9,24687.0,4375.0,17.72,A-6 (PK 157.5 a 159.9)
Cantabria,N-634,173635,174.4,10026.0,290.0,2.89,N-634 (PK 173.635 a 174.4)
Soria,SO-20,4.5,7.8,9356.0,911.0,9.74,SO-20 (PK 4.5 a 7.8)
Castellón,N-340,996.7,1009.67,4389.0,568.0,12.94,N-340 (PK 996.7 a 1009.67)
Castellón,N-340,1009.67,1012.4,4653.0,766.0,16.46,N-340 (PK 1009.67 a 1012.4)
Asturias,N-634,326.91,341.4,6108.0,438.0,7.17,N-634 (PK 326.91 a 341.4)
Soria,A-2,173.3,176.1,13602.0,5633.0,41.41,A-2 (PK 173.3 a 176.1)
Soria,N-234,342.0,344715,3011.0,274.0,9.1,N-234 (PK 342.0 a 344.715)
Cantabria,N-634,182.2,184.8,7276.0,392.0,5.39,N-634 (PK 182.2 a 184.8)
Cantabria,A-8,196.7,199.4,36181.0,4722.0,13.05,A-8 (PK 196.7 a 199.4)
Valencia,N-330,255.13,261.0,766.0,158.0,20.63,N-330 (PK 255.13 a 261.0)
Castellón,N-340,941.0,952.4,3349.0,572.0,17.08,N-340 (PK 941.0 a 952.4)
Tarragona,N-420,866.4,869.0,16349.0,1619.0,9.9,N-420 (PK 866.4 a 869.0)
Soria,N-111,234.7,237.5,3266.0,383.0,11.73,N-111 (PK 234.7 a 237.5)
Zamora,N-525,61.6,64.5,771.0,74.0,9.6,N-525 (PK 61.6 a 64.5)
Cantabria,A-8,153.2,156.0,36331.0,4303.0,11.84,A-8 (PK 153.2 a 156.0)
Cantabria,N-634,188.3,191.0,7276.0,392.0,5.39,N-634 (PK 188.3 a 191.0)
Salamanca,N-501,83.8,86.7,3786.0,172.0,4.54,N-501 (PK 83.8 a 86.7)
Soria,N-110,85.8,89.3,1448.0,206.0,14.23,N-110 (PK 85.8 a 89.3)
Salamanca,A-50,68.9,75.7,8065.0,1291.0,16.01,A-50 (PK 68.9 a 75.7)
Lleida,A-2,463.4,465.6,35004.0,7699.0,21.99,A-2 (PK 463.4 a 465.6)
Lleida,A-22,0.0,2.8,15667.0,2350.0,15.0,A-22 (PK 0.0 a 2.8)
Huelva,N-433,128.0,152.6,1621.0,146.0,9.01,N-433 (PK 128.0 a 152.6)
Valladolid,N-610,85.0,87.79,1658.0,783.0,47.23,N-610 (PK 85.0 a 87.79)
Zamora,A-62,202.7,205.41,12293.0,3629.0,29.52,A-62 (PK 202.7 a 205.41)
Salamanca,N-620,206.14,209.1,541.0,42.0,7.76,N-620 (PK 206.14 a 209.1)
Salamanca,A-66,352.0,360.3,14951.0,2552.0,17.07,A-66 (PK 352.0 a 360.3)
Huesca,N-230,100.8,112.7,2696.0,558.0,20.7,N-230 (PK 100.8 a 112.7)
Tarragona,N-340,1086.4,1089.2,8153.0,467.0,5.73,N-340 (PK 1086.4 a 1089.2)
Valladolid,A-6,180.7,183.0,17403.0,3478.0,19.99,A-6 (PK 180.7 a 183.0)
Valladolid,A-6,186.1,189.2,19538.0,3419.0,17.5,A-6 (PK 186.1 a 189.2)
Zamora,N-122,478.1,480.9,3846.0,1076.0,27.98,N-122 (PK 478.1 a 480.9)
Zamora,N-620,195.4,199.9,216.0,17.0,7.87,N-620 (PK 195.4 a 199.9)
Cantabria,A-67,132.8,135.5,13999.0,2174.0,15.53,A-67 (PK 132.8 a 135.5)
Tarragona,N-340,1062.5,1065.3,5770.0,532.0,9.22,N-340 (PK 1062.5 a 1065.3)
Cantabria,N-621,183.3,186.0,4684.0,273.0,5.83,N-621 (PK 183.3 a 186.0)
Lleida,A-22,16.4,19173,11143.0,1838.0,16.49,A-22 (PK 16.4 a 19.173)
Alicante/Alacant,N-332,79.3,87.2,30377.0,904.0,2.98,N-332 (PK 79.3 a 87.2)
Tarragona,N-340,1083.7,1086.4,10010.0,683.0,6.82,N-340 (PK 1083.7 a 1086.4)
Cantabria,N-635,8.1,10.7,5606.0,521.0,9.29,N-635 (PK 8.1 a 10.7)
Tarragona,A-27,20.5,23191,18062.0,1388.0,7.68,A-27 (PK 20.5 a 23.191)
Valencia,N-322,425.7,437.2,1625.0,275.0,16.92,N-322 (PK 425.7 a 437.2)
Soria,N-122,100.6,103625,1227.0,127.0,10.35,N-122 (PK 100.6 a 103.625)
Tarragona,A-27,6.2,8.8,28020.0,3000.0,10.71,A-27 (PK 6.2 a 8.8)
Cantabria,N-621,138.1,140.6,648.0,32.0,4.94,N-621 (PK 138.1 a 140.6)
Córdoba,N-502,340.3,354.0,1205.0,124.0,10.29,N-502 (PK 340.3 a 354.0)
Asturias,N-625,144.7,155.3,2470.0,89.0,3.6,N-625 (PK 144.7 a 155.3)
Zaragoza,N-211,269.9,292.1,1499.0,211.0,14.08,N-211 (PK 269.9 a 292.1)
Barcelona,B-24,7.6,10.64,32270.0,1455.0,4.51,B-24 (PK 7.6 a 10.64)
Salamanca,N-501,73.3,76.9,391.0,45.0,11.51,N-501 (PK 73.3 a 76.9)
Alicante/Alacant,A-31,184977,193.2,35742.0,6271.0,17.55,A-31 (PK 184.977 a 193.2)
Alicante/Alacant,A-31,181.5,184977,33231.0,5888.0,17.72,A-31 (PK 181.5 a 184.977)
Lleida,N-230,23.8,26.5,7197.0,653.0,9.07,N-230 (PK 23.8 a 26.5)
Valencia,N-330,202.8,215.58,2568.0,200.0,7.79,N-330 (PK 202.8 a 215.58)
Barcelona,B-40,7.7,11.1,22950.0,851.0,3.71,B-40 (PK 7.7 a 11.1)
Tarragona,T-11,14.7,17.4,41380.0,2081.0,5.03,T-11 (PK 14.7 a 17.4)
Granada,N-323A,88.5,99.8,1336.0,131.0,9.81,N-323A (PK 88.5 a 99.8)
Salamanca,N-620,252.8,255.9,671.0,27.0,4.02,N-620 (PK 252.8 a 255.9)
Lleida,N-260,223.5,227.5,7817.0,374.0,4.78,N-260 (PK 223.5 a 227.5)
Ciudad Real,N-502,264072,279.4,460.0,31.0,6.74,N-502 (PK 264.072 a 279.4)
Salamanca,A-62,326.3,331.5,6245.0,2111.0,33.8,A-62 (PK 326.3 a 331.5)
Barcelona,B-23,5.9,8.4,124869.0,16544.0,13.25,B-23 (PK 5.9 a 8.4)
Girona,N-2,736.2,739.5,5730.0,328.0,5.72,N-2 (PK 736.2 a 739.5)
Cantabria,A-8,168.2,171.3,37652.0,4664.0,12.39,A-8 (PK 168.2 a 171.3)
Salamanca,N-501,50.8,53.8,391.0,45.0,11.51,N-501 (PK 50.8 a 53.8)
Zamora,N-630,285.3,288.3,935.0,143.0,15.29,N-630 (PK 285.3 a 288.3)
Lleida,N-240,50.6,53.5,3122.0,201.0,6.44,N-240 (PK 50.6 a 53.5)
Girona,A-2,729.2,731.9,5199.0,346.0,6.66,A-2 (PK 729.2 a 731.9)
Tarragona,N-340,1179.3,1181.8,18900.0,687.0,3.63,N-340 (PK 1179.3 a 1181.8)
Zamora,N-122,514.2,517.3,4031.0,1191.0,29.55,N-122 (PK 514.2 a 517.3)
Valencia,N-332A,212.21,216.4,10475.0,1004.0,9.58,N-332A (PK 212.21 a 216.4)
Soria,N-122,189.2,192.2,33.0,10.0,30.3,N-122 (PK 189.2 a 192.2)
Salamanca,A-66,392.8,395.6,14579.0,3052.0,20.93,A-66 (PK 392.8 a 395.6)
Cantabria,N-629,69.0,72.0,5503.0,210.0,3.82,N-629 (PK 69.0 a 72.0)
Salamanca,A-50,95.8,99.0,15487.0,1585.0,10.23,A-50 (PK 95.8 a 99.0)
Valladolid,N-601,137.2,140.2,3477.0,1102.0,31.69,N-601 (PK 137.2 a 140.2)
Soria,SO-20,14.12,18.5,7101.0,1933.0,27.22,SO-20 (PK 14.12 a 18.5)
Valladolid,VA-20,7.6,10.7,22599.0,1226.0,5.43,VA-20 (PK 7.6 a 10.7)
Barcelona,B-30,4.0,7.0,65202.0,3970.0,6.09,B-30 (PK 4.0 a 7.0)
Barcelona,A-2,568.3,571.4,40893.0,6929.0,16.94,A-2 (PK 568.3 a 571.4)
Sevilla,A-49,5.2,6.7,86768.0,5741.0,6.62,A-49 (PK 5.2 a 6.7)
Soria,N-111,241.4,244.6,3266.0,383.0,11.73,N-111 (PK 241.4 a 244.6)
Cantabria,N-611,146.2,149.0,624.0,35.0,5.61,N-611 (PK 146.2 a 149.0)
Salamanca,A-66,342.5,345.9,9791.0,2359.0,24.09,A-66 (PK 342.5 a 345.9)
Soria,N-122,120.4,123.7,3938.0,1168.0,29.66,N-122 (PK 120.4 a 123.7)
Lleida,N-230,122.3,125.3,5301.0,579.0,10.92,N-230 (PK 122.3 a 125.3)
Tarragona,A-27,14.9,18.45,28020.0,3000.0,10.71,A-27 (PK 14.9 a 18.45)
Tarragona,N-420A,794.9,798.05,37.0,4.0,10.81,N-420A (PK 794.9 a 798.05)
Soria,N-234,328.0,331.8,2509.0,228.0,9.09,N-234 (PK 328.0 a 331.8)
Zamora,N-630,228.8,232.6,397.0,53.0,13.35,N-630 (PK 228.8 a 232.6)
Soria,A-2,141.1,145.2,19348.0,6749.0,34.88,A-2 (PK 141.1 a 145.2)
Cantabria,N-634,185.2,188.3,7276.0,392.0,5.39,N-634 (PK 185.2 a 188.3)
Barcelona,A-2,598.7,601.8,109209.0,8516.0,7.8,A-2 (PK 598.7 a 601.8)
Soria,N-234,404.0,408.41,2146.0,195.0,9.09,N-234 (PK 404.0 a 408.41)
Salamanca,N-620,279.9,285.7,487.0,101.0,20.74,N-620 (PK 279.9 a 285.7)
Zamora,N-631,10.6,15.1,2637.0,325.0,12.32,N-631 (PK 10.6 a 15.1)
Guadalajara,N-211,17.9,22.0,2288.0,416.0,18.18,N-211 (PK 17.9 a 22.0)
Girona,N-2A,2.2,6.0,16384.0,1158.0,7.07,N-2A (PK 2.2 a 6.0)
Cantabria,N-623,136.9,139.9,7311.0,321.0,4.39,N-623 (PK 136.9 a 139.9)
Valladolid,A-62,134.7,139.7,40156.0,6786.0,16.9,A-62 (PK 134.7 a 139.7)
Soria,N-122,158.64,163.5,5274.0,1746.0,33.11,N-122 (PK 158.64 a 163.5)
Cantabria,S-30,10.8,13.2,14411.0,964.0,6.69,S-30 (PK 10.8 a 13.2)
Soria,N-234,304.01,308.0,1590.0,340.0,21.38,N-234 (PK 304.01 a 308.0)
Soria,N-234,345.8,349.2,2756.0,251.0,9.11,N-234 (PK 345.8 a 349.2)
Alicante/Alacant,N-332,160.8,168.0,15055.0,692.0,4.6,N-332 (PK 160.8 a 168.0)
Asturias,N-634,474.8,481.3,369.0,116.0,31.44,N-634 (PK 474.8 a 481.3)
Salamanca,N-630,359.9,363.2,285.0,12.0,4.21,N-630 (PK 359.9 a 363.2)
Soria,N-110,71.4,74.7,1642.0,234.0,14.25,N-110 (PK 71.4 a 74.7)
Asturias,N-634,464.67,474.8,369.0,116.0,31.44,N-634 (PK 464.67 a 474.8)
Cantabria,N-623,93.0,96.1,890.0,96.0,10.79,N-623 (PK 93.0 a 96.1)
Tarragona,N-340,1174.8,1178.0,17399.0,553.0,3.18,N-340 (PK 1174.8 a 1178.0)
Zamora,N-525,48.5,52.0,883.0,57.0,6.46,N-525 (PK 48.5 a 52.0)
Lleida,LL-11,5.0,8.0,19068.0,2999.0,15.73,LL-11 (PK 5.0 a 8.0)
Granada,N-340,314.1,318585,13786.0,624.0,4.53,N-340 (PK 314.1 a 318.585)
Granada,N-340,318585,328.5,9533.0,468.0,4.91,N-340 (PK 318.585 a 328.5)
Tarragona,N-420,828.6,831.5,5902.0,254.0,4.3,N-420 (PK 828.6 a 831.5)
Zamora,N-525,39.9,43.2,2687.0,177.0,6.59,N-525 (PK 39.9 a 43.2)
Valladolid,A-60,0.0,3.6,12497.0,1165.0,9.32,A-60 (PK 0.0 a 3.6)
Barcelona,B-30,7.0,10.1,65202.0,3970.0,6.09,B-30 (PK 7.0 a 10.1)
Valladolid,A-62,130.2,133.4,45070.0,5646.0,12.53,A-62 (PK 130.2 a 133.4)
Tarragona,A-7,1158.2,1160.6,44168.0,4225.0,9.57,A-7 (PK 1158.2 a 1160.6)
Barcelona,A-2,595.7,598.7,109209.0,8516.0,7.8,A-2 (PK 595.7 a 598.7)
Zamora,N-525,32.3,36.4,2687.0,177.0,6.59,N-525 (PK 32.3 a 36.4)
Soria,A-2,149.9,153.9,13494.0,5542.0,41.07,A-2 (PK 149.9 a 153.9)
Valencia,N-330,124.7,135.2,1875.0,113.0,6.03,N-330 (PK 124.7 a 135.2)
Zamora,N-620,199.9,203.3,563.0,44.0,7.82,N-620 (PK 199.9 a 203.3)
Soria,A-15,31.8,35.2,6715.0,1904.0,28.35,A-15 (PK 31.8 a 35.2)
Soria,N-234,356.4,360.8,6956.0,635.0,9.13,N-234 (PK 356.4 a 360.8)
Salamanca,N-630,351.7,355.1,2097.0,88.0,4.2,N-630 (PK 351.7 a 355.1)
Girona,N-260,180.3,187.7,10915.0,523.0,4.79,N-260 (PK 180.3 a 187.7)
Valladolid,N-610,71.3,74.67,1493.0,705.0,47.22,N-610 (PK 71.3 a 74.67)
Huesca,N-260,445.1,463.9,1622.0,52.0,3.21,N-260 (PK 445.1 a 463.9)
Salamanca,A-50,82.8,86.3,12775.0,1536.0,12.02,A-50 (PK 82.8 a 86.3)
Lleida,A-2,503.5,506.9,33651.0,9456.0,28.1,A-2 (PK 503.5 a 506.9)
Tarragona,N-340,1199.7,1203.28,20525.0,2135.0,10.4,N-340 (PK 1199.7 a 1203.28)
Salamanca,N-620,300.0,306.36,969.0,200.0,20.64,N-620 (PK 300.0 a 306.36)
Salamanca,A-66,348.4,352.0,16472.0,2926.0,17.76,A-66 (PK 348.4 a 352.0)
Lleida,LL-11,0.0,3.3,19068.0,2999.0,15.73,LL-11 (PK 0.0 a 3.3)
Ciudad Real,N-430,245.0,279.1,3138.0,677.0,21.57,N-430 (PK 245.0 a 279.1)
Salamanca,A-62,240.5,243.9,27353.0,5969.0,21.82,A-62 (PK 240.5 a 243.9)
Lleida,A-2,458.7,461.6,31412.0,8464.0,26.95,A-2 (PK 458.7 a 461.6)
Soria,N-122,176.2,179.8,33.0,10.0,30.3,N-122 (PK 176.2 a 179.8)
Salamanca,N-620,273.2,278.3,487.0,101.0,20.74,N-620 (PK 273.2 a 278.3)
Zamora,N-631,51.6,55.3,2128.0,263.0,12.36,N-631 (PK 51.6 a 55.3)
Salamanca,A-66,404.1,407.9,14178.0,228.0,1.61,A-66 (PK 404.1 a 407.9)
Cantabria,A-8,173.6,176.8,43374.0,4184.0,9.65,A-8 (PK 173.6 a 176.8)
Valencia,N-3,298.8,304.8,569.0,71.0,12.48,N-3 (PK 298.8 a 304.8)
Zamora,N-631,6.9,10.6,2637.0,325.0,12.32,N-631 (PK 6.9 a 10.6)
Cantabria,N-611,127.3,130.6,547.0,55.0,10.05,N-611 (PK 127.3 a 130.6)
Tarragona,N-240,13.7,17.3,6773.0,549.0,8.11,N-240 (PK 13.7 a 17.3)
Tarragona,N-240,3784,7.6,10669.0,378.0,3.54,N-240 (PK 3.784 a 7.6)
Teruel,N-420,589.5,606.3,2224.0,368.0,16.55,N-420 (PK 589.5 a 606.3)
Barcelona,A-2,604.0,607.2,138316.0,19634.0,14.2,A-2 (PK 604.0 a 607.2)
Cuenca,N-3,200.5,211.45,2304.0,498.0,21.61,N-3 (PK 200.5 a 211.45)
Almería,N-340A,497.62,510.2,2065.0,1066.0,51.62,N-340A (PK 497.62 a 510.2)
Lleida,N-260,315.2,318.7,1929.0,95.0,4.92,N-260 (PK 315.2 a 318.7)
Soria,N-122,231.5,237.3,148.0,45.0,30.41,N-122 (PK 231.5 a 237.3)
Cantabria,N-634,154.1,157.5,2664.0,72.0,2.7,N-634 (PK 154.1 a 157.5)
Zamora,N-122,442.1,446.4,1577.0,245.0,15.54,N-122 (PK 442.1 a 446.4)
Zamora,A-52,108.3,111.7,11019.0,3043.0,27.62,A-52 (PK 108.3 a 111.7)
Castellón,N-232,20.8,27.2,5257.0,366.0,6.96,N-232 (PK 20.8 a 27.2)
Girona,N-260,7.45,17.4,2960.0,86.0,2.91,N-260 (PK 7.45 a 17.4)
Soria,N-111,211.4,217.2,80.0,9.0,11.25,N-111 (PK 211.4 a 217.2)
Zamora,N-630,247.0,251.3,353.0,70.0,19.83,N-630 (PK 247.0 a 251.3)
Cantabria,S-20,0.0,3.5,27113.0,605.0,2.23,S-20 (PK 0.0 a 3.5)
Barcelona,B-40,0.0,7.7,28363.0,2745.0,9.68,B-40 (PK 0.0 a 7.7)
Lleida,LL-12,2.3,5.7,17198.0,3564.0,20.72,LL-12 (PK 2.3 a 5.7)
Salamanca,A-66,360.3,363.8,15184.0,2720.0,17.91,A-66 (PK 360.3 a 363.8)
Soria,N-234,336.4,340.2,3011.0,274.0,9.1,N-234 (PK 336.4 a 340.2)
Barcelona,A-2,576.2,579.7,45715.0,7089.0,15.51,A-2 (PK 576.2 a 579.7)
Valladolid,N-620,177.5,181.0,247.0,51.0,20.65,N-620 (PK 177.5 a 181.0)
Zamora,A-66,270.8,274.5,8428.0,1075.0,12.76,A-66 (PK 270.8 a 274.5)
Tarragona,A-7,1142.8,1146.3,15682.0,1257.0,8.02,A-7 (PK 1142.8 a 1146.3)
Zamora,N-122,480.9,484.5,3846.0,1076.0,27.98,N-122 (PK 480.9 a 484.5)
Valladolid,A-60,3.6,7.4,12497.0,1165.0,9.32,A-60 (PK 3.6 a 7.4)
Salamanca,A-66,397.6,401.7,14579.0,3052.0,20.93,A-66 (PK 397.6 a 401.7)
Asturias,N-630,74.2,82.7,3739.0,277.0,7.41,N-630 (PK 74.2 a 82.7)
Cantabria,A-67,117.15,122.0,12898.0,1979.0,15.34,A-67 (PK 117.15 a 122.0)
Valladolid,N-122,307.4,311.9,5673.0,1838.0,32.4,N-122 (PK 307.4 a 311.9)
Barcelona,N-340,1218.5,1222.1,5908.0,282.0,4.77,N-340 (PK 1218.5 a 1222.1)
Córdoba,N-432A,201152,219.05,80.0,6.0,7.5,N-432A (PK 201.152 a 219.05)
Zamora,N-630,241.1,246.3,353.0,70.0,19.83,N-630 (PK 241.1 a 246.3)
Lleida,A-2,467.5,470.6,22969.0,5483.0,23.87,A-2 (PK 467.5 a 470.6)
Cantabria,A-8,156.0,159.5,36331.0,4303.0,11.84,A-8 (PK 156.0 a 159.5)
Valladolid,N-601,166.4,170.1,9699.0,1557.0,16.05,N-601 (PK 166.4 a 170.1)
Lleida,A-2,513.6,516.7,30654.0,8066.0,26.31,A-2 (PK 513.6 a 516.7)
Soria,N-234,321.4,325.2,1500.0,340.0,22.67,N-234 (PK 321.4 a 325.2)
Soria,N-111,237.5,241.4,3266.0,383.0,11.73,N-111 (PK 237.5 a 241.4)
Salamanca,A-62,233.7,237.5,27854.0,6695.0,24.04,A-62 (PK 233.7 a 237.5)
Alicante/Alacant,N-332,120.6,122807,6449.0,350.0,5.43,N-332 (PK 120.6 a 122.807)
Alicante/Alacant,N-332,122807,137.4,7997.0,333.0,4.16,N-332 (PK 122.807 a 137.4)
Teruel,N-234,93.0,96.53,382.0,69.0,18.06,N-234 (PK 93.0 a 96.53)
Lleida,N-230,116.2,119.48,3363.0,319.0,9.49,N-230 (PK 116.2 a 119.48)
Valladolid,A-62,144.9,150.5,40018.0,7315.0,18.28,A-62 (PK 144.9 a 150.5)
Alicante/Alacant,N-332,47724,54.4,45590.0,1305.0,2.86,N-332 (PK 47.724 a 54.4)
Alicante/Alacant,N-332,44.4,47724,26112.0,992.0,3.8,N-332 (PK 44.4 a 47.724)
Castellón,N-340,992862,996.7,9174.0,264.0,2.88,N-340 (PK 992.862 a 996.7)
Castellón,N-340,987724,992862,10401.0,307.0,2.95,N-340 (PK 987.724 a 992.862)
Castellón,N-340,976.2,987724,17743.0,487.0,2.74,N-340 (PK 976.2 a 987.724)
Cantabria,N-611,121.2,126.5,547.0,55.0,10.05,N-611 (PK 121.2 a 126.5)
Cantabria,N-611,156.2,160.0,624.0,35.0,5.61,N-611 (PK 156.2 a 160.0)
Zamora,N-525,79.1,82.8,1125.0,109.0,9.69,N-525 (PK 79.1 a 82.8)
Zamora,N-525,0.0,1524,4841.0,318.0,6.57,N-525 (PK 0.0 a 1.524)
Zamora,N-525,1524,4.8,4526.0,297.0,6.56,N-525 (PK 1.524 a 4.8)
Cantabria,N-623,129.9,133.7,10758.0,640.0,5.95,N-623 (PK 129.9 a 133.7)
Castellón,N-340,1017675,1023717,6041.0,387.0,6.41,N-340 (PK 1017.675 a 1023.717)
Castellón,N-340,1023717,1030.85,3992.0,329.0,8.24,N-340 (PK 1023.717 a 1030.85)
Castellón,N-340,1030.85,1037.4,4673.0,398.0,8.52,N-340 (PK 1030.85 a 1037.4)
Castellón,N-340,1012.4,1017675,5941.0,477.0,8.03,N-340 (PK 1012.4 a 1017.675)
Zamora,A-66,276.6,281.2,10513.0,1885.0,17.93,A-66 (PK 276.6 a 281.2)
Zamora,N-525,26.9,30.7,1724.0,114.0,6.61,N-525 (PK 26.9 a 30.7)
Valladolid,VA-30,17.5,21.85,43034.0,3164.0,7.35,VA-30 (PK 17.5 a 21.85)
Barcelona,A-2,545.7,549.5,27059.0,5634.0,20.82,A-2 (PK 545.7 a 549.5)
Zamora,N-122,531.3,535.1,57.0,4.0,7.02,N-122 (PK 531.3 a 535.1)
Zamora,A-52,74.4,78.9,11364.0,2337.0,20.56,A-52 (PK 74.4 a 78.9)
Tarragona,N-340,1167.7,1171.4,10213.0,834.0,8.17,N-340 (PK 1167.7 a 1171.4)
Salamanca,N-630,332.0,336.0,4971.0,195.0,3.92,N-630 (PK 332.0 a 336.0)
Salamanca,N-501,69.7,73.3,391.0,45.0,11.51,N-501 (PK 69.7 a 73.3)
Valladolid,N-601,170.1,174.1,9958.0,1530.0,15.36,N-601 (PK 170.1 a 174.1)
Salamanca,N-630,375.5,379.9,591.0,42.0,7.11,N-630 (PK 375.5 a 379.9)
Cantabria,N-611,168.8,172.2,1560.0,254.0,16.28,N-611 (PK 168.8 a 172.2)
Valladolid,N-122,405.3,410.1,386.0,105.0,27.2,N-122 (PK 405.3 a 410.1)
Soria,N-122,194.8,201.8,33.0,10.0,30.3,N-122 (PK 194.8 a 201.8)
Zamora,N-122,437.7,442.1,1577.0,245.0,15.54,N-122 (PK 437.7 a 442.1)
Salamanca,N-620,228.5,232.6,6704.0,548.0,8.17,N-620 (PK 228.5 a 232.6)
Zamora,N-122,412.7,417.64,397.0,55.0,13.85,N-122 (PK 412.7 a 417.64)
Zamora,A-11,462.7,466.5,4782.0,1137.0,23.78,A-11 (PK 462.7 a 466.5)
Salamanca,N-501,79.7,83.8,3786.0,172.0,4.54,N-501 (PK 79.7 a 83.8)
Zamora,A-66,281.2,289.3,10305.0,1303.0,12.64,A-66 (PK 281.2 a 289.3)
Zamora,N-610,77.1,81.5,1724.0,814.0,47.22,N-610 (PK 77.1 a 81.5)
Cantabria,A-8,147.1,151.0,39549.0,4394.0,11.11,A-8 (PK 147.1 a 151.0)
Salamanca,N-501,63.3,69.1,391.0,45.0,11.51,N-501 (PK 63.3 a 69.1)
Salamanca,A-66,409.7,414.0,13134.0,2650.0,20.18,A-66 (PK 409.7 a 414.0)
Salamanca,N-620,245.4,249.3,482.0,39.0,8.09,N-620 (PK 245.4 a 249.3)
Valencia,N-330,136.4,149.5,1411.0,109.0,7.73,N-330 (PK 136.4 a 149.5)
Girona,N-260A,53.15,56855,109.0,35.0,32.11,N-260A (PK 53.15 a 56.855)
Cantabria,A-67,122.0,125.9,20790.0,2134.0,10.26,A-67 (PK 122.0 a 125.9)
Valladolid,N-601,270.6,274.98,2975.0,129.0,4.34,N-601 (PK 270.6 a 274.98)
Barcelona,A-2,571.4,575.5,45715.0,7089.0,15.51,A-2 (PK 571.4 a 575.5)
Soria,N-111,231886,234.7,4102.0,319.0,7.78,N-111 (PK 231.886 a 234.7)
Soria,N-111,228.5,231886,8067.0,628.0,7.78,N-111 (PK 228.5 a 231.886)
Salamanca,A-66,321.8,325.8,9797.0,1217.0,12.42,A-66 (PK 321.8 a 325.8)
Salamanca,N-620,269.2,273.2,671.0,27.0,4.02,N-620 (PK 269.2 a 273.2)
Zamora,N-122A,535.2,538.17,57.0,4.0,7.02,N-122A (PK 535.2 a 538.17)
Valladolid,A-6,174.6,178.7,20867.0,3708.0,17.77,A-6 (PK 174.6 a 178.7)
Soria,N-122,123.7,127.6,3938.0,1168.0,29.66,N-122 (PK 123.7 a 127.6)
Huesca,N-330A,666.75,673.3,504.0,49.0,9.72,N-330A (PK 666.75 a 673.3)
Alicante/Alacant,N-332,168.0,175.6,6395.0,375.0,5.86,N-332 (PK 168.0 a 175.6)
Ciudad Real,N-502,286.6,308.3,613.0,40.0,6.53,N-502 (PK 286.6 a 308.3)
Salamanca,N-630,326.5,330.7,2547.0,100.0,3.93,N-630 (PK 326.5 a 330.7)
Cantabria,N-623,109.2,112.9,2847.0,196.0,6.88,N-623 (PK 109.2 a 112.9)
Cantabria,N-629,80.6,84.1,9425.0,302.0,3.2,N-629 (PK 80.6 a 84.1)
Lleida,A-2,509.5,513.6,31676.0,7262.0,22.93,A-2 (PK 509.5 a 513.6)
Tarragona,N-240,42.0,46.0,2317.0,146.0,6.3,N-240 (PK 42.0 a 46.0)
Lleida,N-230,125.3,129.1,3686.0,763.0,20.7,N-230 (PK 125.3 a 129.1)
Lleida,A-2,526.5,530722,25200.0,5431.0,21.55,A-2 (PK 526.5 a 530.722)
Zamora,N-630,290.0,294.8,268.0,41.0,15.3,N-630 (PK 290.0 a 294.8)
Granada,N-340,338666,351.9,5470.0,277.0,5.06,N-340 (PK 338.666 a 351.9)
Granada,N-340,334.4,338666,9169.0,338.0,3.69,N-340 (PK 334.4 a 338.666)
Tarragona,A-7,1160.6,1162.28,52892.0,1733.0,3.28,A-7 (PK 1160.6 a 1162.28)
Tarragona,A-7,1162.28,1164.5,42737.0,1828.0,4.28,A-7 (PK 1162.28 a 1164.5)
Salamanca,N-630,382.1,386.3,591.0,42.0,7.11,N-630 (PK 382.1 a 386.3)
Salamanca,N-620,255.9,259.8,671.0,27.0,4.02,N-620 (PK 255.9 a 259.8)
Zamora,N-122,459.9,464.2,5201.0,1088.0,20.92,N-122 (PK 459.9 a 464.2)
Soria,N-122,127.7,131.9,3938.0,1168.0,29.66,N-122 (PK 127.7 a 131.9)
Cádiz,N-340,81.35,102.4,12083.0,572.0,4.73,N-340 (PK 81.35 a 102.4)
Salamanca,N-620,308.77,312.9,383.0,28.0,7.31,N-620 (PK 308.77 a 312.9)
Valladolid,N-122,395.8,400.2,386.0,105.0,27.2,N-122 (PK 395.8 a 400.2)
Zamora,N-122,522.0,526.2,3701.0,1211.0,32.72,N-122 (PK 522.0 a 526.2)
Barcelona,A-2,549.5,553.7,40571.0,6711.0,16.54,A-2 (PK 549.5 a 553.7)
Tarragona,A-27,8.8,12.65,28020.0,3000.0,10.71,A-27 (PK 8.8 a 12.65)
Salamanca,A-62,218.9,224.4,14730.0,4172.0,28.32,A-62 (PK 218.9 a 224.4)
Valladolid,A-6,196.3,201.5,18882.0,3669.0,19.43,A-6 (PK 196.3 a 201.5)
Soria,A-15,55.4,61.7,9356.0,911.0,9.74,A-15 (PK 55.4 a 61.7)
Soria,N-234,309.0,314.1,1665.0,397.0,23.84,N-234 (PK 309.0 a 314.1)
Lleida,A-22,12.1,16.4,10441.0,1877.0,17.98,A-22 (PK 12.1 a 16.4)
Teruel,N-330,274.6,287.9,1366.0,208.0,15.23,N-330 (PK 274.6 a 287.9)
Zamora,N-525,22.5,26.9,1468.0,142.0,9.67,N-525 (PK 22.5 a 26.9)
Cantabria,A-67,182.55,186.6,51765.0,3506.0,6.77,A-67 (PK 182.55 a 186.6)
Barcelona,B-24,1.4,7.6,25435.0,1665.0,6.55,B-24 (PK 1.4 a 7.6)
Soria,N-110,80.9,85.8,1448.0,206.0,14.23,N-110 (PK 80.9 a 85.8)
Granada,N-323,168.5,175.2,1244.0,43.0,3.46,N-323 (PK 168.5 a 175.2)
Zamora,N-122,484.5,488.9,3846.0,1076.0,27.98,N-122 (PK 484.5 a 488.9)
Soria,N-122,110.4,114.8,7159.0,740.0,10.34,N-122 (PK 110.4 a 114.8)
Valladolid,N-601,251.8,256.3,2438.0,701.0,28.75,N-601 (PK 251.8 a 256.3)
Soria,N-122,242.8,247.06,148.0,45.0,30.41,N-122 (PK 242.8 a 247.06)
Lleida,N-240,74.5,78.9,7879.0,662.0,8.4,N-240 (PK 74.5 a 78.9)
Cantabria,S-10,2.8,7.0,84847.0,3066.0,3.61,S-10 (PK 2.8 a 7.0)
Huesca,N-230,133.61,149.12,3158.0,344.0,10.89,N-230 (PK 133.61 a 149.12)
Tarragona,N-420,831.5,836.0,6451.0,577.0,8.94,N-420 (PK 831.5 a 836.0)
Valladolid,N-620,163.3,167.6,247.0,51.0,20.65,N-620 (PK 163.3 a 167.6)
Cantabria,N-634,260.6,265.2,1351.0,84.0,6.22,N-634 (PK 260.6 a 265.2)
Soria,N-122,171.7,176.2,33.0,10.0,30.3,N-122 (PK 171.7 a 176.2)
Salamanca,N-620,222.8,228.5,1720.0,356.0,20.7,N-620 (PK 222.8 a 228.5)
Tarragona,A-7,1146.3,1150.8,40096.0,2667.0,6.65,A-7 (PK 1146.3 a 1150.8)
Zamora,N-631,0.0,5.0,2971.0,520.0,17.5,N-631 (PK 0.0 a 5.0)
Granada,A-44,83.6,88.5,23777.0,3794.0,15.96,A-44 (PK 83.6 a 88.5)
Zamora,N-610,87.79,93.2,1658.0,783.0,47.23,N-610 (PK 87.79 a 93.2)
Barcelona,N-2,682.0,686.38,23972.0,1831.0,7.64,N-2 (PK 682.0 a 686.38)
Salamanca,N-620,259.8,266.8,671.0,27.0,4.02,N-620 (PK 259.8 a 266.8)
Málaga,A-45,122.2,140.3,41205.0,4809.0,11.67,A-45 (PK 122.2 a 140.3)
Soria,N-113,51.35,56.0,4326.0,1879.0,43.44,N-113 (PK 51.35 a 56.0)
Valladolid,N-601,212.4,218.3,7001.0,714.0,10.2,N-601 (PK 212.4 a 218.3)
Barcelona,A-2,563.8,568.3,40893.0,6929.0,16.94,A-2 (PK 563.8 a 568.3)
Soria,N-122,133.3,138.0,3938.0,1168.0,29.66,N-122 (PK 133.3 a 138.0)
Valladolid,A-6,189.2,195.6,18882.0,3669.0,19.43,A-6 (PK 189.2 a 195.6)
Cantabria,A-8,142.6,147.1,50333.0,2543.0,5.05,A-8 (PK 142.6 a 147.1)
Tarragona,A-7,1168.3,1171.88,25504.0,1373.0,5.38,A-7 (PK 1168.3 a 1171.88)
Cantabria,S-10,7.0,9007,47717.0,2500.0,5.24,S-10 (PK 7.0 a 9.007)
Cantabria,S-10,9007,11.7,46668.0,3773.0,8.08,S-10 (PK 9.007 a 11.7)
Salamanca,N-630A,403577,408.2,928.0,15.0,1.62,N-630A (PK 403.577 a 408.2)
Soria,N-122,179.8,184.4,33.0,10.0,30.3,N-122 (PK 179.8 a 184.4)
Lleida,N-230,164.7,169.0,5439.0,517.0,9.51,N-230 (PK 164.7 a 169.0)
Castellón,N-232,76.1,77.4,2127.0,271.0,12.74,N-232 (PK 76.1 a 77.4)
Zamora,N-525,43.4,48.5,2687.0,177.0,6.59,N-525 (PK 43.4 a 48.5)
Zamora,N-122,488.9,493.7,3846.0,1076.0,27.98,N-122 (PK 488.9 a 493.7)
Salamanca,N-630,321.9,326.5,2547.0,100.0,3.93,N-630 (PK 321.9 a 326.5)
Cantabria,N-629,76.3,80.6,9425.0,302.0,3.2,N-629 (PK 76.3 a 80.6)
Ciudad Real,N-420,93.2,114.66,2049.0,254.0,12.4,N-420 (PK 93.2 a 114.66)
Ciudad Real,N-420,114.66,133.1,1434.0,207.0,14.44,N-420 (PK 114.66 a 133.1)
Tarragona,A-7,1164.5,1168.3,25504.0,1373.0,5.38,A-7 (PK 1164.5 a 1168.3)
Valladolid,A-62,158.0,162.7,14966.0,4290.0,28.66,A-62 (PK 158.0 a 162.7)
Zamora,N-630,262.1,268.5,784.0,92.0,11.73,N-630 (PK 262.1 a 268.5)
Valladolid,N-601,204.7,212.4,7001.0,714.0,10.2,N-601 (PK 204.7 a 212.4)
Soria,N-234,393.7,398.5,2761.0,251.0,9.09,N-234 (PK 393.7 a 398.5)
Cantabria,A-8,202.3,209.8,20268.0,3164.0,15.61,A-8 (PK 202.3 a 209.8)
Salamanca,N-620,217.6,222.4,1257.0,102.0,8.11,N-620 (PK 217.6 a 222.4)
Lleida,N-230,129.1,133.61,3158.0,344.0,10.89,N-230 (PK 129.1 a 133.61)
Soria,N-110,75.6,80.9,1448.0,206.0,14.23,N-110 (PK 75.6 a 80.9)
Cantabria,N-634,249.9,254.5,2384.0,76.0,3.19,N-634 (PK 249.9 a 254.5)
Tarragona,A-7,1138.0,1142.8,15682.0,1257.0,8.02,A-7 (PK 1138.0 a 1142.8)
Lleida,A-2,519.5,524.5,25200.0,5431.0,21.55,A-2 (PK 519.5 a 524.5)
Zamora,N-122,419.54,424.24,397.0,55.0,13.85,N-122 (PK 419.54 a 424.24)
Barcelona,A-2,532.5,537.6,26640.0,5604.0,21.04,A-2 (PK 532.5 a 537.6)
Zamora,A-11,412.1,417.1,7629.0,1607.0,21.06,A-11 (PK 412.1 a 417.1)
Cantabria,A-8,188.1,193.2,39122.0,4807.0,12.29,A-8 (PK 188.1 a 193.2)
Alicante/Alacant,N-325,9.0,20.15,2206.0,135.0,6.12,N-325 (PK 9.0 a 20.15)
Cantabria,N-621,151.1,156.3,3803.0,191.0,5.02,N-621 (PK 151.1 a 156.3)
Cantabria,N-629,53.3,57.9,1482.0,74.0,4.99,N-629 (PK 53.3 a 57.9)
Soria,N-122,115.3,120.4,3938.0,1168.0,29.66,N-122 (PK 115.3 a 120.4)
Valladolid,N-620,158.4,163.3,1560.0,323.0,20.71,N-620 (PK 158.4 a 163.3)
Cantabria,N-611,130.6,135.4,928.0,92.0,9.91,N-611 (PK 130.6 a 135.4)
Salamanca,N-620,335.7,340.7,223.0,17.0,7.62,N-620 (PK 335.7 a 340.7)
Salamanca,A-62,251.0,257.4,8847.0,2981.0,33.7,A-62 (PK 251.0 a 257.4)
Cantabria,A-8,243.7,248.7,24366.0,2339.0,9.6,A-8 (PK 243.7 a 248.7)
Zamora,N-525,94.9,101.9,373.0,37.0,9.92,N-525 (PK 94.9 a 101.9)
Tarragona,N-340,1108.0,1113.1,5558.0,300.0,5.4,N-340 (PK 1108.0 a 1113.1)
Cantabria,A-8,258.0,263.3,17904.0,2998.0,16.74,A-8 (PK 258.0 a 263.3)
Soria,A-15,100.3,105.7,7821.0,3142.0,40.17,A-15 (PK 100.3 a 105.7)
Alicante/Alacant,N-332,179625,189.4,5622.0,423.0,7.52,N-332 (PK 179.625 a 189.4)
Alicante/Alacant,N-332,178.7,179625,12010.0,894.0,7.44,N-332 (PK 178.7 a 179.625)
Lleida,N-260,199.3,204.2,6070.0,431.0,7.1,N-260 (PK 199.3 a 204.2)
Barcelona,A-2,587.0,592.2,96037.0,12263.0,12.77,A-2 (PK 587.0 a 592.2)
Lleida,N-240,69.3,74.5,7879.0,662.0,8.4,N-240 (PK 69.3 a 74.5)
Zamora,N-122,470.1,478.1,5201.0,1088.0,20.92,N-122 (PK 470.1 a 478.1)
Zamora,N-122,464.2,470.1,5201.0,1088.0,20.92,N-122 (PK 464.2 a 470.1)
Cantabria,A-8,176.8,182.3,39122.0,4807.0,12.29,A-8 (PK 176.8 a 182.3)
Salamanca,N-620,285.7,291.2,487.0,101.0,20.74,N-620 (PK 285.7 a 291.2)
Zamora,N-630,255.6,262.1,784.0,92.0,11.73,N-630 (PK 255.6 a 262.1)
Salamanca,A-66,416.9,422.9,12510.0,2533.0,20.25,A-66 (PK 416.9 a 422.9)
Soria,N-2,161.1,167.4,183.0,44.0,24.04,N-2 (PK 161.1 a 167.4)
Barcelona,B-23,10.64,15.49,124869.0,16544.0,13.25,B-23 (PK 10.64 a 15.49)
Lleida,N-260,308.7,314.1,1929.0,95.0,4.92,N-260 (PK 308.7 a 314.1)
Soria,N-122,142.7,148.07,4261.0,1242.0,29.15,N-122 (PK 142.7 a 148.07)
Barcelona,B-23,0.2,5.9,101697.0,2908.0,2.86,B-23 (PK 0.2 a 5.9)
Soria,N-111,253.5,260.3,1843.0,313.0,16.98,N-111 (PK 253.5 a 260.3)
Soria,N-234,360.8,366.7,3866.0,632.0,16.35,N-234 (PK 360.8 a 366.7)
Soria,N-111A,260275,266.0,32.0,4.0,12.5,N-111A (PK 260.275 a 266.0)
Valladolid,N-122,400.2,405.3,386.0,105.0,27.2,N-122 (PK 400.2 a 405.3)
Ciudad Real,N-430,203.8,229.4,1938.0,719.0,37.1,N-430 (PK 203.8 a 229.4)
Cantabria,N-611,163.8,168.8,1300.0,151.0,11.62,N-611 (PK 163.8 a 168.8)
Salamanca,A-66,386.9,392.8,11947.0,2694.0,22.55,A-66 (PK 386.9 a 392.8)
Soria,N-234,379.3,385.0,2761.0,251.0,9.09,N-234 (PK 379.3 a 385.0)
Zamora,N-525,16.1,22.5,1468.0,142.0,9.67,N-525 (PK 16.1 a 22.5)
Soria,N-234,398.5,404.0,2899.0,459.0,15.83,N-234 (PK 398.5 a 404.0)
Salamanca,A-50,75.7,82.8,9928.0,1337.0,13.47,A-50 (PK 75.7 a 82.8)
Salamanca,A-50,86.3,95.8,12775.0,1536.0,12.02,A-50 (PK 86.3 a 95.8)
Tarragona,N-340,1133.02,1138.9,2516.0,93.0,3.7,N-340 (PK 1133.02 a 1138.9)
Valladolid,N-610,45.3,53.1,1841.0,646.0,35.09,N-610 (PK 45.3 a 53.1)
Barcelona,B-10,12.29,17.4,80227.0,6522.0,8.13,B-10 (PK 12.29 a 17.4)
Lleida,N-260,341.9,347.23,846.0,27.0,3.19,N-260 (PK 341.9 a 347.23)
Tarragona,N-420,795.3,801.0,3988.0,429.0,10.76,N-420 (PK 795.3 a 801.0)
Valladolid,A-6,140.7,146.8,21055.0,3878.0,18.42,A-6 (PK 140.7 a 146.8)
Cantabria,A-8,162.6,168.2,37652.0,4664.0,12.39,A-8 (PK 162.6 a 168.2)
Soria,N-2,154.5,161.1,183.0,44.0,24.04,N-2 (PK 154.5 a 161.1)
Zamora,N-122,500.1,506.6,4216.0,881.0,20.9,N-122 (PK 500.1 a 506.6)
Soria,N-111,164.1,174.1,42.0,3.0,7.14,N-111 (PK 164.1 a 174.1)
Cantabria,N-634,234.6,240.6,4124.0,132.0,3.2,N-634 (PK 234.6 a 240.6)
Salamanca,N-620,209.1,215.5,541.0,42.0,7.76,N-620 (PK 209.1 a 215.5)
Cantabria,A-67,186.6,192.4,70017.0,2910.0,4.16,A-67 (PK 186.6 a 192.4)
Lleida,N-260,227.5,233.93,15671.0,1153.0,7.36,N-260 (PK 227.5 a 233.93)
Zamora,N-610,93.2,99.09,3068.0,1077.0,35.1,N-610 (PK 93.2 a 99.09)
Valladolid,N-610,38.5,44.8,2220.0,779.0,35.09,N-610 (PK 38.5 a 44.8)
Salamanca,A-62,343.8,351.8,7675.0,3048.0,39.71,A-62 (PK 343.8 a 351.8)
Asturias,N-632A,135.05,146909,177.0,8.0,4.52,N-632A (PK 135.05 a 146.909)
Asturias,N-632A,146909,155.2,369.0,18.0,4.88,N-632A (PK 146.909 a 155.2)
Cantabria,A-8,182.3,188.1,39122.0,4807.0,12.29,A-8 (PK 182.3 a 188.1)
Cantabria,N-629,48.0,53.3,1482.0,74.0,4.99,N-629 (PK 48.0 a 53.3)
Tarragona,N-340,1181.8,1188.3,18900.0,687.0,3.63,N-340 (PK 1181.8 a 1188.3)
Valladolid,N-601,142.0,148.2,3477.0,1102.0,31.69,N-601 (PK 142.0 a 148.2)
Tarragona,N-340,1073.7,1079.8,13431.0,1095.0,8.15,N-340 (PK 1073.7 a 1079.8)
Tarragona,N-420A,851725,856805,15.0,1.0,6.67,N-420A (PK 851.725 a 856.805)
Soria,N-113,56.4,62.78,4326.0,1879.0,43.44,N-113 (PK 56.4 a 62.78)
Zamora,N-630,220.3,228.8,397.0,53.0,13.35,N-630 (PK 220.3 a 228.8)
Málaga,A-7,1056.3,1068.6,51046.0,2937.0,5.75,A-7 (PK 1056.3 a 1068.6)
Valladolid,N-601,148.3,155.2,5102.0,1355.0,26.56,N-601 (PK 148.3 a 155.2)
Salamanca,A-62,224.4,233.7,19816.0,4967.0,25.07,A-62 (PK 224.4 a 233.7)
Valladolid,A-62,101.9,109.1,34435.0,7233.0,21.0,A-62 (PK 101.9 a 109.1)
Lleida,N-260,318.7,325.0,1929.0,95.0,4.92,N-260 (PK 318.7 a 325.0)
Soria,N-122,165.2,171.7,5274.0,1746.0,33.11,N-122 (PK 165.2 a 171.7)
Soria,N-234,386.8,393.7,2761.0,251.0,9.09,N-234 (PK 386.8 a 393.7)
Cantabria,N-611,140.2,146.2,624.0,35.0,5.61,N-611 (PK 140.2 a 146.2)
Lleida,A-14,8.0,16.3,6046.0,820.0,13.56,A-14 (PK 8.0 a 16.3)
Lleida,A-2,445.7,450.9,15050.0,4907.0,32.6,A-2 (PK 445.7 a 450.9)
Salamanca,N-620,340.7,348.6,223.0,17.0,7.62,N-620 (PK 340.7 a 348.6)
Castellón,N-232,37.2,48.3,3722.0,640.0,17.2,N-232 (PK 37.2 a 48.3)
Zamora,N-122,446.4,453.6,4368.0,694.0,15.89,N-122 (PK 446.4 a 453.6)
Valencia,A-35,11.0,22.8,19682.0,6929.0,35.2,A-35 (PK 11.0 a 22.8)
Zamora,N-631,15.1,22.1,2637.0,325.0,12.32,N-631 (PK 15.1 a 22.1)
Valladolid,A-6,202.5,209.1,18882.0,3669.0,19.43,A-6 (PK 202.5 a 209.1)
Barcelona,B-20,16.45,23.5,112258.0,5226.0,4.66,B-20 (PK 16.45 a 23.5)
Cantabria,N-611,150.0,156.2,624.0,35.0,5.61,N-611 (PK 150.0 a 156.2)
Huesca,N-260A,480.3,482.5,1127.0,17.0,1.51,N-260A (PK 480.3 a 482.5)
Granada,A-44,88.5,96.6,23777.0,3794.0,15.96,A-44 (PK 88.5 a 96.6)
Valladolid,N-601,245.0,251.7,2438.0,701.0,28.75,N-601 (PK 245.0 a 251.7)
Cantabria,N-634,268.1,275.4,4577.0,379.0,8.28,N-634 (PK 268.1 a 275.4)
Salamanca,A-62,275.2,281.8,9760.0,2046.0,20.96,A-62 (PK 275.2 a 281.8)
Lleida,A-2,477.2,484.2,35780.0,8309.0,23.22,A-2 (PK 477.2 a 484.2)
Valladolid,N-122,334.8,341.9,7307.0,1838.0,25.15,N-122 (PK 334.8 a 341.9)
Cantabria,A-67,125.9,132.8,20790.0,2134.0,10.26,A-67 (PK 125.9 a 132.8)
Zamora,N-525,6.0,13.4,2830.0,144.0,5.09,N-525 (PK 6.0 a 13.4)
Girona,N-260,137.4,155.4,518.0,66.0,12.74,N-260 (PK 137.4 a 155.4)
Valladolid,A-6,149.0,155.9,21055.0,3878.0,18.42,A-6 (PK 149.0 a 155.9)
Soria,A-11,53.0,60.6,4205.0,1702.0,40.48,A-11 (PK 53.0 a 60.6)
Salamanca,A-66,325.8,332.8,9797.0,1217.0,12.42,A-66 (PK 325.8 a 332.8)
Salamanca,N-630A,416.3,423.49,928.0,15.0,1.62,N-630A (PK 416.3 a 423.49)
Tarragona,N-340,1089.2,1096.0,16245.0,4683.0,28.83,N-340 (PK 1089.2 a 1096.0)
Lleida,A-2,470.6,477.2,40823.0,13953.0,34.18,A-2 (PK 470.6 a 477.2)
Zamora,A-11,417.1,424.4,7629.0,1607.0,21.06,A-11 (PK 417.1 a 424.4)
Salamanca,A-66,379.7,386.9,11947.0,2694.0,22.55,A-66 (PK 379.7 a 386.9)
Cantabria,A-67,158.8,167.2,17886.0,2537.0,14.18,A-67 (PK 158.8 a 167.2)
Salamanca,A-62,243.9,251.0,10943.0,3098.0,28.31,A-62 (PK 243.9 a 251.0)
Castellón,N-232,63.6,70.9,2127.0,271.0,12.74,N-232 (PK 63.6 a 70.9)
Salamanca,N-620,328249,335.7,223.0,17.0,7.62,N-620 (PK 328.249 a 335.7)
Castellón,N-232A,79.75,83.7,28.0,4.0,14.29,N-232A (PK 79.75 a 83.7)
Tarragona,N-340,1121.9,1128.82,2516.0,93.0,3.7,N-340 (PK 1121.9 a 1128.82)
Cantabria,N-623,115.2,122.6,5184.0,372.0,7.18,N-623 (PK 115.2 a 122.6)
Zamora,A-11,447.7,455.82,8893.0,2095.0,23.56,A-11 (PK 447.7 a 455.82)
Cantabria,N-611,189.7,196.3,3745.0,241.0,6.44,N-611 (PK 189.7 a 196.3)
Barcelona,A-2,556.6,563.8,40893.0,6929.0,16.94,A-2 (PK 556.6 a 563.8)
Salamanca,A-62,315.1,324.8,9534.0,1999.0,20.97,A-62 (PK 315.1 a 324.8)
Lleida,A-2,494.8,501.6,35134.0,8719.0,24.82,A-2 (PK 494.8 a 501.6)
Zamora,A-62,195.2,202.7,12998.0,4286.0,32.97,A-62 (PK 195.2 a 202.7)
Cantabria,N-621,141.0,148.1,922.0,46.0,4.99,N-621 (PK 141.0 a 148.1)
Zamora,A-52,91.4,99.0,11421.0,2856.0,25.01,A-52 (PK 91.4 a 99.0)
Zamora,A-6,226.8,234.5,16294.0,3288.0,20.18,A-6 (PK 226.8 a 234.5)
Valladolid,N-601,157.4,165.0,5102.0,1355.0,26.56,N-601 (PK 157.4 a 165.0)
Soria,A-15,43.6,55.4,5415.0,596.0,11.01,A-15 (PK 43.6 a 55.4)
Salamanca,N-620,292.5,300.0,969.0,200.0,20.64,N-620 (PK 292.5 a 300.0)
Cantabria,N-621,156.3,163.7,2827.0,150.0,5.31,N-621 (PK 156.3 a 163.7)
Zamora,A-52,99.0,101492,11421.0,2856.0,25.01,A-52 (PK 99.0 a 101.492)
Zamora,A-52,101492,106.4,11019.0,3043.0,27.62,A-52 (PK 101.492 a 106.4)
Zamora,N-630,205.3,211004,2406.0,321.0,13.34,N-630 (PK 205.3 a 211.004)
Zamora,N-630,211004,213.6,4871.0,569.0,11.68,N-630 (PK 211.004 a 213.6)
Salamanca,A-66,371.8,379.7,15184.0,2720.0,17.91,A-66 (PK 371.8 a 379.7)
Tarragona,N-340,1113.1,1120.7,5558.0,300.0,5.4,N-340 (PK 1113.1 a 1120.7)
Valladolid,A-11,347.0,354.0,20144.0,2079.0,10.32,A-11 (PK 347.0 a 354.0)
Soria,A-15,13.4,23.2,6223.0,1963.0,31.54,A-15 (PK 13.4 a 23.2)
Tarragona,A-7,1122.16,1129.3,4309.0,175.0,4.06,A-7 (PK 1122.16 a 1129.3)
Salamanca,N-630,363.2,371.4,285.0,12.0,4.21,N-630 (PK 363.2 a 371.4)
Soria,N-111,244.6,253.5,2799.0,379.0,13.54,N-111 (PK 244.6 a 253.5)
Valladolid,N-601,261.2,269.2,3059.0,796.0,26.02,N-601 (PK 261.2 a 269.2)
Salamanca,A-66,363.8,371.8,15184.0,2720.0,17.91,A-66 (PK 363.8 a 371.8)
Girona,N-260,155.4,174.8,270.0,12.0,4.44,N-260 (PK 155.4 a 174.8)
Lleida,N-260,215.6,223.5,6070.0,431.0,7.1,N-260 (PK 215.6 a 223.5)
Zamora,N-122,435982,437.7,1577.0,245.0,15.54,N-122 (PK 435.982 a 437.7)
Zamora,N-122,428.5,435982,1511.0,234.0,15.49,N-122 (PK 428.5 a 435.982)
Barcelona,A-2,537.6,545.7,27059.0,5634.0,20.82,A-2 (PK 537.6 a 545.7)
Salamanca,A-62,331.5,339.0,7675.0,3048.0,39.71,A-62 (PK 331.5 a 339.0)
Lleida,A-2,484.2,492.4,33150.0,8730.0,26.33,A-2 (PK 484.2 a 492.4)
Jaén,A-44,58.7,77.0,23105.0,3741.0,16.19,A-44 (PK 58.7 a 77.0)
Cantabria,A-8,248.7,258.0,24366.0,2339.0,9.6,A-8 (PK 248.7 a 258.0)
Lleida,N-240,78.9,87.4,7308.0,589.0,8.06,N-240 (PK 78.9 a 87.4)
Guadalajara,N-211,4.2,16.6,2288.0,416.0,18.18,N-211 (PK 4.2 a 16.6)
Lleida,N-145,0.5,9.7,15609.0,764.0,4.89,N-145 (PK 0.5 a 9.7)
Tarragona,N-420,840.0,848.6,6201.0,667.0,10.76,N-420 (PK 840.0 a 848.6)
Valladolid,N-601,180.38,184.7,48449.0,4674.0,9.65,N-601 (PK 180.38 a 184.7)
Valladolid,N-601,177.0,180.38,25116.0,2437.0,9.7,N-601 (PK 177.0 a 180.38)
Tarragona,N-340,1065.3,1073.7,7612.0,612.0,8.04,N-340 (PK 1065.3 a 1073.7)
Cantabria,A-67,135.5,143.9,17276.0,1946.0,11.26,A-67 (PK 135.5 a 143.9)
Salamanca,N-501,53.8,63.3,391.0,45.0,11.51,N-501 (PK 53.8 a 63.3)
Castellón,N-232,70.9,76.1,2127.0,271.0,12.74,N-232 (PK 70.9 a 76.1)
Cantabria,A-8,263.3,272.0,17904.0,2998.0,16.74,A-8 (PK 263.3 a 272.0)
Zamora,N-631,22.6,32.1,2103.0,259.0,12.32,N-631 (PK 22.6 a 32.1)
Valladolid,N-610,61.3,71.3,1493.0,705.0,47.22,N-610 (PK 61.3 a 71.3)
Valladolid,N-122,298.1,307.4,5767.0,2012.0,34.89,N-122 (PK 298.1 a 307.4)
Zamora,A-66,196.3,205.5,9189.0,1746.0,19.0,A-66 (PK 196.3 a 205.5)
Lleida,N-240,103.6,112.4,2383.0,238.0,9.99,N-240 (PK 103.6 a 112.4)
Valladolid,N-620,183.9,193.0,209.0,32.0,15.31,N-620 (PK 183.9 a 193.0)
Zamora,A-6,266.9,276.4,7908.0,1796.0,22.71,A-6 (PK 266.9 a 276.4)
Lleida,A-2,450.9,458.7,15050.0,4907.0,32.6,A-2 (PK 450.9 a 458.7)
Salamanca,N-620,312.9,322.35,383.0,28.0,7.31,N-620 (PK 312.9 a 322.35)
Tarragona,N-420,812.1,821.7,3837.0,375.0,9.77,N-420 (PK 812.1 a 821.7)
Zamora,N-631,36.3,47.5,1859.0,229.0,12.32,N-631 (PK 36.3 a 47.5)
Lleida,N-230,178.1,181859,4938.0,504.0,10.21,N-230 (PK 178.1 a 181.859)
Lleida,N-230,181859,187.09,3938.0,367.0,9.32,N-230 (PK 181.859 a 187.09)
Zamora,A-11,438.0,447.7,7226.0,1502.0,20.79,A-11 (PK 438.0 a 447.7)
Salamanca,A-50,59.3,68.9,8065.0,1291.0,16.01,A-50 (PK 59.3 a 68.9)
Salamanca,A-62,257.4,268.5,8847.0,2981.0,33.7,A-62 (PK 257.4 a 268.5)
Tarragona,N-240,24.6,31.5,4573.0,627.0,13.71,N-240 (PK 24.6 a 31.5)
Lleida,N-230,169.0,178.1,5439.0,517.0,9.51,N-230 (PK 169.0 a 178.1)
Lleida,N-141,0.0,8.35,662.0,18.0,2.72,N-141 (PK 0.0 a 8.35)
Zamora,A-66,289.3,295321,9650.0,1212.0,12.56,A-66 (PK 289.3 a 295.321)
Zamora,A-66,295321,306.4,8693.0,1258.0,14.47,A-66 (PK 295.321 a 306.4)
Valladolid,N-601,218.3,230.2,5823.0,677.0,11.63,N-601 (PK 218.3 a 230.2)
Valladolid,N-620,167.6,177.5,247.0,51.0,20.65,N-620 (PK 167.6 a 177.5)
Zamora,N-630,295.8,306.0,268.0,41.0,15.3,N-630 (PK 295.8 a 306.0)
Valladolid,A-6,159.9,169.8,24687.0,4375.0,17.72,A-6 (PK 159.9 a 169.8)
Soria,N-234,366.7,378.6,3510.0,320.0,9.12,N-234 (PK 366.7 a 378.6)
Tarragona,N-420,850.9,864.8,10291.0,1108.0,10.77,N-420 (PK 850.9 a 864.8)
Salamanca,N-630,309.4,320.1,382.0,58.0,15.18,N-630 (PK 309.4 a 320.1)
Tarragona,N-420,801.5,812.1,3988.0,429.0,10.76,N-420 (PK 801.5 a 812.1)
Cantabria,N-623,96.1,106.6,1843.0,115.0,6.24,N-623 (PK 96.1 a 106.6)
Salamanca,A-62,281.8,292.8,9760.0,2046.0,20.96,A-62 (PK 281.8 a 292.8)
Lleida,N-240,55.4,66.0,3122.0,201.0,6.44,N-240 (PK 55.4 a 66.0)
Tarragona,N-340,1097.2,1097869,9038.0,755.0,8.35,N-340 (PK 1097.2 a 1097.869)
Tarragona,N-340,1097869,1108.0,4770.0,443.0,9.29,N-340 (PK 1097.869 a 1108.0)
Tarragona,A-7,1129.3,1138.0,15800.0,1190.0,7.53,A-7 (PK 1129.3 a 1138.0)
Cantabria,A-8,237846,243.7,29982.0,2016.0,6.72,A-8 (PK 237.846 a 243.7)
Cantabria,A-8,231561,237846,38282.0,4207.0,10.99,A-8 (PK 231.561 a 237.846)
Cantabria,A-8,229.9,231561,43658.0,3445.0,7.89,A-8 (PK 229.9 a 231.561)
Zamora,A-11,424.4,438.0,7226.0,1502.0,20.79,A-11 (PK 424.4 a 438.0)
Soria,A-2,153.9,169.5,13494.0,5542.0,41.07,A-2 (PK 153.9 a 169.5)
Lleida,N-260,204.5,215.6,6070.0,431.0,7.1,N-260 (PK 204.5 a 215.6)
Barcelona,N-340,1229.07,1234.5,8529.0,531.0,6.23,N-340 (PK 1229.07 a 1234.5)
Barcelona,N-340,1222.4,1229.07,6721.0,384.0,5.71,N-340 (PK 1222.4 a 1229.07)
Zamora,A-52,78.9,91.4,11364.0,2337.0,20.56,A-52 (PK 78.9 a 91.4)
Valladolid,A-62,180.4,192.85,13957.0,3878.0,27.79,A-62 (PK 180.4 a 192.85)
Salamanca,A-62,292.8,308.5,7726.0,2656.0,34.38,A-62 (PK 292.8 a 308.5)
Tarragona,N-420,781.4,794.4,1443.0,204.0,14.14,N-420 (PK 781.4 a 794.4)
Salamanca,A-62,205.41,218.9,13365.0,3784.0,28.31,A-62 (PK 205.41 a 218.9)
Valladolid,A-11,395.6,410.2,7650.0,1566.0,20.47,A-11 (PK 395.6 a 410.2)
Lleida,N-230,149.12,163.1,3281.0,680.0,20.73,N-230 (PK 149.12 a 163.1)
Cantabria,A-67,143.9,156501,14597.0,2466.0,16.89,A-67 (PK 143.9 a 156.501)
Cantabria,A-67,156501,158.8,15744.0,2212.0,14.05,A-67 (PK 156.501 a 158.8)
Valladolid,N-122,311.9,334.8,7307.0,1838.0,25.15,N-122 (PK 311.9 a 334.8)
Cantabria,N-621,121.7,135.9,648.0,32.0,4.94,N-621 (PK 121.7 a 135.9)
Zamora,A-6,235.8,254.5,18241.0,3444.0,18.88,A-6 (PK 235.8 a 254.5)
Valladolid,A-62,176.9,180.4,14225.0,4083.0,28.7,A-62 (PK 176.9 a 180.4)
Lleida,N-260,326.9,341.9,1929.0,95.0,4.92,N-260 (PK 326.9 a 341.9)
Lleida,N-230,10054,23.8,2780.0,164.0,5.9,N-230 (PK 10.054 a 23.8)
Lleida,N-230,6.45,10054,11099.0,659.0,5.94,N-230 (PK 6.45 a 10.054)
Zamora,A-52,29.0,49.0,10043.0,2242.0,22.32,A-52 (PK 29.0 a 49.0)
Zamora,A-52,49.0,74.4,11686.0,2807.0,24.02,A-52 (PK 49.0 a 74.4)
Lleida,N-260,282.6,308.3,3079.0,143.0,4.64,N-260 (PK 282.6 a 308.3)
Zamora,A-52,4095,15198,10903.0,1661.0,15.23,A-52 (PK 4.095 a 15.198)
Zamora,A-52,15198,29.0,10006.0,2478.0,24.77,A-52 (PK 15.198 a 29.0)
Zamora,A-52,0.0,4095,11516.0,2492.0,21.64,A-52 (PK 0.0 a 4.095)
Lleida,N-260,262224,280.2,1072.0,47.0,4.38,N-260 (PK 262.224 a 280.2)
Lleida,N-260,233.93,262224,1094.0,72.0,6.58,N-260 (PK 233.93 a 262.224)
Valencia,N-332,211.6,213.5,10475.0,1004.0,9.58,N-332 (PK 211.6 a 213.5)
Valencia,N-332,206.8,211.6,10475.0,1004.0,9.58,N-332 (PK 206.8 a 211.6)
Córdoba,A-4R2,0.0,2.64,4636.0,949.0,20.47,A-4R2 (PK 0.0 a 2.64)
Albacete,A-33,65.4,70.5,26088.0,7565.0,29.0,A-33 (PK 65.4 a 70.5)
A Coruña,SC-30,400.55,402.25,3839.0,571.0,14.87,SC-30 (PK 400.55 a 402.25)
Toledo,N-400,51.47,53193,4300.0,197.0,4.58,N-400 (PK 51.47 a 53.193)
Zaragoza,N-330,469.24,471.1,392.0,147.0,37.5,N-330 (PK 469.24 a 471.1)
Sevilla,N-630,798.8,801.35,1751.0,271.0,15.48,N-630 (PK 798.8 a 801.35)
Cádiz,A-4,645.0,645.8,53094.0,2381.0,4.48,A-4 (PK 645.0 a 645.8)
Sevilla,A-49,6.7,10.8,85534.0,6121.0,7.16,A-49 (PK 6.7 a 10.8)
Sevilla,SE-31,0.0,7473,7626.0,1575.0,20.65,SE-31 (PK 0.0 a 7.473)
Badajoz,A-66,670.4,675.0,18292.0,4610.0,25.2,A-66 (PK 670.4 a 675.0)
Badajoz,A-5,324.4,330.4,21373.0,4481.0,20.97,A-5 (PK 324.4 a 330.4)
Badajoz,A-5,316.1,324.4,19810.0,3579.0,18.07,A-5 (PK 316.1 a 324.4)
Cáceres,N-110,403.1,403.5,8071.0,119.0,1.47,N-110 (PK 403.1 a 403.5)
Málaga,A-7,991.0,992.6,30578.0,2425.0,7.93,A-7 (PK 991.0 a 992.6)
Granada,A-44,175.1,181.2,26362.0,1928.0,7.31,A-44 (PK 175.1 a 181.2)
Ciudad Real,A-4,149.3,169.7,22609.0,5326.0,23.56,A-4 (PK 149.3 a 169.7)
Murcia,A-33,54.83,65.4,26088.0,7565.0,29.0,A-33 (PK 54.83 a 65.4)
Alicante/Alacant,A-31,170.3,172.8,24446.0,5278.0,21.59,A-31 (PK 170.3 a 172.8)
Valencia,A-35,22.8,32.0,29551.0,10487.0,35.49,A-35 (PK 22.8 a 32.0)
Valencia,A-3,311.6,318.5,36995.0,7477.0,20.21,A-3 (PK 311.6 a 318.5)
Pontevedra,A-52,302.0,303.3,38223.0,3495.0,9.14,A-52 (PK 302.0 a 303.3)
Ourense,N-120A,99.6,102.5,145.0,22.0,15.17,N-120A (PK 99.6 a 102.5)
A Coruña,A-54,80.2,83.5,9876.0,842.0,8.53,A-54 (PK 80.2 a 83.5)
A Coruña,A-54,76.2,80.2,9315.0,851.0,9.14,A-54 (PK 76.2 a 80.2)
A Coruña,A-54,72.0,76.2,8120.0,781.0,9.62,A-54 (PK 72.0 a 76.2)
Madrid,A-5,14.1,15.4,111561.0,4846.0,4.34,A-5 (PK 14.1 a 15.4)
Madrid,A-42,12.3,14.4,135855.0,5325.0,3.92,A-42 (PK 12.3 a 14.4)
Teruel,N-211A,207.6,214.0,68.0,4.0,5.88,N-211A (PK 207.6 a 214.0)
Zaragoza,A-2,327.0,330.4,48967.0,12840.0,26.22,A-2 (PK 327.0 a 330.4)
Tarragona,A-27,23191,30.1,18062.0,1388.0,7.68,A-27 (PK 23.191 a 30.1)
Tarragona,N-240,31.5,33.2,4573.0,627.0,13.71,N-240 (PK 31.5 a 33.2)
Girona,A-26,64.0,67.2,13746.0,1376.0,10.01,A-26 (PK 64.0 a 67.2)
Cádiz,AP-4,104.2,105.36,39612.0,2529.0,6.38,AP-4 (PK 104.2 a 105.36)
Cádiz,AP-4,101.4,104.2,39612.0,2529.0,6.38,AP-4 (PK 101.4 a 104.2)
Cádiz,AP-4,84.3,101.4,23466.0,2036.0,8.68,AP-4 (PK 84.3 a 101.4)
Cádiz,AP-4,61195,78.0,34093.0,5041.0,14.79,AP-4 (PK 61.195 a 78.0)
Cádiz,AP-4,78.0,84.3,34458.0,4683.0,13.59,AP-4 (PK 78.0 a 84.3)
Sevilla,AP-4,53.0,61195,34093.0,5041.0,14.79,AP-4 (PK 53.0 a 61.195)
Cádiz,AP-7,133.48,136.93,19400.0,2220.0,11.44,AP-7 (PK 133.48 a 136.93)
Málaga,AP-7,136.93,142.3,19400.0,2220.0,11.44,AP-7 (PK 136.93 a 142.3)
Málaga,AP-7,142.3,154.01,19380.0,2214.0,11.42,AP-7 (PK 142.3 a 154.01)
Málaga,AP-7,156.44,171.3,18140.0,1558.0,8.59,AP-7 (PK 156.44 a 171.3)
Málaga,AP-7,171.3,180.54,18442.0,1574.0,8.53,AP-7 (PK 171.3 a 180.54)
Málaga,AP-7,185.58,200.0,26072.0,1704.0,6.54,AP-7 (PK 185.58 a 200.0)
Málaga,AP-7,200.0,212.3,26064.0,1704.0,6.54,AP-7 (PK 200.0 a 212.3)
Málaga,AP-7,212.3,213.0,26064.0,1704.0,6.54,AP-7 (PK 212.3 a 213.0)
Málaga,AP-7,224.8,226.3,135574.0,6703.0,4.94,AP-7 (PK 224.8 a 226.3)
Málaga,AP-7,226.3,229.32,88634.0,2701.0,3.05,AP-7 (PK 226.3 a 229.32)
Sevilla,AP-4,44.4,53.0,34629.0,5028.0,14.52,AP-4 (PK 44.4 a 53.0)
Sevilla,AP-4,22.9,26.7,44543.0,6171.0,13.85,AP-4 (PK 22.9 a 26.7)
Sevilla,AP-4,26.7,44.4,45172.0,6242.0,13.82,AP-4 (PK 26.7 a 44.4)
Sevilla,AP-4,15.4,22.9,46291.0,5160.0,11.15,AP-4 (PK 15.4 a 22.9)
Sevilla,AP-4,13.45,15.4,46291.0,5160.0,11.15,AP-4 (PK 13.45 a 15.4)
Sevilla,AP-4A,12594,15.42,5595.0,278.0,4.97,AP-4A (PK 12.594 a 15.42)
Málaga,AP-46,0.0,23.0,16816.0,2154.0,12.81,AP-46 (PK 0.0 a 23.0)
Toledo,AP-41,43.6,47.6,1632.0,108.0,6.62,AP-41 (PK 43.6 a 47.6)
Toledo,AP-41,34.7,43.6,1372.0,72.0,5.25,AP-41 (PK 34.7 a 43.6)
Toledo,AP-41,16.0,25.3,2152.0,108.0,5.02,AP-41 (PK 16.0 a 25.3)
Toledo,AP-41,28.7,34.7,1296.0,74.0,5.71,AP-41 (PK 28.7 a 34.7)
Toledo,AP-41,25.3,28.7,1432.0,80.0,5.59,AP-41 (PK 25.3 a 28.7)
Toledo,AP-41,10.98,16.0,4485.0,125.0,2.79,AP-41 (PK 10.98 a 16.0)
Madrid,AP-41,8.0,10.98,4485.0,125.0,2.79,AP-41 (PK 8.0 a 10.98)
Madrid,R-5,25026,27.9,9318.0,556.0,5.97,R-5 (PK 25.026 a 27.9)
Madrid,R-5,19.4,25026,9318.0,556.0,5.97,R-5 (PK 19.4 a 25.026)
Madrid,AP-41,2.3,8.0,4562.0,137.0,3.0,AP-41 (PK 2.3 a 8.0)
Toledo,R-4,29.0,30.45,7104.0,526.0,7.4,R-4 (PK 29.0 a 30.45)
Toledo,R-4,37.28,38.4,7104.0,526.0,7.4,R-4 (PK 37.28 a 38.4)
Toledo,R-4,38.4,45.6,7104.0,526.0,7.4,R-4 (PK 38.4 a 45.6)
Madrid,R-4,31.8,37.28,7104.0,526.0,7.4,R-4 (PK 31.8 a 37.28)
Madrid,R-4,30.45,31.8,7104.0,526.0,7.4,R-4 (PK 30.45 a 31.8)
Toledo,R-4,45.6,52.73,7104.0,526.0,7.4,R-4 (PK 45.6 a 52.73)
Toledo,AP-36,0.0,2.1,3764.0,382.0,10.15,AP-36 (PK 0.0 a 2.1)
Toledo,AP-36,2.1,28.7,4412.0,432.0,9.79,AP-36 (PK 2.1 a 28.7)
Toledo,R-4,21.8,29.0,7104.0,526.0,7.4,R-4 (PK 21.8 a 29.0)
Toledo,R-4,18.0,21.8,7104.0,526.0,7.4,R-4 (PK 18.0 a 21.8)
Madrid,R-4,11.8,18.0,7104.0,526.0,7.4,R-4 (PK 11.8 a 18.0)
Madrid,R-4,3.6,11.8,10072.0,704.0,6.99,R-4 (PK 3.6 a 11.8)
Madrid,R-4,0.0,1.8,10072.0,704.0,6.99,R-4 (PK 0.0 a 1.8)
Madrid,R-4,1.8,3.6,10072.0,704.0,6.99,R-4 (PK 1.8 a 3.6)
Almería,AP-7,901.4,914.2,2272.0,380.0,16.73,AP-7 (PK 901.4 a 914.2)
Almería,AP-7,889.9,901.4,2348.0,416.0,17.72,AP-7 (PK 889.9 a 901.4)
Almería,AP-7,885.8,889.9,2800.0,552.0,19.71,AP-7 (PK 885.8 a 889.9)
Murcia,AP-7,865.5,877.6,3308.0,660.0,19.95,AP-7 (PK 865.5 a 877.6)
Murcia,AP-7,877.6,885.8,2800.0,552.0,19.71,AP-7 (PK 877.6 a 885.8)
Murcia,AP-7,856.8,865.5,4524.0,762.0,16.84,AP-7 (PK 856.8 a 865.5)
Murcia,AP-7,829.1,844.6,4130.0,484.0,11.72,AP-7 (PK 829.1 a 844.6)
Murcia,AP-7,844.6,856.8,4108.0,668.0,16.26,AP-7 (PK 844.6 a 856.8)
Murcia,AP-7,815103,829.1,4048.0,450.0,11.12,AP-7 (PK 815.103 a 829.1)
Murcia,AP-7,814.1,815103,13084.0,906.0,6.92,AP-7 (PK 814.1 a 815.103)
Murcia,AP-7,811.8,814.1,13084.0,906.0,6.92,AP-7 (PK 811.8 a 814.1)
Murcia,AP-7,805.0,809.6,16884.0,1328.0,7.87,AP-7 (PK 805.0 a 809.6)
Murcia,AP-7,809.6,811.8,16154.0,896.0,5.55,AP-7 (PK 809.6 a 811.8)
Murcia,AP-7R,799.79,800.9,34896.0,1800.0,5.16,AP-7R (PK 799.79 a 800.9)
Murcia,AP-7R,800.9,802.11,34896.0,1800.0,5.16,AP-7R (PK 800.9 a 802.11)
Murcia,AP-7,796.7,799.8,23596.0,1938.0,8.21,AP-7 (PK 796.7 a 799.8)
Murcia,AP-7,799.8,805.0,15820.0,1166.0,7.37,AP-7 (PK 799.8 a 805.0)
Murcia,AP-7,794.6,796.7,24632.0,2104.0,8.54,AP-7 (PK 794.6 a 796.7)
Murcia,AP-7,790.5,794.6,26624.0,2072.0,7.78,AP-7 (PK 790.5 a 794.6)
Murcia,AP-7,786.3,790.5,30000.0,1820.0,6.07,AP-7 (PK 786.3 a 790.5)
Murcia,AP-7,783.9,786.3,31770.0,2016.0,6.35,AP-7 (PK 783.9 a 786.3)
Murcia,AP-7,781.7,783.9,34120.0,2268.0,6.65,AP-7 (PK 781.7 a 783.9)
Murcia,AP-7,780.7,781.7,35892.0,2800.0,7.8,AP-7 (PK 780.7 a 781.7)
Murcia,AP-7,778.0,780.7,36396.0,3256.0,8.95,AP-7 (PK 778.0 a 780.7)
Murcia,AP-7,775.2,778.0,35192.0,3408.0,9.68,AP-7 (PK 775.2 a 778.0)
Murcia,AP-7,774.35,775.2,34104.0,3244.0,9.51,AP-7 (PK 774.35 a 775.2)
Alicante/Alacant,AP-7,773.6,774.35,27448.0,2922.0,10.65,AP-7 (PK 773.6 a 774.35)
Alicante/Alacant,AP-7,770.2,773.6,27448.0,2922.0,10.65,AP-7 (PK 770.2 a 773.6)
Alicante/Alacant,AP-7,768.2,770.2,25072.0,1976.0,7.88,AP-7 (PK 768.2 a 770.2)
Alicante/Alacant,AP-7,763.7,768.2,7768.0,1120.0,14.42,AP-7 (PK 763.7 a 768.2)
Alicante/Alacant,AP-7,758.3,763.7,9602.0,1152.0,12.0,AP-7 (PK 758.3 a 763.7)
Alicante/Alacant,AP-7,754.3,758.3,7924.0,1200.0,15.14,AP-7 (PK 754.3 a 758.3)
Alicante/Alacant,AP-7,751.3,754.3,7650.0,904.0,11.82,AP-7 (PK 751.3 a 754.3)
Alicante/Alacant,AP-7,745.3,751.3,13302.0,1456.0,10.95,AP-7 (PK 745.3 a 751.3)
Alicante/Alacant,AP-7,742.9,745.3,32876.0,3832.0,11.66,AP-7 (PK 742.9 a 745.3)
Alicante/Alacant,AP-7,740.6,742.9,34602.0,4484.0,12.96,AP-7 (PK 740.6 a 742.9)
Alicante/Alacant,AP-7,733.2,737.7,37176.0,4180.0,11.24,AP-7 (PK 733.2 a 737.7)
Alicante/Alacant,AP-7,737.7,740.6,35304.0,4878.0,13.82,AP-7 (PK 737.7 a 740.6)
Alicante/Alacant,AP-7,730.4,733.2,34544.0,3872.0,11.21,AP-7 (PK 730.4 a 733.2)
Alicante/Alacant,AP-7,724.0,730.4,29240.0,3464.0,11.85,AP-7 (PK 724.0 a 730.4)
Alicante/Alacant,AP-7,703.8,707.61,10312.0,612.0,5.93,AP-7 (PK 703.8 a 707.61)
Alicante/Alacant,AP-7,690.7,703.8,10312.0,612.0,5.93,AP-7 (PK 690.7 a 703.8)
Alicante/Alacant,AP-7,681.2,690.7,14014.0,742.0,5.29,AP-7 (PK 681.2 a 690.7)
Alicante/Alacant,AP-7,673.38,676.3,11174.0,594.0,5.32,AP-7 (PK 673.38 a 676.3)
Alicante/Alacant,AP-7,676.3,681.2,10934.0,588.0,5.38,AP-7 (PK 676.3 a 681.2)
Alicante/Alacant,AP-7,657.6,673.38,48825.0,4122.0,8.44,AP-7 (PK 657.6 a 673.38)
Alicante/Alacant,AP-7,651.7,657.6,46773.0,3940.0,8.42,AP-7 (PK 651.7 a 657.6)
Alicante/Alacant,AP-7,647.6,651.7,38313.0,3258.0,8.5,AP-7 (PK 647.6 a 651.7)
Cuenca,AP-36,129.1,134.3,10280.0,1844.0,17.94,AP-36 (PK 129.1 a 134.3)
Cuenca,AP-36,134.3,143.91,10280.0,1844.0,17.94,AP-36 (PK 134.3 a 143.91)
Cuenca,AP-36,121.4,129.1,10280.0,1844.0,17.94,AP-36 (PK 121.4 a 129.1)
Albacete,AP-36,143.91,146757,10280.0,1844.0,17.94,AP-36 (PK 143.91 a 146.757)
Toledo,AP-36,28.7,52.0,4248.0,424.0,9.98,AP-36 (PK 28.7 a 52.0)
Cuenca,AP-36,73.2,93.6,3826.0,410.0,10.72,AP-36 (PK 73.2 a 93.6)
Toledo,AP-36,52.0,72.19,3760.0,398.0,10.59,AP-36 (PK 52.0 a 72.19)
Cuenca,AP-36,72.19,73.2,3760.0,398.0,10.59,AP-36 (PK 72.19 a 73.2)
Cuenca,AP-36,93.6,121.4,3968.0,440.0,11.09,AP-36 (PK 93.6 a 121.4)
Alicante/Alacant,AP-7,637.8,647.6,36092.0,3050.0,8.45,AP-7 (PK 637.8 a 647.6)
Alicante/Alacant,AP-7,600.7,608.0,32136.0,2578.0,8.02,AP-7 (PK 600.7 a 608.0)
Valencia,AP-7,587.5,600.7,36666.0,3044.0,8.3,AP-7 (PK 587.5 a 600.7)
Valencia,AP-7,526.78,527.5,59626.0,14009.0,23.49,AP-7 (PK 526.78 a 527.5)
Valencia,AP-7,527.5,531.8,59626.0,14009.0,23.49,AP-7 (PK 527.5 a 531.8)
Valencia,AP-7,572.0,587.5,28238.0,2382.0,8.44,AP-7 (PK 572.0 a 587.5)
Valencia,AP-7,543.8,557.5,35989.0,3333.0,9.26,AP-7 (PK 543.8 a 557.5)
Valencia,AP-7,557.5,572.0,36648.0,3461.0,9.44,AP-7 (PK 557.5 a 572.0)
Valencia,AP-7,534.4,543.8,38472.0,3768.0,9.79,AP-7 (PK 534.4 a 543.8)
Valencia,AP-7,531.8,534.4,61604.0,5595.0,9.08,AP-7 (PK 531.8 a 534.4)
Valencia,A-7,302.2,306.6,86905.0,22208.0,25.55,A-7 (PK 302.2 a 306.6)
Valencia,A-7,298.4,302.2,72038.0,17057.0,23.68,A-7 (PK 298.4 a 302.2)
Valencia,AP-7,465.47,471.35,41674.0,11495.0,27.58,AP-7 (PK 465.47 a 471.35)
Castellón,AP-7,454.6,465.47,41674.0,11495.0,27.58,AP-7 (PK 454.6 a 465.47)
Castellón,AP-7,444.3,454.6,43429.0,11795.0,27.16,AP-7 (PK 444.3 a 454.6)
Castellón,AP-7,433.4,444.3,39265.0,10963.0,27.92,AP-7 (PK 433.4 a 444.3)
Castellón,AP-7,425.5,433.4,33488.0,10811.0,32.28,AP-7 (PK 425.5 a 433.4)
Pontevedra,AP-9,168.1,177.86,6364.0,548.0,8.61,AP-9 (PK 168.1 a 177.86)
Pontevedra,AP-9,160.7,168.1,6804.0,596.0,8.76,AP-9 (PK 160.7 a 168.1)
Pontevedra,AP-9,159.3,160.7,12150.0,1246.0,10.26,AP-9 (PK 159.3 a 160.7)
Pontevedra,AP-9V,3.6,5.02,56476.0,2728.0,4.83,AP-9V (PK 3.6 a 5.02)
Pontevedra,AP-9V,2.3,3.6,56476.0,2728.0,4.83,AP-9V (PK 2.3 a 3.6)
Pontevedra,AP-9,157.69,159.3,49724.0,4940.0,9.93,AP-9 (PK 157.69 a 159.3)
Pontevedra,AP-9V,0.0,2.3,56476.0,2728.0,4.83,AP-9V (PK 0.0 a 2.3)
Pontevedra,AP-9,151.1,157.69,44580.0,4848.0,10.87,AP-9 (PK 151.1 a 157.69)
Pontevedra,AP-9,149.2,151.1,69120.0,4926.0,7.13,AP-9 (PK 149.2 a 151.1)
Pontevedra,AP-9,146.3,149.2,61386.0,4436.0,7.23,AP-9 (PK 146.3 a 149.2)
Pontevedra,AP-9,132.2,137.6,33968.0,2836.0,8.35,AP-9 (PK 132.2 a 137.6)
Pontevedra,AP-9,137.6,146.3,32448.0,2688.0,8.28,AP-9 (PK 137.6 a 146.3)
Pontevedra,AP-9,128.8,132.2,50598.0,5082.0,10.04,AP-9 (PK 128.8 a 132.2)
Pontevedra,AP-9,119.2,128.8,27444.0,2658.0,9.69,AP-9 (PK 119.2 a 128.8)
Pontevedra,AP-9,114.1,119.2,23368.0,2324.0,9.95,AP-9 (PK 114.1 a 119.2)
Pontevedra,AP-9,109.7,114.1,23368.0,2324.0,9.95,AP-9 (PK 109.7 a 114.1)
Pontevedra,AP-9,104.65,109.7,25090.0,2568.0,10.24,AP-9 (PK 104.65 a 109.7)
Pontevedra,AP-9,94.6,104.65,21864.0,2208.0,10.1,AP-9 (PK 94.6 a 104.65)
A Coruña,AP-9,92.8,94.6,21864.0,2208.0,10.1,AP-9 (PK 92.8 a 94.6)
A Coruña,AP-53,14.8,17.9,6672.0,412.0,6.18,AP-53 (PK 14.8 a 17.9)
Pontevedra,AP-53,17.9,24.4,6672.0,412.0,6.18,AP-53 (PK 17.9 a 24.4)
A Coruña,AP-9,80.8,92.8,27228.0,2564.0,9.42,AP-9 (PK 80.8 a 92.8)
A Coruña,AP-9,74.7,80.8,27228.0,2564.0,9.42,AP-9 (PK 74.7 a 80.8)
A Coruña,AP-53,2.0,14.8,19888.0,842.0,4.23,AP-53 (PK 2.0 a 14.8)
A Coruña,AP-53,0.0,2.0,6900.0,420.0,6.09,AP-53 (PK 0.0 a 2.0)
A Coruña,AP-9,71.7,74.7,41282.0,4282.0,10.37,AP-9 (PK 71.7 a 74.7)
A Coruña,AP-9,67.0,71.7,43736.0,5026.0,11.49,AP-9 (PK 67.0 a 71.7)
A Coruña,AP-9,55.3,67.0,18482.0,1576.0,8.53,AP-9 (PK 55.3 a 67.0)
A Coruña,AP-9,2.5,7814,48168.0,2252.0,4.68,AP-9 (PK 2.5 a 7.814)
Pontevedra,AP-53,27.5,33.4,6550.0,420.0,6.41,AP-53 (PK 27.5 a 33.4)
Pontevedra,AP-53,24.4,27.5,6550.0,420.0,6.41,AP-53 (PK 24.4 a 27.5)
Pontevedra,AP-53,33.4,41.7,5452.0,368.0,6.75,AP-53 (PK 33.4 a 41.7)
Pontevedra,AP-53,49.9,56.6,8348.0,840.0,10.06,AP-53 (PK 49.9 a 56.6)
Pontevedra,AP-53,46.5,49.9,6612.0,508.0,7.68,AP-53 (PK 46.5 a 49.9)
Pontevedra,AP-53,41.7,46.5,6958.0,400.0,5.75,AP-53 (PK 41.7 a 46.5)
A Coruña,AP-9,41.1,55.3,19952.0,1686.0,8.45,AP-9 (PK 41.1 a 55.3)
A Coruña,AP-9,13.8,16.4,26068.0,2156.0,8.27,AP-9 (PK 13.8 a 16.4)
A Coruña,AP-9F,0.0,1245,24384.0,1276.0,5.23,AP-9F (PK 0.0 a 1.245)
A Coruña,AP-9F,1245,2.7,24384.0,1276.0,5.23,AP-9F (PK 1.245 a 2.7)
A Coruña,AP-9,12.1,13.8,19310.0,1400.0,7.25,AP-9 (PK 12.1 a 13.8)
A Coruña,AP-9,16.4,41.1,19202.0,1514.0,7.88,AP-9 (PK 16.4 a 41.1)
A Coruña,AP-9F,2.7,3.1,24384.0,1276.0,5.23,AP-9F (PK 2.7 a 3.1)
A Coruña,AP-9F,3.1,12.2,20538.0,1164.0,5.67,AP-9F (PK 3.1 a 12.2)
A Coruña,AP-9,7814,12.1,36872.0,1918.0,5.2,AP-9 (PK 7.814 a 12.1)
A Coruña,AP-9F,12.2,21.2,18692.0,1076.0,5.76,AP-9F (PK 12.2 a 21.2)
A Coruña,AP-9F,34.0,36.2,31116.0,2462.0,7.91,AP-9F (PK 34.0 a 36.2)
A Coruña,AP-9F,21.2,26.9,16876.0,920.0,5.45,AP-9F (PK 21.2 a 26.9)
A Coruña,AP-9F,26.9,31.3,25514.0,1962.0,7.69,AP-9F (PK 26.9 a 31.3)
A Coruña,AP-9F,32.6,34.0,31116.0,2462.0,7.91,AP-9F (PK 32.6 a 34.0)
A Coruña,AP-9F,31.3,32.6,25514.0,1962.0,7.69,AP-9F (PK 31.3 a 32.6)
Ávila,AP-51,103.0,104.9,17142.0,1400.0,8.17,AP-51 (PK 103.0 a 104.9)
Ávila,AP-51,85.11,103.0,8226.0,594.0,7.22,AP-51 (PK 85.11 a 103.0)
Segovia,AP-51,82.23,85.11,8226.0,594.0,7.22,AP-51 (PK 82.23 a 85.11)
Segovia,AP-51,80.83,82.23,8226.0,594.0,7.22,AP-51 (PK 80.83 a 82.23)
Segovia,AP-6,81.0,88.03,16088.0,2024.0,12.58,AP-6 (PK 81.0 a 88.03)
Segovia,AP-6,92.28,96.1,16088.0,2024.0,12.58,AP-6 (PK 92.28 a 96.1)
Ávila,AP-6,96.1,102.2,16176.0,2040.0,12.61,AP-6 (PK 96.1 a 102.2)
Ávila,AP-6,88.03,92.28,16176.0,2040.0,12.61,AP-6 (PK 88.03 a 92.28)
Segovia,AP-6,61.3,81.0,26008.0,3958.0,15.22,AP-6 (PK 61.3 a 81.0)
Segovia,AP-61,61.0,68.3,8596.0,800.0,9.31,AP-61 (PK 61.0 a 68.3)
Segovia,AP-61,68.3,73.7,7820.0,704.0,9.0,AP-61 (PK 68.3 a 73.7)
Ávila,AP-6,102.2,107.7,15404.0,1940.0,12.59,AP-6 (PK 102.2 a 107.7)
Ávila,AP-6,107.7,109.6,11332.0,1520.0,13.41,AP-6 (PK 107.7 a 109.6)
Madrid,R-5,27.9,31.63,9318.0,556.0,5.97,R-5 (PK 27.9 a 31.63)
Madrid,AP-41,0.0,2.3,4562.0,137.0,3.0,AP-41 (PK 0.0 a 2.3)
Madrid,R-5,15.9,19.4,9318.0,556.0,5.97,R-5 (PK 15.9 a 19.4)
Madrid,R-5,10.2,15.9,9318.0,556.0,5.97,R-5 (PK 10.2 a 15.9)
Madrid,M-50,58.4,60.9,98700.0,9266.0,9.39,M-50 (PK 58.4 a 60.9)
Madrid,M-50,56.8,58.4,98700.0,9266.0,9.39,M-50 (PK 56.8 a 58.4)
Madrid,M-50,55.1,56.8,98700.0,9266.0,9.39,M-50 (PK 55.1 a 56.8)
Madrid,M-50,63.3,64.9,98700.0,9266.0,9.39,M-50 (PK 63.3 a 64.9)
Madrid,M-50,60.9,63.3,98700.0,9266.0,9.39,M-50 (PK 60.9 a 63.3)
Madrid,M-50,64.9,66163,98700.0,9266.0,9.39,M-50 (PK 64.9 a 66.163)
Madrid,M-50,66163,69.0,70932.0,6606.0,9.31,M-50 (PK 66.163 a 69.0)
Madrid,R-5,7.9,10.2,9318.0,556.0,5.97,R-5 (PK 7.9 a 10.2)
Madrid,M-50,69.0,71.2,92314.0,9272.0,10.04,M-50 (PK 69.0 a 71.2)
Madrid,M-50,71.2,75.1,70932.0,6606.0,9.31,M-50 (PK 71.2 a 75.1)
Madrid,M-50,75.1,77.03,70932.0,6606.0,9.31,M-50 (PK 75.1 a 77.03)
Madrid,M-50,77.03,79.5,79300.0,7200.0,9.08,M-50 (PK 77.03 a 79.5)
Madrid,AP-6,47.2,51.7,37608.0,5060.0,13.45,AP-6 (PK 47.2 a 51.7)
Madrid,AP-6,41.6,47.2,37336.0,4988.0,13.36,AP-6 (PK 41.6 a 47.2)
Madrid,AP-6,39.56,41.6,37336.0,4988.0,13.36,AP-6 (PK 39.56 a 41.6)
Madrid,M-50,79.5,81.7,123222.0,8686.0,7.05,M-50 (PK 79.5 a 81.7)
Madrid,M-50,81.7,85.44,123222.0,8686.0,7.05,M-50 (PK 81.7 a 85.44)
Madrid,M-50,50.2,55.1,80150.0,11694.0,14.59,M-50 (PK 50.2 a 55.1)
Madrid,M-50,47.8,50.2,123016.0,26568.0,21.6,M-50 (PK 47.8 a 50.2)
Madrid,M-50,44.5,47.8,128886.0,36360.0,28.21,M-50 (PK 44.5 a 47.8)
Madrid,R-5,333,1.9,14880.0,472.0,3.17,R-5 (PK 0.333 a 1.9)
Madrid,R-5,0.0,333,14880.0,472.0,3.17,R-5 (PK 0.0 a 0.333)
Madrid,R-5,1.9,7.9,14880.0,472.0,3.17,R-5 (PK 1.9 a 7.9)
Madrid,M-50,40.7,44.5,109030.0,18380.0,16.86,M-50 (PK 40.7 a 44.5)
Madrid,M-50,36.8,40.7,109030.0,18380.0,16.86,M-50 (PK 36.8 a 40.7)
Madrid,R-3,0.0,3.4,16297.0,482.0,2.96,R-3 (PK 0.0 a 3.4)
Madrid,R-3,3.4,7.3,16297.0,482.0,2.96,R-3 (PK 3.4 a 7.3)
Madrid,M-12,0.0,2.55,6676.0,344.0,5.15,M-12 (PK 0.0 a 2.55)
Madrid,M-12,2.55,3.55,13697.0,399.0,2.91,M-12 (PK 2.55 a 3.55)
Madrid,M-50,30.6,36.8,96584.0,16656.0,17.25,M-50 (PK 30.6 a 36.8)
Madrid,R-3,20.2,29.49,8176.0,732.0,8.95,R-3 (PK 20.2 a 29.49)
Madrid,R-3,7.3,11.8,8176.0,732.0,8.95,R-3 (PK 7.3 a 11.8)
Madrid,M-50,25.6,30.6,70828.0,12214.0,17.24,M-50 (PK 25.6 a 30.6)
Madrid,R-3,11.8,20.2,8176.0,732.0,8.95,R-3 (PK 11.8 a 20.2)
Madrid,M-50,22.8,25.6,70828.0,12214.0,17.24,M-50 (PK 22.8 a 25.6)
Madrid,M-50,18.6,20.2,40210.0,6338.0,15.76,M-50 (PK 18.6 a 20.2)
Madrid,M-50,20.2,22.8,40210.0,6338.0,15.76,M-50 (PK 20.2 a 22.8)
Madrid,M-50,15.8,18.6,40210.0,6338.0,15.76,M-50 (PK 15.8 a 18.6)
Madrid,R-2,0.0,3.8,8440.0,280.0,3.32,R-2 (PK 0.0 a 3.8)
Madrid,M-12,3.55,4875,55616.0,2530.0,4.55,M-12 (PK 3.55 a 4.875)
Madrid,M-12,4875,6.45,55616.0,2530.0,4.55,M-12 (PK 4.875 a 6.45)
Madrid,R-2,3.8,6.1,9508.0,472.0,4.96,R-2 (PK 3.8 a 6.1)
Madrid,M-12,6.45,6909,27483.0,556.0,2.02,M-12 (PK 6.45 a 6.909)
Madrid,M-12,6909,8.2,23197.0,487.0,2.1,M-12 (PK 6.909 a 8.2)
Madrid,R-2,6.1,8.6,5546.0,384.0,6.92,R-2 (PK 6.1 a 8.6)
Madrid,M-12,8.2,10.5,8510.0,251.0,2.95,M-12 (PK 8.2 a 10.5)
Madrid,R-2,8.6,10.52,5546.0,384.0,6.92,R-2 (PK 8.6 a 10.52)
Madrid,M-50,2.5,4.03,39162.0,4156.0,10.61,M-50 (PK 2.5 a 4.03)
Madrid,M-50,0.0,2.5,39162.0,4156.0,10.61,M-50 (PK 0.0 a 2.5)
Madrid,M-50,13.8,15.8,37200.0,5752.0,15.46,M-50 (PK 13.8 a 15.8)
Madrid,M-50,11268,13.8,37200.0,5752.0,15.46,M-50 (PK 11.268 a 13.8)
Madrid,M-50,9.6,11268,35020.0,5460.0,15.59,M-50 (PK 9.6 a 11.268)
Madrid,R-2,15.57,24.4,13092.0,1708.0,13.05,R-2 (PK 15.57 a 24.4)
Madrid,M-50,9.2,9.6,35020.0,5460.0,15.59,M-50 (PK 9.2 a 9.6)
Madrid,M-50,4.03,5.2,45738.0,6504.0,14.22,M-50 (PK 4.03 a 5.2)
Madrid,M-50,5.2,9.2,45700.0,6504.0,14.23,M-50 (PK 5.2 a 9.2)
Madrid,R-2,24.4,33.3,10476.0,1616.0,15.43,R-2 (PK 24.4 a 33.3)
Segovia,AP-6,60.1,61.3,34604.0,4758.0,13.75,AP-6 (PK 60.1 a 61.3)
Madrid,AP-6,51.7,54.8,37608.0,5060.0,13.45,AP-6 (PK 51.7 a 54.8)
Segovia,AP-6,54.8,60.1,37608.0,5060.0,13.45,AP-6 (PK 54.8 a 60.1)
Segovia,AP-61,73.7,86.0,7542.0,682.0,9.04,AP-61 (PK 73.7 a 86.0)
Segovia,AP-61,86.0,87.7,22556.0,2324.0,10.3,AP-61 (PK 86.0 a 87.7)
Segovia,AP-61,87.7,88.6,22556.0,2324.0,10.3,AP-61 (PK 87.7 a 88.6)
León,AP-71,36.6,38.0,9898.0,1404.0,14.18,AP-71 (PK 36.6 a 38.0)
León,AP-71,34.2,36.6,9898.0,1404.0,14.18,AP-71 (PK 34.2 a 36.6)
León,AP-71,23.3,34.2,4360.0,618.0,14.17,AP-71 (PK 23.3 a 34.2)
León,AP-71,9.5,23.3,5208.0,648.0,12.44,AP-71 (PK 9.5 a 23.3)
León,AP-71,0.0,9.5,6080.0,696.0,11.45,AP-71 (PK 0.0 a 9.5)
León,AP-66,141.4,143.1,7824.0,1276.0,16.31,AP-66 (PK 141.4 a 143.1)
León,AP-66,112.5,141.4,7824.0,1276.0,16.31,AP-66 (PK 112.5 a 141.4)
León,AP-66,92.3,112.5,8952.0,1328.0,14.83,AP-66 (PK 92.3 a 112.5)
León,AP-66,83.9,92.3,9148.0,1324.0,14.47,AP-66 (PK 83.9 a 92.3)
Asturias,AP-66,65.0,83.9,9148.0,1324.0,14.47,AP-66 (PK 65.0 a 83.9)
Burgos,AP-1,1.65,7.4,28700.0,8189.0,28.53,AP-1 (PK 1.65 a 7.4)
Burgos,AP-1,7.4,36.8,32199.0,9147.0,28.41,AP-1 (PK 7.4 a 36.8)
Madrid,R-2,33.3,38.1,6612.0,1268.0,19.18,R-2 (PK 33.3 a 38.1)
Guadalajara,R-2,38.1,43.9,6612.0,1268.0,19.18,R-2 (PK 38.1 a 43.9)
Guadalajara,R-2,43.9,54.1,4132.0,848.0,20.52,R-2 (PK 43.9 a 54.1)
Guadalajara,R-2,54.1,59.7,3840.0,760.0,19.79,R-2 (PK 54.1 a 59.7)
Guadalajara,R-2,59.7,61.7,3840.0,760.0,19.79,R-2 (PK 59.7 a 61.7)
Zaragoza,AP-68,237.0,249.1,11668.0,2004.0,17.18,AP-68 (PK 237.0 a 249.1)
Zaragoza,AP-68,249.1,272.0,11976.0,1890.0,15.78,AP-68 (PK 249.1 a 272.0)
Zaragoza,AP-68,291.83,295.2,48664.0,8380.0,17.22,AP-68 (PK 291.83 a 295.2)
Zaragoza,AP-68,272.0,274.5,11394.0,1748.0,15.34,AP-68 (PK 272.0 a 274.5)
Zaragoza,AP-68,274.5,291.83,12604.0,1890.0,15.0,AP-68 (PK 274.5 a 291.83)
Huesca,AP-2,70.7,113.9,22746.0,9080.0,39.92,AP-2 (PK 70.7 a 113.9)
Zaragoza,AP-2,18126,22.9,29839.0,10298.0,34.51,AP-2 (PK 18.126 a 22.9)
Zaragoza,AP-2,22.9,42.7,24947.0,9397.0,37.67,AP-2 (PK 22.9 a 42.7)
Zaragoza,AP-2,42.7,66.7,24987.0,9517.0,38.09,AP-2 (PK 42.7 a 66.7)
Zaragoza,AP-2,66.7,70.7,22746.0,9080.0,39.92,AP-2 (PK 66.7 a 70.7)
Burgos,AP-1,36.8,57.8,30900.0,8742.0,28.29,AP-1 (PK 36.8 a 57.8)
Burgos,AP-1,57.8,66.4,28485.0,8624.0,30.28,AP-1 (PK 57.8 a 66.4)
Burgos,AP-1,66.4,74.0,29196.0,9026.0,30.92,AP-1 (PK 66.4 a 74.0)
Burgos,AP-1,74.0,77.2,27759.0,8852.0,31.89,AP-1 (PK 74.0 a 77.2)
La Rioja,AP-68,87.0,110165,12952.0,3098.0,23.92,AP-68 (PK 87.0 a 110.165)
La Rioja,AP-68,118.1,126.9,13782.0,3474.0,25.21,AP-68 (PK 118.1 a 126.9)
La Rioja,AP-68,110165,118.1,13390.0,3172.0,23.69,AP-68 (PK 110.165 a 118.1)
La Rioja,AP-68,77.96,87.0,10436.0,2800.0,26.83,AP-68 (PK 77.96 a 87.0)
Burgos,AP-68,77597,77.96,10436.0,2800.0,26.83,AP-68 (PK 77.597 a 77.96)
Navarra,AP-68,208.3,219.0,13184.0,3152.0,23.91,AP-68 (PK 208.3 a 219.0)
Navarra,AP-68,201.85,202.1,11464.0,3584.0,31.26,AP-68 (PK 201.85 a 202.1)
Navarra,AP-68,202.1,208.3,10214.0,3296.0,32.27,AP-68 (PK 202.1 a 208.3)
La Rioja,AP-68,166.48,174.6,15380.0,3956.0,25.72,AP-68 (PK 166.48 a 174.6)
La Rioja,AP-68,174.6,201.85,11464.0,3584.0,31.26,AP-68 (PK 174.6 a 201.85)
La Rioja,AP-68,126.9,138.3,16604.0,4196.0,25.27,AP-68 (PK 126.9 a 138.3)
La Rioja,AP-68,138.3,143.0,11164.0,3196.0,28.63,AP-68 (PK 138.3 a 143.0)
La Rioja,AP-68,143.0,162.53,14462.0,3848.0,26.61,AP-68 (PK 143.0 a 162.53)
Navarra,AP-68,164.2,166.48,15380.0,3956.0,25.72,AP-68 (PK 164.2 a 166.48)
Navarra,AP-68,162.53,164.2,14462.0,3848.0,26.61,AP-68 (PK 162.53 a 164.2)
Navarra,AP-68,219.0,237.0,11668.0,2004.0,17.18,AP-68 (PK 219.0 a 237.0)
